time_s,grid_voltage_pu,grid_available,p_load_w,p_cmd_w,p_target_w,p_sst_w,p_input_w,p_loss_w,e_dc_j,v_dc_v,voltage_error_v,controller_integral_v_s,temperature_c,operating_state,derate_factor,trip_active,trip_reason
0.0,1.0,True,300000.0,300000.0,300000.0,300000.0,309278.3505154639,9278.350515463913,6400.0,800.0,0.0,0.0,25.0,RUNNING,1.0,False,
0.0001,1.0,True,300000.0,300000.0,300000.0,300000.0,309278.3505154639,9278.350515463913,6400.0,800.0,0.0,0.0,25.000309278350514,RUNNING,1.0,False,
0.0002,1.0,True,300000.0,300000.0,300000.0,300000.0,309278.3505154639,9278.350515463913,6400.0,800.0,0.0,0.0,25.0006185556701,RUNNING,1.0,False,
0.00030000000000000003,1.0,True,300000.0,300000.0,300000.0,300000.0,309278.3505154639,9278.350515463913,6400.0,800.0,0.0,0.0,25.000927831958766,RUNNING,1.0,False,
0.0004,1.0,True,300000.0,300000.0,300000.0,300000.0,309278.3505154639,9278.350515463913,6400.0,800.0,0.0,0.0,25.001237107216507,RUNNING,1.0,False,
0.0005,1.0,True,300000.0,300000.0,300000.0,300000.0,309278.3505154639,9278.350515463913,6400.0,800.0,0.0,0.0,25.001546381443333,RUNNING,1.0,False,
0.0006000000000000001,1.0,True,300000.0,300000.0,300000.0,300000.0,309278.3505154639,9278.350515463913,6400.0,800.0,0.0,0.0,25.001855654639243,RUNNING,1.0,False,
0.0007,1.0,True,300000.0,300000.0,300000.0,300000.0,309278.3505154639,9278.350515463913,6400.0,800.0,0.0,0.0,25.002164926804245,RUNNING,1.0,False,
0.0008,1.0,True,300000.0,300000.0,300000.0,300000.0,309278.3505154639,9278.350515463913,6400.0,800.0,0.0,0.0,25.002474197938337,RUNNING,1.0,False,
0.0009000000000000001,1.0,True,300000.0,300000.0,300000.0,300000.0,309278.3505154639,9278.350515463913,6400.0,800.0,0.0,0.0,25.002783468041525,RUNNING,1.0,False,
0.001,1.0,True,300000.0,300000.0,300000.0,300000.0,309278.3505154639,9278.350515463913,6400.0,800.0,0.0,0.0,25.003092737113814,RUNNING,1.0,False,
0.0011,1.0,True,300000.0,300000.0,300000.0,300000.0,309278.3505154639,9278.350515463913,6400.0,800.0,0.0,0.0,25.003402005155206,RUNNING,1.0,False,
0.0012000000000000001,1.0,True,300000.0,300000.0,300000.0,300000.0,309278.3505154639,9278.350515463913,6400.0,800.0,0.0,0.0,25.003711272165702,RUNNING,1.0,False,
0.0013000000000000002,1.0,True,300000.0,300000.0,300000.0,300000.0,309278.3505154639,9278.350515463913,6400.0,800.0,0.0,0.0,25.004020538145312,RUNNING,1.0,False,
0.0014,1.0,True,300000.0,300000.0,300000.0,300000.0,309278.3505154639,9278.350515463913,6400.0,800.0,0.0,0.0,25.004329803094034,RUNNING,1.0,False,
0.0015,1.0,True,300000.0,300000.0,300000.0,300000.0,309278.3505154639,9278.350515463913,6400.0,800.0,0.0,0.0,25.004639067011873,RUNNING,1.0,False,
0.0016,1.0,True,300000.0,300000.0,300000.0,300000.0,309278.3505154639,9278.350515463913,6400.0,800.0,0.0,0.0,25.00494832989883,RUNNING,1.0,False,
0.0017000000000000001,1.0,True,300000.0,300000.0,300000.0,300000.0,309278.3505154639,9278.350515463913,6400.0,800.0,0.0,0.0,25.005257591754912,RUNNING,1.0,False,
0.0018000000000000002,1.0,True,300000.0,300000.0,300000.0,300000.0,309278.3505154639,9278.350515463913,6400.0,800.0,0.0,0.0,25.00556685258012,RUNNING,1.0,False,
0.0019,1.0,True,300000.0,300000.0,300000.0,300000.0,309278.3505154639,9278.350515463913,6400.0,800.0,0.0,0.0,25.00587611237446,RUNNING,1.0,False,
0.002,1.0,True,300000.0,300000.0,300000.0,300000.0,309278.3505154639,9278.350515463913,6400.0,800.0,0.0,0.0,25.00618537113793,RUNNING,1.0,False,
0.0021000000000000003,1.0,True,300000.0,300000.0,300000.0,300000.0,309278.3505154639,9278.350515463913,6400.0,800.0,0.0,0.0,25.00649462887054,RUNNING,1.0,False,
0.0022,1.0,True,300000.0,300000.0,300000.0,300000.0,309278.3505154639,9278.350515463913,6400.0,800.0,0.0,0.0,25.006803885572293,RUNNING,1.0,False,
0.0023,1.0,True,300000.0,300000.0,300000.0,300000.0,309278.3505154639,9278.350515463913,6400.0,800.0,0.0,0.0,25.007113141243188,RUNNING,1.0,False,
0.0024000000000000002,1.0,True,300000.0,300000.0,300000.0,300000.0,309278.3505154639,9278.350515463913,6400.0,800.0,0.0,0.0,25.007422395883232,RUNNING,1.0,False,
0.0025,1.0,True,300000.0,300000.0,300000.0,300000.0,309278.3505154639,9278.350515463913,6400.0,800.0,0.0,0.0,25.007731649492428,RUNNING,1.0,False,
0.0026000000000000003,1.0,True,300000.0,300000.0,300000.0,300000.0,309278.3505154639,9278.350515463913,6400.0,800.0,0.0,0.0,25.00804090207078,RUNNING,1.0,False,
0.0027,1.0,True,300000.0,300000.0,300000.0,300000.0,309278.3505154639,9278.350515463913,6400.0,800.0,0.0,0.0,25.008350153618288,RUNNING,1.0,False,
0.0028,1.0,True,300000.0,300000.0,300000.0,300000.0,309278.3505154639,9278.350515463913,6400.0,800.0,0.0,0.0,25.008659404134956,RUNNING,1.0,False,
0.0029000000000000002,1.0,True,300000.0,300000.0,300000.0,300000.0,309278.3505154639,9278.350515463913,6400.0,800.0,0.0,0.0,25.00896865362079,RUNNING,1.0,False,
0.003,1.0,True,300000.0,300000.0,300000.0,300000.0,309278.3505154639,9278.350515463913,6400.0,800.0,0.0,0.0,25.009277902075794,RUNNING,1.0,False,
0.0031000000000000003,1.0,True,300000.0,300000.0,300000.0,300000.0,309278.3505154639,9278.350515463913,6400.0,800.0,0.0,0.0,25.00958714949997,RUNNING,1.0,False,
0.0032,1.0,True,300000.0,300000.0,300000.0,300000.0,309278.3505154639,9278.350515463913,6400.0,800.0,0.0,0.0,25.00989639589332,RUNNING,1.0,False,
0.0033,1.0,True,300000.0,300000.0,300000.0,300000.0,309278.3505154639,9278.350515463913,6400.0,800.0,0.0,0.0,25.01020564125585,RUNNING,1.0,False,
0.0034000000000000002,1.0,True,300000.0,300000.0,300000.0,300000.0,309278.3505154639,9278.350515463913,6400.0,800.0,0.0,0.0,25.01051488558756,RUNNING,1.0,False,
0.0035,1.0,True,300000.0,300000.0,300000.0,300000.0,309278.3505154639,9278.350515463913,6400.0,800.0,0.0,0.0,25.01082412888846,RUNNING,1.0,False,
0.0036000000000000003,1.0,True,300000.0,300000.0,300000.0,300000.0,309278.3505154639,9278.350515463913,6400.0,800.0,0.0,0.0,25.011133371158543,RUNNING,1.0,False,
0.0037,1.0,True,300000.0,300000.0,300000.0,300000.0,309278.3505154639,9278.350515463913,6400.0,800.0,0.0,0.0,25.011442612397822,RUNNING,1.0,False,
0.0038,1.0,True,300000.0,300000.0,300000.0,300000.0,309278.3505154639,9278.350515463913,6400.0,800.0,0.0,0.0,25.011751852606295,RUNNING,1.0,False,
0.0039000000000000003,1.0,True,300000.0,300000.0,300000.0,300000.0,309278.3505154639,9278.350515463913,6400.0,800.0,0.0,0.0,25.01206109178397,RUNNING,1.0,False,
0.004,1.0,True,300000.0,300000.0,300000.0,300000.0,309278.3505154639,9278.350515463913,6400.0,800.0,0.0,0.0,25.012370329930846,RUNNING,1.0,False,
0.0041,1.0,True,300000.0,300000.0,300000.0,300000.0,309278.3505154639,9278.350515463913,6400.0,800.0,0.0,0.0,25.012679567046927,RUNNING,1.0,False,
0.004200000000000001,1.0,True,300000.0,300000.0,300000.0,300000.0,309278.3505154639,9278.350515463913,6400.0,800.0,0.0,0.0,25.01298880313222,RUNNING,1.0,False,
0.0043,1.0,True,300000.0,300000.0,300000.0,300000.0,309278.3505154639,9278.350515463913,6400.0,800.0,0.0,0.0,25.013298038186726,RUNNING,1.0,False,
0.0044,1.0,True,300000.0,300000.0,300000.0,300000.0,309278.3505154639,9278.350515463913,6400.0,800.0,0.0,0.0,25.013607272210447,RUNNING,1.0,False,
0.0045000000000000005,1.0,True,300000.0,300000.0,300000.0,300000.0,309278.3505154639,9278.350515463913,6400.0,800.0,0.0,0.0,25.013916505203387,RUNNING,1.0,False,
0.0046,1.0,True,300000.0,300000.0,300000.0,300000.0,309278.3505154639,9278.350515463913,6400.0,800.0,0.0,0.0,25.014225737165553,RUNNING,1.0,False,
0.0047,1.0,True,300000.0,300000.0,300000.0,300000.0,309278.3505154639,9278.350515463913,6400.0,800.0,0.0,0.0,25.014534968096946,RUNNING,1.0,False,
0.0048000000000000004,1.0,True,300000.0,300000.0,300000.0,300000.0,309278.3505154639,9278.350515463913,6400.0,800.0,0.0,0.0,25.01484419799757,RUNNING,1.0,False,
0.0049,1.0,True,300000.0,300000.0,300000.0,300000.0,309278.3505154639,9278.350515463913,6400.0,800.0,0.0,0.0,25.015153426867425,RUNNING,1.0,False,
0.005,1.0,True,300000.0,300000.0,300000.0,300000.0,309278.3505154639,9278.350515463913,6400.0,800.0,0.0,0.0,25.015462654706518,RUNNING,1.0,False,
0.0051,1.0,True,300000.0,300000.0,300000.0,300000.0,309278.3505154639,9278.350515463913,6400.0,800.0,0.0,0.0,25.01577188151485,RUNNING,1.0,False,
0.005200000000000001,1.0,True,300000.0,300000.0,300000.0,300000.0,309278.3505154639,9278.350515463913,6400.0,800.0,0.0,0.0,25.01608110729243,RUNNING,1.0,False,
0.0053,1.0,True,300000.0,300000.0,300000.0,300000.0,309278.3505154639,9278.350515463913,6400.0,800.0,0.0,0.0,25.016390332039254,RUNNING,1.0,False,
0.0054,1.0,True,300000.0,300000.0,300000.0,300000.0,309278.3505154639,9278.350515463913,6400.0,800.0,0.0,0.0,25.01669955575533,RUNNING,1.0,False,
0.0055000000000000005,1.0,True,300000.0,300000.0,300000.0,300000.0,309278.3505154639,9278.350515463913,6400.0,800.0,0.0,0.0,25.017008778440662,RUNNING,1.0,False,
0.0056,1.0,True,300000.0,300000.0,300000.0,300000.0,309278.3505154639,9278.350515463913,6400.0,800.0,0.0,0.0,25.017318000095248,RUNNING,1.0,False,
0.0057,1.0,True,300000.0,300000.0,300000.0,300000.0,309278.3505154639,9278.350515463913,6400.0,800.0,0.0,0.0,25.017627220719096,RUNNING,1.0,False,
0.0058000000000000005,1.0,True,300000.0,300000.0,300000.0,300000.0,309278.3505154639,9278.350515463913,6400.0,800.0,0.0,0.0,25.01793644031221,RUNNING,1.0,False,
0.0059,1.0,True,300000.0,300000.0,300000.0,300000.0,309278.3505154639,9278.350515463913,6400.0,800.0,0.0,0.0,25.01824565887459,RUNNING,1.0,False,
0.006,1.0,True,300000.0,300000.0,300000.0,300000.0,309278.3505154639,9278.350515463913,6400.0,800.0,0.0,0.0,25.01855487640624,RUNNING,1.0,False,
0.0061,1.0,True,300000.0,300000.0,300000.0,300000.0,309278.3505154639,9278.350515463913,6400.0,800.0,0.0,0.0,25.01886409290717,RUNNING,1.0,False,
0.006200000000000001,1.0,True,300000.0,300000.0,300000.0,300000.0,309278.3505154639,9278.350515463913,6400.0,800.0,0.0,0.0,25.019173308377376,RUNNING,1.0,False,
0.0063,1.0,True,300000.0,300000.0,300000.0,300000.0,309278.3505154639,9278.350515463913,6400.0,800.0,0.0,0.0,25.019482522816862,RUNNING,1.0,False,
0.0064,1.0,True,300000.0,300000.0,300000.0,300000.0,309278.3505154639,9278.350515463913,6400.0,800.0,0.0,0.0,25.019791736225635,RUNNING,1.0,False,
0.006500000000000001,1.0,True,300000.0,300000.0,300000.0,300000.0,309278.3505154639,9278.350515463913,6400.0,800.0,0.0,0.0,25.020100948603694,RUNNING,1.0,False,
0.0066,1.0,True,300000.0,300000.0,300000.0,300000.0,309278.3505154639,9278.350515463913,6400.0,800.0,0.0,0.0,25.020410159951048,RUNNING,1.0,False,
0.0067,1.0,True,300000.0,300000.0,300000.0,300000.0,309278.3505154639,9278.350515463913,6400.0,800.0,0.0,0.0,25.020719370267695,RUNNING,1.0,False,
0.0068000000000000005,1.0,True,300000.0,300000.0,300000.0,300000.0,309278.3505154639,9278.350515463913,6400.0,800.0,0.0,0.0,25.021028579553644,RUNNING,1.0,False,
0.006900000000000001,1.0,True,300000.0,300000.0,300000.0,300000.0,309278.3505154639,9278.350515463913,6400.0,800.0,0.0,0.0,25.021337787808893,RUNNING,1.0,False,
0.007,1.0,True,300000.0,300000.0,300000.0,300000.0,309278.3505154639,9278.350515463913,6400.0,800.0,0.0,0.0,25.02164699503345,RUNNING,1.0,False,
0.0071,1.0,True,300000.0,300000.0,300000.0,300000.0,309278.3505154639,9278.350515463913,6400.0,800.0,0.0,0.0,25.021956201227315,RUNNING,1.0,False,
0.007200000000000001,1.0,True,300000.0,300000.0,300000.0,300000.0,309278.3505154639,9278.350515463913,6400.0,800.0,0.0,0.0,25.022265406390492,RUNNING,1.0,False,
0.0073,1.0,True,300000.0,300000.0,300000.0,300000.0,309278.3505154639,9278.350515463913,6400.0,800.0,0.0,0.0,25.022574610522987,RUNNING,1.0,False,
0.0074,1.0,True,300000.0,300000.0,300000.0,300000.0,309278.3505154639,9278.350515463913,6400.0,800.0,0.0,0.0,25.0228838136248,RUNNING,1.0,False,
0.007500000000000001,1.0,True,300000.0,300000.0,300000.0,300000.0,309278.3505154639,9278.350515463913,6400.0,800.0,0.0,0.0,25.023193015695938,RUNNING,1.0,False,
0.0076,1.0,True,300000.0,300000.0,300000.0,300000.0,309278.3505154639,9278.350515463913,6400.0,800.0,0.0,0.0,25.0235022167364,RUNNING,1.0,False,
0.0077,1.0,True,300000.0,300000.0,300000.0,300000.0,309278.3505154639,9278.350515463913,6400.0,800.0,0.0,0.0,25.02381141674619,RUNNING,1.0,False,
0.0078000000000000005,1.0,True,300000.0,300000.0,300000.0,300000.0,309278.3505154639,9278.350515463913,6400.0,800.0,0.0,0.0,25.02412061572532,RUNNING,1.0,False,
0.0079,1.0,True,300000.0,300000.0,300000.0,300000.0,309278.3505154639,9278.350515463913,6400.0,800.0,0.0,0.0,25.024429813673784,RUNNING,1.0,False,
0.008,1.0,True,300000.0,300000.0,300000.0,300000.0,309278.3505154639,9278.350515463913,6400.0,800.0,0.0,0.0,25.02473901059159,RUNNING,1.0,False,
0.0081,1.0,True,300000.0,300000.0,300000.0,300000.0,309278.3505154639,9278.350515463913,6400.0,800.0,0.0,0.0,25.025048206478736,RUNNING,1.0,False,
0.0082,1.0,True,300000.0,300000.0,300000.0,300000.0,309278.3505154639,9278.350515463913,6400.0,800.0,0.0,0.0,25.02535740133523,RUNNING,1.0,False,
0.0083,1.0,True,300000.0,300000.0,300000.0,300000.0,309278.3505154639,9278.350515463913,6400.0,800.0,0.0,0.0,25.025666595161077,RUNNING,1.0,False,
0.008400000000000001,1.0,True,300000.0,300000.0,300000.0,300000.0,309278.3505154639,9278.350515463913,6400.0,800.0,0.0,0.0,25.025975787956277,RUNNING,1.0,False,
0.0085,1.0,True,300000.0,300000.0,300000.0,300000.0,309278.3505154639,9278.350515463913,6400.0,800.0,0.0,0.0,25.02628497972083,RUNNING,1.0,False,
0.0086,1.0,True,300000.0,300000.0,300000.0,300000.0,309278.3505154639,9278.350515463913,6400.0,800.0,0.0,0.0,25.026594170454747,RUNNING,1.0,False,
0.008700000000000001,1.0,True,300000.0,300000.0,300000.0,300000.0,309278.3505154639,9278.350515463913,6400.0,800.0,0.0,0.0,25.026903360158027,RUNNING,1.0,False,
0.0088,1.0,True,300000.0,300000.0,300000.0,300000.0,309278.3505154639,9278.350515463913,6400.0,800.0,0.0,0.0,25.027212548830676,RUNNING,1.0,False,
0.0089,1.0,True,300000.0,300000.0,300000.0,300000.0,309278.3505154639,9278.350515463913,6400.0,800.0,0.0,0.0,25.027521736472696,RUNNING,1.0,False,
0.009000000000000001,1.0,True,300000.0,300000.0,300000.0,300000.0,309278.3505154639,9278.350515463913,6400.0,800.0,0.0,0.0,25.02783092308409,RUNNING,1.0,False,
0.0091,1.0,True,300000.0,300000.0,300000.0,300000.0,309278.3505154639,9278.350515463913,6400.0,800.0,0.0,0.0,25.02814010866486,RUNNING,1.0,False,
0.0092,1.0,True,300000.0,300000.0,300000.0,300000.0,309278.3505154639,9278.350515463913,6400.0,800.0,0.0,0.0,25.028449293215015,RUNNING,1.0,False,
0.009300000000000001,1.0,True,300000.0,300000.0,300000.0,300000.0,309278.3505154639,9278.350515463913,6400.0,800.0,0.0,0.0,25.028758476734552,RUNNING,1.0,False,
0.0094,1.0,True,300000.0,300000.0,300000.0,300000.0,309278.3505154639,9278.350515463913,6400.0,800.0,0.0,0.0,25.02906765922348,RUNNING,1.0,False,
0.0095,1.0,True,300000.0,300000.0,300000.0,300000.0,309278.3505154639,9278.350515463913,6400.0,800.0,0.0,0.0,25.029376840681795,RUNNING,1.0,False,
0.009600000000000001,1.0,True,300000.0,300000.0,300000.0,300000.0,309278.3505154639,9278.350515463913,6400.0,800.0,0.0,0.0,25.02968602110951,RUNNING,1.0,False,
0.0097,1.0,True,300000.0,300000.0,300000.0,300000.0,309278.3505154639,9278.350515463913,6400.0,800.0,0.0,0.0,25.02999520050662,RUNNING,1.0,False,
0.0098,1.0,True,300000.0,300000.0,300000.0,300000.0,309278.3505154639,9278.350515463913,6400.0,800.0,0.0,0.0,25.030304378873133,RUNNING,1.0,False,
0.0099,1.0,True,300000.0,300000.0,300000.0,300000.0,309278.3505154639,9278.350515463913,6400.0,800.0,0.0,0.0,25.03061355620905,RUNNING,1.0,False,
0.01,1.0,True,300000.0,300000.0,300000.0,300000.0,309278.3505154639,9278.350515463913,6400.0,800.0,0.0,0.0,25.03092273251438,RUNNING,1.0,False,
0.010100000000000001,1.0,True,300000.0,300000.0,300000.0,300000.0,309278.3505154639,9278.350515463913,6400.0,800.0,0.0,0.0,25.03123190778912,RUNNING,1.0,False,
0.0102,1.0,True,300000.0,300000.0,300000.0,300000.0,309278.3505154639,9278.350515463913,6400.0,800.0,0.0,0.0,25.031541082033275,RUNNING,1.0,False,
0.0103,1.0,True,300000.0,300000.0,300000.0,300000.0,309278.3505154639,9278.350515463913,6400.0,800.0,0.0,0.0,25.03185025524685,RUNNING,1.0,False,
0.010400000000000001,1.0,True,300000.0,300000.0,300000.0,300000.0,309278.3505154639,9278.350515463913,6400.0,800.0,0.0,0.0,25.03215942742985,RUNNING,1.0,False,
0.0105,1.0,True,300000.0,300000.0,300000.0,300000.0,309278.3505154639,9278.350515463913,6400.0,800.0,0.0,0.0,25.032468598582273,RUNNING,1.0,False,
0.0106,1.0,True,300000.0,300000.0,300000.0,300000.0,309278.3505154639,9278.350515463913,6400.0,800.0,0.0,0.0,25.032777768704126,RUNNING,1.0,False,
0.010700000000000001,1.0,True,300000.0,300000.0,300000.0,300000.0,309278.3505154639,9278.350515463913,6400.0,800.0,0.0,0.0,25.033086937795414,RUNNING,1.0,False,
0.0108,1.0,True,300000.0,300000.0,300000.0,300000.0,309278.3505154639,9278.350515463913,6400.0,800.0,0.0,0.0,25.033396105856138,RUNNING,1.0,False,
0.0109,1.0,True,300000.0,300000.0,300000.0,300000.0,309278.3505154639,9278.350515463913,6400.0,800.0,0.0,0.0,25.0337052728863,RUNNING,1.0,False,
0.011000000000000001,1.0,True,300000.0,300000.0,300000.0,300000.0,309278.3505154639,9278.350515463913,6400.0,800.0,0.0,0.0,25.034014438885908,RUNNING,1.0,False,
0.0111,1.0,True,300000.0,300000.0,300000.0,300000.0,309278.3505154639,9278.350515463913,6400.0,800.0,0.0,0.0,25.03432360385496,RUNNING,1.0,False,
0.0112,1.0,True,300000.0,300000.0,300000.0,300000.0,309278.3505154639,9278.350515463913,6400.0,800.0,0.0,0.0,25.034632767793465,RUNNING,1.0,False,
0.011300000000000001,1.0,True,300000.0,300000.0,300000.0,300000.0,309278.3505154639,9278.350515463913,6400.0,800.0,0.0,0.0,25.03494193070142,RUNNING,1.0,False,
0.0114,1.0,True,300000.0,300000.0,300000.0,300000.0,309278.3505154639,9278.350515463913,6400.0,800.0,0.0,0.0,25.035251092578836,RUNNING,1.0,False,
0.0115,1.0,True,300000.0,300000.0,300000.0,300000.0,309278.3505154639,9278.350515463913,6400.0,800.0,0.0,0.0,25.03556025342571,RUNNING,1.0,False,
0.011600000000000001,1.0,True,300000.0,300000.0,300000.0,300000.0,309278.3505154639,9278.350515463913,6400.0,800.0,0.0,0.0,25.035869413242047,RUNNING,1.0,False,
0.0117,1.0,True,300000.0,300000.0,300000.0,300000.0,309278.3505154639,9278.350515463913,6400.0,800.0,0.0,0.0,25.03617857202785,RUNNING,1.0,False,
0.0118,1.0,True,300000.0,300000.0,300000.0,300000.0,309278.3505154639,9278.350515463913,6400.0,800.0,0.0,0.0,25.036487729783126,RUNNING,1.0,False,
0.0119,1.0,True,300000.0,300000.0,300000.0,300000.0,309278.3505154639,9278.350515463913,6400.0,800.0,0.0,0.0,25.036796886507876,RUNNING,1.0,False,
0.012,1.0,True,300000.0,300000.0,300000.0,300000.0,309278.3505154639,9278.350515463913,6400.0,800.0,0.0,0.0,25.037106042202105,RUNNING,1.0,False,
0.012100000000000001,1.0,True,300000.0,300000.0,300000.0,300000.0,309278.3505154639,9278.350515463913,6400.0,800.0,0.0,0.0,25.037415196865812,RUNNING,1.0,False,
0.0122,1.0,True,300000.0,300000.0,300000.0,300000.0,309278.3505154639,9278.350515463913,6400.0,800.0,0.0,0.0,25.037724350499005,RUNNING,1.0,False,
0.0123,1.0,True,300000.0,300000.0,300000.0,300000.0,309278.3505154639,9278.350515463913,6400.0,800.0,0.0,0.0,25.038033503101687,RUNNING,1.0,False,
0.012400000000000001,1.0,True,300000.0,300000.0,300000.0,300000.0,309278.3505154639,9278.350515463913,6400.0,800.0,0.0,0.0,25.03834265467386,RUNNING,1.0,False,
0.0125,1.0,True,300000.0,300000.0,300000.0,300000.0,309278.3505154639,9278.350515463913,6400.0,800.0,0.0,0.0,25.038651805215526,RUNNING,1.0,False,
0.0126,1.0,True,300000.0,300000.0,300000.0,300000.0,309278.3505154639,9278.350515463913,6400.0,800.0,0.0,0.0,25.03896095472669,RUNNING,1.0,False,
0.012700000000000001,1.0,True,300000.0,300000.0,300000.0,300000.0,309278.3505154639,9278.350515463913,6400.0,800.0,0.0,0.0,25.039270103207357,RUNNING,1.0,False,
0.0128,1.0,True,300000.0,300000.0,300000.0,300000.0,309278.3505154639,9278.350515463913,6400.0,800.0,0.0,0.0,25.03957925065753,RUNNING,1.0,False,
0.0129,1.0,True,300000.0,300000.0,300000.0,300000.0,309278.3505154639,9278.350515463913,6400.0,800.0,0.0,0.0,25.03988839707721,RUNNING,1.0,False,
0.013000000000000001,1.0,True,300000.0,300000.0,300000.0,300000.0,309278.3505154639,9278.350515463913,6400.0,800.0,0.0,0.0,25.0401975424664,RUNNING,1.0,False,
0.0131,1.0,True,300000.0,300000.0,300000.0,300000.0,309278.3505154639,9278.350515463913,6400.0,800.0,0.0,0.0,25.040506686825108,RUNNING,1.0,False,
0.0132,1.0,True,300000.0,300000.0,300000.0,300000.0,309278.3505154639,9278.350515463913,6400.0,800.0,0.0,0.0,25.040815830153335,RUNNING,1.0,False,
0.013300000000000001,1.0,True,300000.0,300000.0,300000.0,300000.0,309278.3505154639,9278.350515463913,6400.0,800.0,0.0,0.0,25.041124972451083,RUNNING,1.0,False,
0.0134,1.0,True,300000.0,300000.0,300000.0,300000.0,309278.3505154639,9278.350515463913,6400.0,800.0,0.0,0.0,25.041434113718356,RUNNING,1.0,False,
0.0135,1.0,True,300000.0,300000.0,300000.0,300000.0,309278.3505154639,9278.350515463913,6400.0,800.0,0.0,0.0,25.041743253955158,RUNNING,1.0,False,
0.013600000000000001,1.0,True,300000.0,300000.0,300000.0,300000.0,309278.3505154639,9278.350515463913,6400.0,800.0,0.0,0.0,25.042052393161494,RUNNING,1.0,False,
0.0137,1.0,True,300000.0,300000.0,300000.0,300000.0,309278.3505154639,9278.350515463913,6400.0,800.0,0.0,0.0,25.042361531337367,RUNNING,1.0,False,
0.013800000000000002,1.0,True,300000.0,300000.0,300000.0,300000.0,309278.3505154639,9278.350515463913,6400.0,800.0,0.0,0.0,25.042670668482778,RUNNING,1.0,False,
0.013900000000000001,1.0,True,300000.0,300000.0,300000.0,300000.0,309278.3505154639,9278.350515463913,6400.0,800.0,0.0,0.0,25.04297980459773,RUNNING,1.0,False,
0.014,1.0,True,300000.0,300000.0,300000.0,300000.0,309278.3505154639,9278.350515463913,6400.0,800.0,0.0,0.0,25.04328893968223,RUNNING,1.0,False,
0.014100000000000001,1.0,True,300000.0,300000.0,300000.0,300000.0,309278.3505154639,9278.350515463913,6400.0,800.0,0.0,0.0,25.04359807373628,RUNNING,1.0,False,
0.0142,1.0,True,300000.0,300000.0,300000.0,300000.0,309278.3505154639,9278.350515463913,6400.0,800.0,0.0,0.0,25.043907206759883,RUNNING,1.0,False,
0.0143,1.0,True,300000.0,300000.0,300000.0,300000.0,309278.3505154639,9278.350515463913,6400.0,800.0,0.0,0.0,25.044216338753042,RUNNING,1.0,False,
0.014400000000000001,1.0,True,300000.0,300000.0,300000.0,300000.0,309278.3505154639,9278.350515463913,6400.0,800.0,0.0,0.0,25.04452546971576,RUNNING,1.0,False,
0.0145,1.0,True,300000.0,300000.0,300000.0,300000.0,309278.3505154639,9278.350515463913,6400.0,800.0,0.0,0.0,25.044834599648045,RUNNING,1.0,False,
0.0146,1.0,True,300000.0,300000.0,300000.0,300000.0,309278.3505154639,9278.350515463913,6400.0,800.0,0.0,0.0,25.045143728549895,RUNNING,1.0,False,
0.014700000000000001,1.0,True,300000.0,300000.0,300000.0,300000.0,309278.3505154639,9278.350515463913,6400.0,800.0,0.0,0.0,25.045452856421317,RUNNING,1.0,False,
0.0148,1.0,True,300000.0,300000.0,300000.0,300000.0,309278.3505154639,9278.350515463913,6400.0,800.0,0.0,0.0,25.04576198326231,RUNNING,1.0,False,
0.0149,1.0,True,300000.0,300000.0,300000.0,300000.0,309278.3505154639,9278.350515463913,6400.0,800.0,0.0,0.0,25.04607110907288,RUNNING,1.0,False,
0.015000000000000001,1.0,True,300000.0,300000.0,300000.0,300000.0,309278.3505154639,9278.350515463913,6400.0,800.0,0.0,0.0,25.046380233853032,RUNNING,1.0,False,
0.0151,1.0,True,300000.0,300000.0,300000.0,300000.0,309278.3505154639,9278.350515463913,6400.0,800.0,0.0,0.0,25.04668935760277,RUNNING,1.0,False,
0.0152,1.0,True,300000.0,300000.0,300000.0,300000.0,309278.3505154639,9278.350515463913,6400.0,800.0,0.0,0.0,25.04699848032209,RUNNING,1.0,False,
0.015300000000000001,1.0,True,300000.0,300000.0,300000.0,300000.0,309278.3505154639,9278.350515463913,6400.0,800.0,0.0,0.0,25.047307602011006,RUNNING,1.0,False,
0.0154,1.0,True,300000.0,300000.0,300000.0,300000.0,309278.3505154639,9278.350515463913,6400.0,800.0,0.0,0.0,25.047616722669517,RUNNING,1.0,False,
0.0155,1.0,True,300000.0,300000.0,300000.0,300000.0,309278.3505154639,9278.350515463913,6400.0,800.0,0.0,0.0,25.047925842297623,RUNNING,1.0,False,
0.015600000000000001,1.0,True,300000.0,300000.0,300000.0,300000.0,309278.3505154639,9278.350515463913,6400.0,800.0,0.0,0.0,25.048234960895332,RUNNING,1.0,False,
0.015700000000000002,1.0,True,300000.0,300000.0,300000.0,300000.0,309278.3505154639,9278.350515463913,6400.0,800.0,0.0,0.0,25.048544078462644,RUNNING,1.0,False,
0.0158,1.0,True,300000.0,300000.0,300000.0,300000.0,309278.3505154639,9278.350515463913,6400.0,800.0,0.0,0.0,25.048853194999566,RUNNING,1.0,False,
0.0159,1.0,True,300000.0,300000.0,300000.0,300000.0,309278.3505154639,9278.350515463913,6400.0,800.0,0.0,0.0,25.049162310506098,RUNNING,1.0,False,
0.016,1.0,True,300000.0,300000.0,300000.0,300000.0,309278.3505154639,9278.350515463913,6400.0,800.0,0.0,0.0,25.049471424982244,RUNNING,1.0,False,
0.0161,1.0,True,300000.0,300000.0,300000.0,300000.0,309278.3505154639,9278.350515463913,6400.0,800.0,0.0,0.0,25.04978053842801,RUNNING,1.0,False,
0.0162,1.0,True,300000.0,300000.0,300000.0,300000.0,309278.3505154639,9278.350515463913,6400.0,800.0,0.0,0.0,25.050089650843397,RUNNING,1.0,False,
0.016300000000000002,1.0,True,300000.0,300000.0,300000.0,300000.0,309278.3505154639,9278.350515463913,6400.0,800.0,0.0,0.0,25.050398762228408,RUNNING,1.0,False,
0.0164,1.0,True,300000.0,300000.0,300000.0,300000.0,309278.3505154639,9278.350515463913,6400.0,800.0,0.0,0.0,25.05070787258305,RUNNING,1.0,False,
0.0165,1.0,True,300000.0,300000.0,300000.0,300000.0,309278.3505154639,9278.350515463913,6400.0,800.0,0.0,0.0,25.051016981907324,RUNNING,1.0,False,
0.0166,1.0,True,300000.0,300000.0,300000.0,300000.0,309278.3505154639,9278.350515463913,6400.0,800.0,0.0,0.0,25.051326090201233,RUNNING,1.0,False,
0.0167,1.0,True,300000.0,300000.0,300000.0,300000.0,309278.3505154639,9278.350515463913,6400.0,800.0,0.0,0.0,25.05163519746478,RUNNING,1.0,False,
0.016800000000000002,1.0,True,300000.0,300000.0,300000.0,300000.0,309278.3505154639,9278.350515463913,6400.0,800.0,0.0,0.0,25.05194430369797,RUNNING,1.0,False,
0.016900000000000002,1.0,True,300000.0,300000.0,300000.0,300000.0,309278.3505154639,9278.350515463913,6400.0,800.0,0.0,0.0,25.052253408900807,RUNNING,1.0,False,
0.017,1.0,True,300000.0,300000.0,300000.0,300000.0,309278.3505154639,9278.350515463913,6400.0,800.0,0.0,0.0,25.052562513073294,RUNNING,1.0,False,
0.0171,1.0,True,300000.0,300000.0,300000.0,300000.0,309278.3505154639,9278.350515463913,6400.0,800.0,0.0,0.0,25.052871616215434,RUNNING,1.0,False,
0.0172,1.0,True,300000.0,300000.0,300000.0,300000.0,309278.3505154639,9278.350515463913,6400.0,800.0,0.0,0.0,25.05318071832723,RUNNING,1.0,False,
0.0173,1.0,True,300000.0,300000.0,300000.0,300000.0,309278.3505154639,9278.350515463913,6400.0,800.0,0.0,0.0,25.053489819408686,RUNNING,1.0,False,
0.017400000000000002,1.0,True,300000.0,300000.0,300000.0,300000.0,309278.3505154639,9278.350515463913,6400.0,800.0,0.0,0.0,25.053798919459805,RUNNING,1.0,False,
0.0175,1.0,True,300000.0,300000.0,300000.0,300000.0,309278.3505154639,9278.350515463913,6400.0,800.0,0.0,0.0,25.054108018480587,RUNNING,1.0,False,
0.0176,1.0,True,300000.0,300000.0,300000.0,300000.0,309278.3505154639,9278.350515463913,6400.0,800.0,0.0,0.0,25.05441711647104,RUNNING,1.0,False,
0.0177,1.0,True,300000.0,300000.0,300000.0,300000.0,309278.3505154639,9278.350515463913,6400.0,800.0,0.0,0.0,25.054726213431167,RUNNING,1.0,False,
0.0178,1.0,True,300000.0,300000.0,300000.0,300000.0,309278.3505154639,9278.350515463913,6400.0,800.0,0.0,0.0,25.05503530936097,RUNNING,1.0,False,
0.0179,1.0,True,300000.0,300000.0,300000.0,300000.0,309278.3505154639,9278.350515463913,6400.0,800.0,0.0,0.0,25.055344404260456,RUNNING,1.0,False,
0.018000000000000002,1.0,True,300000.0,300000.0,300000.0,300000.0,309278.3505154639,9278.350515463913,6400.0,800.0,0.0,0.0,25.055653498129622,RUNNING,1.0,False,
0.0181,1.0,True,300000.0,300000.0,300000.0,300000.0,309278.3505154639,9278.350515463913,6400.0,800.0,0.0,0.0,25.055962590968477,RUNNING,1.0,False,
0.0182,1.0,True,300000.0,300000.0,300000.0,300000.0,309278.3505154639,9278.350515463913,6400.0,800.0,0.0,0.0,25.056271682777023,RUNNING,1.0,False,
0.0183,1.0,True,300000.0,300000.0,300000.0,300000.0,309278.3505154639,9278.350515463913,6400.0,800.0,0.0,0.0,25.05658077355526,RUNNING,1.0,False,
0.0184,1.0,True,300000.0,300000.0,300000.0,300000.0,309278.3505154639,9278.350515463913,6400.0,800.0,0.0,0.0,25.056889863303198,RUNNING,1.0,False,
0.018500000000000003,1.0,True,300000.0,300000.0,300000.0,300000.0,309278.3505154639,9278.350515463913,6400.0,800.0,0.0,0.0,25.057198952020837,RUNNING,1.0,False,
0.018600000000000002,1.0,True,300000.0,300000.0,300000.0,300000.0,309278.3505154639,9278.350515463913,6400.0,800.0,0.0,0.0,25.05750803970818,RUNNING,1.0,False,
0.0187,1.0,True,300000.0,300000.0,300000.0,300000.0,309278.3505154639,9278.350515463913,6400.0,800.0,0.0,0.0,25.05781712636523,RUNNING,1.0,False,
0.0188,1.0,True,300000.0,300000.0,300000.0,300000.0,309278.3505154639,9278.350515463913,6400.0,800.0,0.0,0.0,25.05812621199199,RUNNING,1.0,False,
0.0189,1.0,True,300000.0,300000.0,300000.0,300000.0,309278.3505154639,9278.350515463913,6400.0,800.0,0.0,0.0,25.058435296588467,RUNNING,1.0,False,
0.019,1.0,True,300000.0,300000.0,300000.0,300000.0,309278.3505154639,9278.350515463913,6400.0,800.0,0.0,0.0,25.05874438015466,RUNNING,1.0,False,
0.019100000000000002,1.0,True,300000.0,300000.0,300000.0,300000.0,309278.3505154639,9278.350515463913,6400.0,800.0,0.0,0.0,25.059053462690574,RUNNING,1.0,False,
0.019200000000000002,1.0,True,300000.0,300000.0,300000.0,300000.0,309278.3505154639,9278.350515463913,6400.0,800.0,0.0,0.0,25.059362544196215,RUNNING,1.0,False,
0.0193,1.0,True,300000.0,300000.0,300000.0,300000.0,309278.3505154639,9278.350515463913,6400.0,800.0,0.0,0.0,25.059671624671584,RUNNING,1.0,False,
0.0194,1.0,True,300000.0,300000.0,300000.0,300000.0,309278.3505154639,9278.350515463913,6400.0,800.0,0.0,0.0,25.059980704116683,RUNNING,1.0,False,
0.0195,1.0,True,300000.0,300000.0,300000.0,300000.0,309278.3505154639,9278.350515463913,6400.0,800.0,0.0,0.0,25.060289782531516,RUNNING,1.0,False,
0.0196,1.0,True,300000.0,300000.0,300000.0,300000.0,309278.3505154639,9278.350515463913,6400.0,800.0,0.0,0.0,25.06059885991609,RUNNING,1.0,False,
0.019700000000000002,1.0,True,300000.0,300000.0,300000.0,300000.0,309278.3505154639,9278.350515463913,6400.0,800.0,0.0,0.0,25.060907936270407,RUNNING,1.0,False,
0.0198,1.0,True,300000.0,300000.0,300000.0,300000.0,309278.3505154639,9278.350515463913,6400.0,800.0,0.0,0.0,25.06121701159447,RUNNING,1.0,False,
0.0199,1.0,True,300000.0,300000.0,300000.0,300000.0,309278.3505154639,9278.350515463913,6400.0,800.0,0.0,0.0,25.06152608588828,RUNNING,1.0,False,
0.02,1.0,True,300000.0,300000.0,300000.0,300000.0,309278.3505154639,9278.350515463913,6400.0,800.0,0.0,0.0,25.06183515915184,RUNNING,1.0,False,
0.0201,1.0,True,300000.0,300000.0,300000.0,300000.0,309278.3505154639,9278.350515463913,6400.0,800.0,0.0,0.0,25.062144231385158,RUNNING,1.0,False,
0.020200000000000003,1.0,True,300000.0,300000.0,300000.0,300000.0,309278.3505154639,9278.350515463913,6400.0,800.0,0.0,0.0,25.062453302588235,RUNNING,1.0,False,
0.020300000000000002,1.0,True,300000.0,300000.0,300000.0,300000.0,309278.3505154639,9278.350515463913,6400.0,800.0,0.0,0.0,25.062762372761075,RUNNING,1.0,False,
0.0204,1.0,True,300000.0,300000.0,300000.0,300000.0,309278.3505154639,9278.350515463913,6400.0,800.0,0.0,0.0,25.06307144190368,RUNNING,1.0,False,
0.0205,1.0,True,300000.0,300000.0,300000.0,300000.0,309278.3505154639,9278.350515463913,6400.0,800.0,0.0,0.0,25.063380510016056,RUNNING,1.0,False,
0.0206,1.0,True,300000.0,300000.0,300000.0,300000.0,309278.3505154639,9278.350515463913,6400.0,800.0,0.0,0.0,25.063689577098206,RUNNING,1.0,False,
0.0207,1.0,True,300000.0,300000.0,300000.0,300000.0,309278.3505154639,9278.350515463913,6400.0,800.0,0.0,0.0,25.063998643150132,RUNNING,1.0,False,
0.020800000000000003,1.0,True,300000.0,300000.0,300000.0,300000.0,309278.3505154639,9278.350515463913,6400.0,800.0,0.0,0.0,25.064307708171835,RUNNING,1.0,False,
0.020900000000000002,1.0,True,300000.0,300000.0,300000.0,300000.0,309278.3505154639,9278.350515463913,6400.0,800.0,0.0,0.0,25.064616772163323,RUNNING,1.0,False,
0.021,1.0,True,300000.0,300000.0,300000.0,300000.0,309278.3505154639,9278.350515463913,6400.0,800.0,0.0,0.0,25.064925835124598,RUNNING,1.0,False,
0.0211,1.0,True,300000.0,300000.0,300000.0,300000.0,309278.3505154639,9278.350515463913,6400.0,800.0,0.0,0.0,25.065234897055664,RUNNING,1.0,False,
0.0212,1.0,True,300000.0,300000.0,300000.0,300000.0,309278.3505154639,9278.350515463913,6400.0,800.0,0.0,0.0,25.06554395795652,RUNNING,1.0,False,
0.0213,1.0,True,300000.0,300000.0,300000.0,300000.0,309278.3505154639,9278.350515463913,6400.0,800.0,0.0,0.0,25.065853017827177,RUNNING,1.0,False,
0.021400000000000002,1.0,True,300000.0,300000.0,300000.0,300000.0,309278.3505154639,9278.350515463913,6400.0,800.0,0.0,0.0,25.066162076667634,RUNNING,1.0,False,
0.021500000000000002,1.0,True,300000.0,300000.0,300000.0,300000.0,309278.3505154639,9278.350515463913,6400.0,800.0,0.0,0.0,25.066471134477894,RUNNING,1.0,False,
0.0216,1.0,True,300000.0,300000.0,300000.0,300000.0,309278.3505154639,9278.350515463913,6400.0,800.0,0.0,0.0,25.066780191257962,RUNNING,1.0,False,
0.0217,1.0,True,300000.0,300000.0,300000.0,300000.0,309278.3505154639,9278.350515463913,6400.0,800.0,0.0,0.0,25.06708924700784,RUNNING,1.0,False,
0.0218,1.0,True,300000.0,300000.0,300000.0,300000.0,309278.3505154639,9278.350515463913,6400.0,800.0,0.0,0.0,25.067398301727533,RUNNING,1.0,False,
0.0219,1.0,True,300000.0,300000.0,300000.0,300000.0,309278.3505154639,9278.350515463913,6400.0,800.0,0.0,0.0,25.067707355417042,RUNNING,1.0,False,
0.022000000000000002,1.0,True,300000.0,300000.0,300000.0,300000.0,309278.3505154639,9278.350515463913,6400.0,800.0,0.0,0.0,25.06801640807637,RUNNING,1.0,False,
0.0221,1.0,True,300000.0,300000.0,300000.0,300000.0,309278.3505154639,9278.350515463913,6400.0,800.0,0.0,0.0,25.068325459705527,RUNNING,1.0,False,
0.0222,1.0,True,300000.0,300000.0,300000.0,300000.0,309278.3505154639,9278.350515463913,6400.0,800.0,0.0,0.0,25.06863451030451,RUNNING,1.0,False,
0.0223,1.0,True,300000.0,300000.0,300000.0,300000.0,309278.3505154639,9278.350515463913,6400.0,800.0,0.0,0.0,25.068943559873322,RUNNING,1.0,False,
0.0224,1.0,True,300000.0,300000.0,300000.0,300000.0,309278.3505154639,9278.350515463913,6400.0,800.0,0.0,0.0,25.069252608411972,RUNNING,1.0,False,
0.022500000000000003,1.0,True,300000.0,300000.0,300000.0,300000.0,309278.3505154639,9278.350515463913,6400.0,800.0,0.0,0.0,25.06956165592046,RUNNING,1.0,False,
0.022600000000000002,1.0,True,300000.0,300000.0,300000.0,300000.0,309278.3505154639,9278.350515463913,6400.0,800.0,0.0,0.0,25.069870702398788,RUNNING,1.0,False,
0.0227,1.0,True,300000.0,300000.0,300000.0,300000.0,309278.3505154639,9278.350515463913,6400.0,800.0,0.0,0.0,25.07017974784696,RUNNING,1.0,False,
0.0228,1.0,True,300000.0,300000.0,300000.0,300000.0,309278.3505154639,9278.350515463913,6400.0,800.0,0.0,0.0,25.07048879226498,RUNNING,1.0,False,
0.0229,1.0,True,300000.0,300000.0,300000.0,300000.0,309278.3505154639,9278.350515463913,6400.0,800.0,0.0,0.0,25.070797835652858,RUNNING,1.0,False,
0.023,1.0,True,300000.0,300000.0,300000.0,300000.0,309278.3505154639,9278.350515463913,6400.0,800.0,0.0,0.0,25.07110687801059,RUNNING,1.0,False,
0.023100000000000002,1.0,True,300000.0,300000.0,300000.0,300000.0,309278.3505154639,9278.350515463913,6400.0,800.0,0.0,0.0,25.07141591933818,RUNNING,1.0,False,
0.023200000000000002,1.0,True,300000.0,300000.0,300000.0,300000.0,309278.3505154639,9278.350515463913,6400.0,800.0,0.0,0.0,25.07172495963563,RUNNING,1.0,False,
0.0233,1.0,True,300000.0,300000.0,300000.0,300000.0,309278.3505154639,9278.350515463913,6400.0,800.0,0.0,0.0,25.07203399890295,RUNNING,1.0,False,
0.0234,1.0,True,300000.0,300000.0,300000.0,300000.0,309278.3505154639,9278.350515463913,6400.0,800.0,0.0,0.0,25.072343037140136,RUNNING,1.0,False,
0.0235,1.0,True,300000.0,300000.0,300000.0,300000.0,309278.3505154639,9278.350515463913,6400.0,800.0,0.0,0.0,25.072652074347193,RUNNING,1.0,False,
0.0236,1.0,True,300000.0,300000.0,300000.0,300000.0,309278.3505154639,9278.350515463913,6400.0,800.0,0.0,0.0,25.072961110524126,RUNNING,1.0,False,
0.023700000000000002,1.0,True,300000.0,300000.0,300000.0,300000.0,309278.3505154639,9278.350515463913,6400.0,800.0,0.0,0.0,25.07327014567094,RUNNING,1.0,False,
0.0238,1.0,True,300000.0,300000.0,300000.0,300000.0,309278.3505154639,9278.350515463913,6400.0,800.0,0.0,0.0,25.073579179787636,RUNNING,1.0,False,
0.0239,1.0,True,300000.0,300000.0,300000.0,300000.0,309278.3505154639,9278.350515463913,6400.0,800.0,0.0,0.0,25.07388821287422,RUNNING,1.0,False,
0.024,1.0,True,300000.0,300000.0,300000.0,300000.0,309278.3505154639,9278.350515463913,6400.0,800.0,0.0,0.0,25.07419724493069,RUNNING,1.0,False,
0.0241,1.0,True,300000.0,300000.0,300000.0,300000.0,309278.3505154639,9278.350515463913,6400.0,800.0,0.0,0.0,25.074506275957056,RUNNING,1.0,False,
0.024200000000000003,1.0,True,300000.0,300000.0,300000.0,300000.0,309278.3505154639,9278.350515463913,6400.0,800.0,0.0,0.0,25.07481530595332,RUNNING,1.0,False,
0.024300000000000002,1.0,True,300000.0,300000.0,300000.0,300000.0,309278.3505154639,9278.350515463913,6400.0,800.0,0.0,0.0,25.07512433491948,RUNNING,1.0,False,
0.0244,1.0,True,300000.0,300000.0,300000.0,300000.0,309278.3505154639,9278.350515463913,6400.0,800.0,0.0,0.0,25.075433362855545,RUNNING,1.0,False,
0.0245,1.0,True,300000.0,300000.0,300000.0,300000.0,309278.3505154639,9278.350515463913,6400.0,800.0,0.0,0.0,25.07574238976152,RUNNING,1.0,False,
0.0246,1.0,True,300000.0,300000.0,300000.0,300000.0,309278.3505154639,9278.350515463913,6400.0,800.0,0.0,0.0,25.0760514156374,RUNNING,1.0,False,
0.0247,1.0,True,300000.0,300000.0,300000.0,300000.0,309278.3505154639,9278.350515463913,6400.0,800.0,0.0,0.0,25.0763604404832,RUNNING,1.0,False,
0.024800000000000003,1.0,True,300000.0,300000.0,300000.0,300000.0,309278.3505154639,9278.350515463913,6400.0,800.0,0.0,0.0,25.076669464298913,RUNNING,1.0,False,
0.024900000000000002,1.0,True,300000.0,300000.0,300000.0,300000.0,309278.3505154639,9278.350515463913,6400.0,800.0,0.0,0.0,25.07697848708455,RUNNING,1.0,False,
0.025,1.0,True,300000.0,300000.0,300000.0,300000.0,309278.3505154639,9278.350515463913,6400.0,800.0,0.0,0.0,25.077287508840108,RUNNING,1.0,False,
0.0251,1.0,True,300000.0,300000.0,300000.0,300000.0,309278.3505154639,9278.350515463913,6400.0,800.0,0.0,0.0,25.077596529565593,RUNNING,1.0,False,
0.0252,1.0,True,300000.0,300000.0,300000.0,300000.0,309278.3505154639,9278.350515463913,6400.0,800.0,0.0,0.0,25.07790554926101,RUNNING,1.0,False,
0.0253,1.0,True,300000.0,300000.0,300000.0,300000.0,309278.3505154639,9278.350515463913,6400.0,800.0,0.0,0.0,25.078214567926363,RUNNING,1.0,False,
0.025400000000000002,1.0,True,300000.0,300000.0,300000.0,300000.0,309278.3505154639,9278.350515463913,6400.0,800.0,0.0,0.0,25.07852358556165,RUNNING,1.0,False,
0.025500000000000002,1.0,True,300000.0,300000.0,300000.0,300000.0,309278.3505154639,9278.350515463913,6400.0,800.0,0.0,0.0,25.07883260216688,RUNNING,1.0,False,
0.0256,1.0,True,300000.0,300000.0,300000.0,300000.0,309278.3505154639,9278.350515463913,6400.0,800.0,0.0,0.0,25.079141617742057,RUNNING,1.0,False,
0.0257,1.0,True,300000.0,300000.0,300000.0,300000.0,309278.3505154639,9278.350515463913,6400.0,800.0,0.0,0.0,25.07945063228718,RUNNING,1.0,False,
0.0258,1.0,True,300000.0,300000.0,300000.0,300000.0,309278.3505154639,9278.350515463913,6400.0,800.0,0.0,0.0,25.079759645802255,RUNNING,1.0,False,
0.025900000000000003,1.0,True,300000.0,300000.0,300000.0,300000.0,309278.3505154639,9278.350515463913,6400.0,800.0,0.0,0.0,25.080068658287285,RUNNING,1.0,False,
0.026000000000000002,1.0,True,300000.0,300000.0,300000.0,300000.0,309278.3505154639,9278.350515463913,6400.0,800.0,0.0,0.0,25.080377669742273,RUNNING,1.0,False,
0.0261,1.0,True,300000.0,300000.0,300000.0,300000.0,309278.3505154639,9278.350515463913,6400.0,800.0,0.0,0.0,25.080686680167222,RUNNING,1.0,False,
0.0262,1.0,True,300000.0,300000.0,300000.0,300000.0,309278.3505154639,9278.350515463913,6400.0,800.0,0.0,0.0,25.080995689562137,RUNNING,1.0,False,
0.0263,1.0,True,300000.0,300000.0,300000.0,300000.0,309278.3505154639,9278.350515463913,6400.0,800.0,0.0,0.0,25.08130469792702,RUNNING,1.0,False,
0.0264,1.0,True,300000.0,300000.0,300000.0,300000.0,309278.3505154639,9278.350515463913,6400.0,800.0,0.0,0.0,25.081613705261876,RUNNING,1.0,False,
0.026500000000000003,1.0,True,300000.0,300000.0,300000.0,300000.0,309278.3505154639,9278.350515463913,6400.0,800.0,0.0,0.0,25.08192271156671,RUNNING,1.0,False,
0.026600000000000002,1.0,True,300000.0,300000.0,300000.0,300000.0,309278.3505154639,9278.350515463913,6400.0,800.0,0.0,0.0,25.08223171684152,RUNNING,1.0,False,
0.0267,1.0,True,300000.0,300000.0,300000.0,300000.0,309278.3505154639,9278.350515463913,6400.0,800.0,0.0,0.0,25.082540721086314,RUNNING,1.0,False,
0.0268,1.0,True,300000.0,300000.0,300000.0,300000.0,309278.3505154639,9278.350515463913,6400.0,800.0,0.0,0.0,25.08284972430109,RUNNING,1.0,False,
0.0269,1.0,True,300000.0,300000.0,300000.0,300000.0,309278.3505154639,9278.350515463913,6400.0,800.0,0.0,0.0,25.08315872648586,RUNNING,1.0,False,
0.027,1.0,True,300000.0,300000.0,300000.0,300000.0,309278.3505154639,9278.350515463913,6400.0,800.0,0.0,0.0,25.08346772764062,RUNNING,1.0,False,
0.027100000000000003,1.0,True,300000.0,300000.0,300000.0,300000.0,309278.3505154639,9278.350515463913,6400.0,800.0,0.0,0.0,25.083776727765375,RUNNING,1.0,False,
0.027200000000000002,1.0,True,300000.0,300000.0,300000.0,300000.0,309278.3505154639,9278.350515463913,6400.0,800.0,0.0,0.0,25.08408572686013,RUNNING,1.0,False,
0.0273,1.0,True,300000.0,300000.0,300000.0,300000.0,309278.3505154639,9278.350515463913,6400.0,800.0,0.0,0.0,25.08439472492489,RUNNING,1.0,False,
0.0274,1.0,True,300000.0,300000.0,300000.0,300000.0,309278.3505154639,9278.350515463913,6400.0,800.0,0.0,0.0,25.084703721959656,RUNNING,1.0,False,
0.0275,1.0,True,300000.0,300000.0,300000.0,300000.0,309278.3505154639,9278.350515463913,6400.0,800.0,0.0,0.0,25.08501271796443,RUNNING,1.0,False,
0.027600000000000003,1.0,True,300000.0,300000.0,300000.0,300000.0,309278.3505154639,9278.350515463913,6400.0,800.0,0.0,0.0,25.08532171293922,RUNNING,1.0,False,
0.027700000000000002,1.0,True,300000.0,300000.0,300000.0,300000.0,309278.3505154639,9278.350515463913,6400.0,800.0,0.0,0.0,25.085630706884025,RUNNING,1.0,False,
0.027800000000000002,1.0,True,300000.0,300000.0,300000.0,300000.0,309278.3505154639,9278.350515463913,6400.0,800.0,0.0,0.0,25.08593969979885,RUNNING,1.0,False,
0.0279,1.0,True,300000.0,300000.0,300000.0,300000.0,309278.3505154639,9278.350515463913,6400.0,800.0,0.0,0.0,25.0862486916837,RUNNING,1.0,False,
0.028,1.0,True,300000.0,300000.0,300000.0,300000.0,309278.3505154639,9278.350515463913,6400.0,800.0,0.0,0.0,25.086557682538576,RUNNING,1.0,False,
0.0281,1.0,True,300000.0,300000.0,300000.0,300000.0,309278.3505154639,9278.350515463913,6400.0,800.0,0.0,0.0,25.086866672363485,RUNNING,1.0,False,
0.028200000000000003,1.0,True,300000.0,300000.0,300000.0,300000.0,309278.3505154639,9278.350515463913,6400.0,800.0,0.0,0.0,25.087175661158426,RUNNING,1.0,False,
0.028300000000000002,1.0,True,300000.0,300000.0,300000.0,300000.0,309278.3505154639,9278.350515463913,6400.0,800.0,0.0,0.0,25.087484648923404,RUNNING,1.0,False,
0.0284,1.0,True,300000.0,300000.0,300000.0,300000.0,309278.3505154639,9278.350515463913,6400.0,800.0,0.0,0.0,25.08779363565842,RUNNING,1.0,False,
0.0285,1.0,True,300000.0,300000.0,300000.0,300000.0,309278.3505154639,9278.350515463913,6400.0,800.0,0.0,0.0,25.088102621363486,RUNNING,1.0,False,
0.0286,1.0,True,300000.0,300000.0,300000.0,300000.0,309278.3505154639,9278.350515463913,6400.0,800.0,0.0,0.0,25.088411606038598,RUNNING,1.0,False,
0.0287,1.0,True,300000.0,300000.0,300000.0,300000.0,309278.3505154639,9278.350515463913,6400.0,800.0,0.0,0.0,25.08872058968376,RUNNING,1.0,False,
0.028800000000000003,1.0,True,300000.0,300000.0,300000.0,300000.0,309278.3505154639,9278.350515463913,6400.0,800.0,0.0,0.0,25.089029572298976,RUNNING,1.0,False,
0.028900000000000002,1.0,True,300000.0,300000.0,300000.0,300000.0,309278.3505154639,9278.350515463913,6400.0,800.0,0.0,0.0,25.08933855388425,RUNNING,1.0,False,
0.029,1.0,True,300000.0,300000.0,300000.0,300000.0,309278.3505154639,9278.350515463913,6400.0,800.0,0.0,0.0,25.089647534439585,RUNNING,1.0,False,
0.0291,1.0,True,300000.0,300000.0,300000.0,300000.0,309278.3505154639,9278.350515463913,6400.0,800.0,0.0,0.0,25.089956513964985,RUNNING,1.0,False,
0.0292,1.0,True,300000.0,300000.0,300000.0,300000.0,309278.3505154639,9278.350515463913,6400.0,800.0,0.0,0.0,25.090265492460453,RUNNING,1.0,False,
0.029300000000000003,1.0,True,300000.0,300000.0,300000.0,300000.0,309278.3505154639,9278.350515463913,6400.0,800.0,0.0,0.0,25.090574469925993,RUNNING,1.0,False,
0.029400000000000003,1.0,True,300000.0,300000.0,300000.0,300000.0,309278.3505154639,9278.350515463913,6400.0,800.0,0.0,0.0,25.09088344636161,RUNNING,1.0,False,
0.029500000000000002,1.0,True,300000.0,300000.0,300000.0,300000.0,309278.3505154639,9278.350515463913,6400.0,800.0,0.0,0.0,25.091192421767303,RUNNING,1.0,False,
0.0296,1.0,True,300000.0,300000.0,300000.0,300000.0,309278.3505154639,9278.350515463913,6400.0,800.0,0.0,0.0,25.09150139614308,RUNNING,1.0,False,
0.0297,1.0,True,300000.0,300000.0,300000.0,300000.0,309278.3505154639,9278.350515463913,6400.0,800.0,0.0,0.0,25.091810369488943,RUNNING,1.0,False,
0.0298,1.0,True,300000.0,300000.0,300000.0,300000.0,309278.3505154639,9278.350515463913,6400.0,800.0,0.0,0.0,25.092119341804892,RUNNING,1.0,False,
0.029900000000000003,1.0,True,300000.0,300000.0,300000.0,300000.0,309278.3505154639,9278.350515463913,6400.0,800.0,0.0,0.0,25.092428313090934,RUNNING,1.0,False,
0.030000000000000002,1.0,True,300000.0,300000.0,300000.0,300000.0,309278.3505154639,9278.350515463913,6400.0,800.0,0.0,0.0,25.092737283347073,RUNNING,1.0,False,
0.030100000000000002,1.0,True,300000.0,300000.0,300000.0,300000.0,309278.3505154639,9278.350515463913,6400.0,800.0,0.0,0.0,25.093046252573313,RUNNING,1.0,False,
0.0302,1.0,True,300000.0,300000.0,300000.0,300000.0,309278.3505154639,9278.350515463913,6400.0,800.0,0.0,0.0,25.093355220769652,RUNNING,1.0,False,
0.0303,1.0,True,300000.0,300000.0,300000.0,300000.0,309278.3505154639,9278.350515463913,6400.0,800.0,0.0,0.0,25.0936641879361,RUNNING,1.0,False,
0.0304,1.0,True,300000.0,300000.0,300000.0,300000.0,309278.3505154639,9278.350515463913,6400.0,800.0,0.0,0.0,25.093973154072653,RUNNING,1.0,False,
0.030500000000000003,1.0,True,300000.0,300000.0,300000.0,300000.0,309278.3505154639,9278.350515463913,6400.0,800.0,0.0,0.0,25.094282119179322,RUNNING,1.0,False,
0.030600000000000002,1.0,True,300000.0,300000.0,300000.0,300000.0,309278.3505154639,9278.350515463913,6400.0,800.0,0.0,0.0,25.094591083256105,RUNNING,1.0,False,
0.0307,1.0,True,300000.0,300000.0,300000.0,300000.0,309278.3505154639,9278.350515463913,6400.0,800.0,0.0,0.0,25.09490004630301,RUNNING,1.0,False,
0.0308,1.0,True,300000.0,300000.0,300000.0,300000.0,309278.3505154639,9278.350515463913,6400.0,800.0,0.0,0.0,25.095209008320037,RUNNING,1.0,False,
0.0309,1.0,True,300000.0,300000.0,300000.0,300000.0,309278.3505154639,9278.350515463913,6400.0,800.0,0.0,0.0,25.095517969307192,RUNNING,1.0,False,
0.031,1.0,True,300000.0,300000.0,300000.0,300000.0,309278.3505154639,9278.350515463913,6400.0,800.0,0.0,0.0,25.095826929264476,RUNNING,1.0,False,
0.031100000000000003,1.0,True,300000.0,300000.0,300000.0,300000.0,309278.3505154639,9278.350515463913,6400.0,800.0,0.0,0.0,25.096135888191895,RUNNING,1.0,False,
0.031200000000000002,1.0,True,300000.0,300000.0,300000.0,300000.0,309278.3505154639,9278.350515463913,6400.0,800.0,0.0,0.0,25.09644484608945,RUNNING,1.0,False,
0.0313,1.0,True,300000.0,300000.0,300000.0,300000.0,309278.3505154639,9278.350515463913,6400.0,800.0,0.0,0.0,25.096753802957146,RUNNING,1.0,False,
0.031400000000000004,1.0,True,300000.0,300000.0,300000.0,300000.0,309278.3505154639,9278.350515463913,6400.0,800.0,0.0,0.0,25.097062758794983,RUNNING,1.0,False,
0.0315,1.0,True,300000.0,300000.0,300000.0,300000.0,309278.3505154639,9278.350515463913,6400.0,800.0,0.0,0.0,25.09737171360297,RUNNING,1.0,False,
0.0316,1.0,True,300000.0,300000.0,300000.0,300000.0,309278.3505154639,9278.350515463913,6400.0,800.0,0.0,0.0,25.09768066738111,RUNNING,1.0,False,
0.0317,1.0,True,300000.0,300000.0,300000.0,300000.0,309278.3505154639,9278.350515463913,6400.0,800.0,0.0,0.0,25.0979896201294,RUNNING,1.0,False,
0.0318,1.0,True,300000.0,300000.0,300000.0,300000.0,309278.3505154639,9278.350515463913,6400.0,800.0,0.0,0.0,25.09829857184785,RUNNING,1.0,False,
0.031900000000000005,1.0,True,300000.0,300000.0,300000.0,300000.0,309278.3505154639,9278.350515463913,6400.0,800.0,0.0,0.0,25.098607522536458,RUNNING,1.0,False,
0.032,1.0,True,300000.0,300000.0,300000.0,300000.0,309278.3505154639,9278.350515463913,6400.0,800.0,0.0,0.0,25.09891647219523,RUNNING,1.0,False,
0.032100000000000004,1.0,True,300000.0,300000.0,300000.0,300000.0,309278.3505154639,9278.350515463913,6400.0,800.0,0.0,0.0,25.099225420824173,RUNNING,1.0,False,
0.0322,1.0,True,300000.0,300000.0,300000.0,300000.0,309278.3505154639,9278.350515463913,6400.0,800.0,0.0,0.0,25.099534368423285,RUNNING,1.0,False,
0.0323,1.0,True,300000.0,300000.0,300000.0,300000.0,309278.3505154639,9278.350515463913,6400.0,800.0,0.0,0.0,25.099843314992572,RUNNING,1.0,False,
0.0324,1.0,True,300000.0,300000.0,300000.0,300000.0,309278.3505154639,9278.350515463913,6400.0,800.0,0.0,0.0,25.100152260532038,RUNNING,1.0,False,
0.0325,1.0,True,300000.0,300000.0,300000.0,300000.0,309278.3505154639,9278.350515463913,6400.0,800.0,0.0,0.0,25.100461205041686,RUNNING,1.0,False,
0.032600000000000004,1.0,True,300000.0,300000.0,300000.0,300000.0,309278.3505154639,9278.350515463913,6400.0,800.0,0.0,0.0,25.10077014852152,RUNNING,1.0,False,
0.0327,1.0,True,300000.0,300000.0,300000.0,300000.0,309278.3505154639,9278.350515463913,6400.0,800.0,0.0,0.0,25.101079090971538,RUNNING,1.0,False,
0.0328,1.0,True,300000.0,300000.0,300000.0,300000.0,309278.3505154639,9278.350515463913,6400.0,800.0,0.0,0.0,25.10138803239175,RUNNING,1.0,False,
0.0329,1.0,True,300000.0,300000.0,300000.0,300000.0,309278.3505154639,9278.350515463913,6400.0,800.0,0.0,0.0,25.101696972782158,RUNNING,1.0,False,
0.033,1.0,True,300000.0,300000.0,300000.0,300000.0,309278.3505154639,9278.350515463913,6400.0,800.0,0.0,0.0,25.102005912142765,RUNNING,1.0,False,
0.033100000000000004,1.0,True,300000.0,300000.0,300000.0,300000.0,309278.3505154639,9278.350515463913,6400.0,800.0,0.0,0.0,25.102314850473572,RUNNING,1.0,False,
0.0332,1.0,True,300000.0,300000.0,300000.0,300000.0,309278.3505154639,9278.350515463913,6400.0,800.0,0.0,0.0,25.102623787774586,RUNNING,1.0,False,
0.0333,1.0,True,300000.0,300000.0,300000.0,300000.0,309278.3505154639,9278.350515463913,6400.0,800.0,0.0,0.0,25.10293272404581,RUNNING,1.0,False,
0.0334,1.0,True,300000.0,300000.0,300000.0,300000.0,309278.3505154639,9278.350515463913,6400.0,800.0,0.0,0.0,25.103241659287246,RUNNING,1.0,False,
0.0335,1.0,True,300000.0,300000.0,300000.0,300000.0,309278.3505154639,9278.350515463913,6400.0,800.0,0.0,0.0,25.1035505934989,RUNNING,1.0,False,
0.033600000000000005,1.0,True,300000.0,300000.0,300000.0,300000.0,309278.3505154639,9278.350515463913,6400.0,800.0,0.0,0.0,25.10385952668077,RUNNING,1.0,False,
0.0337,1.0,True,300000.0,300000.0,300000.0,300000.0,309278.3505154639,9278.350515463913,6400.0,800.0,0.0,0.0,25.104168458832863,RUNNING,1.0,False,
0.033800000000000004,1.0,True,300000.0,300000.0,300000.0,300000.0,309278.3505154639,9278.350515463913,6400.0,800.0,0.0,0.0,25.104477389955182,RUNNING,1.0,False,
0.0339,1.0,True,300000.0,300000.0,300000.0,300000.0,309278.3505154639,9278.350515463913,6400.0,800.0,0.0,0.0,25.10478632004773,RUNNING,1.0,False,
0.034,1.0,True,300000.0,300000.0,300000.0,300000.0,309278.3505154639,9278.350515463913,6400.0,800.0,0.0,0.0,25.105095249110512,RUNNING,1.0,False,
0.0341,1.0,True,300000.0,300000.0,300000.0,300000.0,309278.3505154639,9278.350515463913,6400.0,800.0,0.0,0.0,25.10540417714353,RUNNING,1.0,False,
0.0342,1.0,True,300000.0,300000.0,300000.0,300000.0,309278.3505154639,9278.350515463913,6400.0,800.0,0.0,0.0,25.105713104146787,RUNNING,1.0,False,
0.034300000000000004,1.0,True,300000.0,300000.0,300000.0,300000.0,309278.3505154639,9278.350515463913,6400.0,800.0,0.0,0.0,25.10602203012029,RUNNING,1.0,False,
0.0344,1.0,True,300000.0,300000.0,300000.0,300000.0,309278.3505154639,9278.350515463913,6400.0,800.0,0.0,0.0,25.10633095506404,RUNNING,1.0,False,
0.0345,1.0,True,300000.0,300000.0,300000.0,300000.0,309278.3505154639,9278.350515463913,6400.0,800.0,0.0,0.0,25.106639878978037,RUNNING,1.0,False,
0.0346,1.0,True,300000.0,300000.0,300000.0,300000.0,309278.3505154639,9278.350515463913,6400.0,800.0,0.0,0.0,25.106948801862288,RUNNING,1.0,False,
0.0347,1.0,True,300000.0,300000.0,300000.0,300000.0,309278.3505154639,9278.350515463913,6400.0,800.0,0.0,0.0,25.107257723716796,RUNNING,1.0,False,
0.034800000000000005,1.0,True,300000.0,300000.0,300000.0,300000.0,309278.3505154639,9278.350515463913,6400.0,800.0,0.0,0.0,25.107566644541564,RUNNING,1.0,False,
0.0349,1.0,True,300000.0,300000.0,300000.0,300000.0,309278.3505154639,9278.350515463913,6400.0,800.0,0.0,0.0,25.1078755643366,RUNNING,1.0,False,
0.035,1.0,True,300000.0,300000.0,300000.0,300000.0,309278.3505154639,9278.350515463913,6400.0,800.0,0.0,0.0,25.1081844831019,RUNNING,1.0,False,
0.0351,1.0,True,300000.0,300000.0,300000.0,300000.0,309278.3505154639,9278.350515463913,6400.0,800.0,0.0,0.0,25.108493400837474,RUNNING,1.0,False,
0.0352,1.0,True,300000.0,300000.0,300000.0,300000.0,309278.3505154639,9278.350515463913,6400.0,800.0,0.0,0.0,25.108802317543322,RUNNING,1.0,False,
0.035300000000000005,1.0,True,300000.0,300000.0,300000.0,300000.0,309278.3505154639,9278.350515463913,6400.0,800.0,0.0,0.0,25.109111233219444,RUNNING,1.0,False,
0.0354,1.0,True,300000.0,300000.0,300000.0,300000.0,309278.3505154639,9278.350515463913,6400.0,800.0,0.0,0.0,25.109420147865848,RUNNING,1.0,False,
0.035500000000000004,1.0,True,300000.0,300000.0,300000.0,300000.0,309278.3505154639,9278.350515463913,6400.0,800.0,0.0,0.0,25.109729061482536,RUNNING,1.0,False,
0.0356,1.0,True,300000.0,300000.0,300000.0,300000.0,309278.3505154639,9278.350515463913,6400.0,800.0,0.0,0.0,25.110037974069513,RUNNING,1.0,False,
0.0357,1.0,True,300000.0,300000.0,300000.0,300000.0,309278.3505154639,9278.350515463913,6400.0,800.0,0.0,0.0,25.110346885626782,RUNNING,1.0,False,
0.0358,1.0,True,300000.0,300000.0,300000.0,300000.0,309278.3505154639,9278.350515463913,6400.0,800.0,0.0,0.0,25.110655796154347,RUNNING,1.0,False,
0.0359,1.0,True,300000.0,300000.0,300000.0,300000.0,309278.3505154639,9278.350515463913,6400.0,800.0,0.0,0.0,25.110964705652208,RUNNING,1.0,False,
0.036000000000000004,1.0,True,300000.0,300000.0,300000.0,300000.0,309278.3505154639,9278.350515463913,6400.0,800.0,0.0,0.0,25.11127361412037,RUNNING,1.0,False,
0.0361,1.0,True,300000.0,300000.0,300000.0,300000.0,309278.3505154639,9278.350515463913,6400.0,800.0,0.0,0.0,25.11158252155884,RUNNING,1.0,False,
0.0362,1.0,True,300000.0,300000.0,300000.0,300000.0,309278.3505154639,9278.350515463913,6400.0,800.0,0.0,0.0,25.111891427967617,RUNNING,1.0,False,
0.0363,1.0,True,300000.0,300000.0,300000.0,300000.0,309278.3505154639,9278.350515463913,6400.0,800.0,0.0,0.0,25.112200333346706,RUNNING,1.0,False,
0.0364,1.0,True,300000.0,300000.0,300000.0,300000.0,309278.3505154639,9278.350515463913,6400.0,800.0,0.0,0.0,25.11250923769611,RUNNING,1.0,False,
0.036500000000000005,1.0,True,300000.0,300000.0,300000.0,300000.0,309278.3505154639,9278.350515463913,6400.0,800.0,0.0,0.0,25.112818141015833,RUNNING,1.0,False,
0.0366,1.0,True,300000.0,300000.0,300000.0,300000.0,309278.3505154639,9278.350515463913,6400.0,800.0,0.0,0.0,25.113127043305877,RUNNING,1.0,False,
0.0367,1.0,True,300000.0,300000.0,300000.0,300000.0,309278.3505154639,9278.350515463913,6400.0,800.0,0.0,0.0,25.11343594456625,RUNNING,1.0,False,
0.0368,1.0,True,300000.0,300000.0,300000.0,300000.0,309278.3505154639,9278.350515463913,6400.0,800.0,0.0,0.0,25.113744844796948,RUNNING,1.0,False,
0.0369,1.0,True,300000.0,300000.0,300000.0,300000.0,309278.3505154639,9278.350515463913,6400.0,800.0,0.0,0.0,25.11405374399798,RUNNING,1.0,False,
0.037000000000000005,1.0,True,300000.0,300000.0,300000.0,300000.0,309278.3505154639,9278.350515463913,6400.0,800.0,0.0,0.0,25.11436264216935,RUNNING,1.0,False,
0.0371,1.0,True,300000.0,300000.0,300000.0,300000.0,309278.3505154639,9278.350515463913,6400.0,800.0,0.0,0.0,25.114671539311058,RUNNING,1.0,False,
0.037200000000000004,1.0,True,300000.0,300000.0,300000.0,300000.0,309278.3505154639,9278.350515463913,6400.0,800.0,0.0,0.0,25.11498043542311,RUNNING,1.0,False,
0.0373,1.0,True,300000.0,300000.0,300000.0,300000.0,309278.3505154639,9278.350515463913,6400.0,800.0,0.0,0.0,25.115289330505508,RUNNING,1.0,False,
0.0374,1.0,True,300000.0,300000.0,300000.0,300000.0,309278.3505154639,9278.350515463913,6400.0,800.0,0.0,0.0,25.115598224558255,RUNNING,1.0,False,
0.0375,1.0,True,300000.0,300000.0,300000.0,300000.0,309278.3505154639,9278.350515463913,6400.0,800.0,0.0,0.0,25.115907117581354,RUNNING,1.0,False,
0.0376,1.0,True,300000.0,300000.0,300000.0,300000.0,309278.3505154639,9278.350515463913,6400.0,800.0,0.0,0.0,25.11621600957481,RUNNING,1.0,False,
0.037700000000000004,1.0,True,300000.0,300000.0,300000.0,300000.0,309278.3505154639,9278.350515463913,6400.0,800.0,0.0,0.0,25.116524900538625,RUNNING,1.0,False,
0.0378,1.0,True,300000.0,300000.0,300000.0,300000.0,309278.3505154639,9278.350515463913,6400.0,800.0,0.0,0.0,25.116833790472807,RUNNING,1.0,False,
0.0379,1.0,True,300000.0,300000.0,300000.0,300000.0,309278.3505154639,9278.350515463913,6400.0,800.0,0.0,0.0,25.117142679377356,RUNNING,1.0,False,
0.038,1.0,True,300000.0,300000.0,300000.0,300000.0,309278.3505154639,9278.350515463913,6400.0,800.0,0.0,0.0,25.117451567252274,RUNNING,1.0,False,
0.0381,1.0,True,300000.0,300000.0,300000.0,300000.0,309278.3505154639,9278.350515463913,6400.0,800.0,0.0,0.0,25.117760454097567,RUNNING,1.0,False,
0.038200000000000005,1.0,True,300000.0,300000.0,300000.0,300000.0,309278.3505154639,9278.350515463913,6400.0,800.0,0.0,0.0,25.118069339913237,RUNNING,1.0,False,
0.0383,1.0,True,300000.0,300000.0,300000.0,300000.0,309278.3505154639,9278.350515463913,6400.0,800.0,0.0,0.0,25.118378224699285,RUNNING,1.0,False,
0.038400000000000004,1.0,True,300000.0,300000.0,300000.0,300000.0,309278.3505154639,9278.350515463913,6400.0,800.0,0.0,0.0,25.118687108455717,RUNNING,1.0,False,
0.0385,1.0,True,300000.0,300000.0,300000.0,300000.0,309278.3505154639,9278.350515463913,6400.0,800.0,0.0,0.0,25.118995991182537,RUNNING,1.0,False,
0.0386,1.0,True,300000.0,300000.0,300000.0,300000.0,309278.3505154639,9278.350515463913,6400.0,800.0,0.0,0.0,25.11930487287975,RUNNING,1.0,False,
0.038700000000000005,1.0,True,300000.0,300000.0,300000.0,300000.0,309278.3505154639,9278.350515463913,6400.0,800.0,0.0,0.0,25.119613753547355,RUNNING,1.0,False,
0.0388,1.0,True,300000.0,300000.0,300000.0,300000.0,309278.3505154639,9278.350515463913,6400.0,800.0,0.0,0.0,25.119922633185357,RUNNING,1.0,False,
0.038900000000000004,1.0,True,300000.0,300000.0,300000.0,300000.0,309278.3505154639,9278.350515463913,6400.0,800.0,0.0,0.0,25.12023151179376,RUNNING,1.0,False,
0.039,1.0,True,300000.0,300000.0,300000.0,300000.0,309278.3505154639,9278.350515463913,6400.0,800.0,0.0,0.0,25.12054038937257,RUNNING,1.0,False,
0.0391,1.0,True,300000.0,300000.0,300000.0,300000.0,309278.3505154639,9278.350515463913,6400.0,800.0,0.0,0.0,25.120849265921787,RUNNING,1.0,False,
0.0392,1.0,True,300000.0,300000.0,300000.0,300000.0,309278.3505154639,9278.350515463913,6400.0,800.0,0.0,0.0,25.121158141441416,RUNNING,1.0,False,
0.0393,1.0,True,300000.0,300000.0,300000.0,300000.0,309278.3505154639,9278.350515463913,6400.0,800.0,0.0,0.0,25.12146701593146,RUNNING,1.0,False,
0.039400000000000004,1.0,True,300000.0,300000.0,300000.0,300000.0,309278.3505154639,9278.350515463913,6400.0,800.0,0.0,0.0,25.121775889391923,RUNNING,1.0,False,
0.0395,1.0,True,300000.0,300000.0,300000.0,300000.0,309278.3505154639,9278.350515463913,6400.0,800.0,0.0,0.0,25.12208476182281,RUNNING,1.0,False,
0.0396,1.0,True,300000.0,300000.0,300000.0,300000.0,309278.3505154639,9278.350515463913,6400.0,800.0,0.0,0.0,25.122393633224117,RUNNING,1.0,False,
0.0397,1.0,True,300000.0,300000.0,300000.0,300000.0,309278.3505154639,9278.350515463913,6400.0,800.0,0.0,0.0,25.122702503595857,RUNNING,1.0,False,
0.0398,1.0,True,300000.0,300000.0,300000.0,300000.0,309278.3505154639,9278.350515463913,6400.0,800.0,0.0,0.0,25.123011372938027,RUNNING,1.0,False,
0.039900000000000005,1.0,True,300000.0,300000.0,300000.0,300000.0,309278.3505154639,9278.350515463913,6400.0,800.0,0.0,0.0,25.12332024125063,RUNNING,1.0,False,
0.04,1.0,True,300000.0,300000.0,300000.0,300000.0,309278.3505154639,9278.350515463913,6400.0,800.0,0.0,0.0,25.123629108533677,RUNNING,1.0,False,
0.040100000000000004,1.0,True,300000.0,300000.0,300000.0,300000.0,309278.3505154639,9278.350515463913,6400.0,800.0,0.0,0.0,25.123937974787165,RUNNING,1.0,False,
0.0402,1.0,True,300000.0,300000.0,300000.0,300000.0,309278.3505154639,9278.350515463913,6400.0,800.0,0.0,0.0,25.124246840011097,RUNNING,1.0,False,
0.0403,1.0,True,300000.0,300000.0,300000.0,300000.0,309278.3505154639,9278.350515463913,6400.0,800.0,0.0,0.0,25.124555704205477,RUNNING,1.0,False,
0.040400000000000005,1.0,True,300000.0,300000.0,300000.0,300000.0,309278.3505154639,9278.350515463913,6400.0,800.0,0.0,0.0,25.124864567370313,RUNNING,1.0,False,
0.0405,1.0,True,300000.0,300000.0,300000.0,300000.0,309278.3505154639,9278.350515463913,6400.0,800.0,0.0,0.0,25.125173429505605,RUNNING,1.0,False,
0.040600000000000004,1.0,True,300000.0,300000.0,300000.0,300000.0,309278.3505154639,9278.350515463913,6400.0,800.0,0.0,0.0,25.125482290611355,RUNNING,1.0,False,
0.0407,1.0,True,300000.0,300000.0,300000.0,300000.0,309278.3505154639,9278.350515463913,6400.0,800.0,0.0,0.0,25.12579115068757,RUNNING,1.0,False,
0.0408,1.0,True,300000.0,300000.0,300000.0,300000.0,309278.3505154639,9278.350515463913,6400.0,800.0,0.0,0.0,25.126100009734248,RUNNING,1.0,False,
0.0409,1.0,True,300000.0,300000.0,300000.0,300000.0,309278.3505154639,9278.350515463913,6400.0,800.0,0.0,0.0,25.126408867751397,RUNNING,1.0,False,
0.041,1.0,True,300000.0,300000.0,300000.0,300000.0,309278.3505154639,9278.350515463913,6400.0,800.0,0.0,0.0,25.12671772473902,RUNNING,1.0,False,
0.041100000000000005,1.0,True,300000.0,300000.0,300000.0,300000.0,309278.3505154639,9278.350515463913,6400.0,800.0,0.0,0.0,25.12702658069712,RUNNING,1.0,False,
0.0412,1.0,True,300000.0,300000.0,300000.0,300000.0,309278.3505154639,9278.350515463913,6400.0,800.0,0.0,0.0,25.1273354356257,RUNNING,1.0,False,
0.0413,1.0,True,300000.0,300000.0,300000.0,300000.0,309278.3505154639,9278.350515463913,6400.0,800.0,0.0,0.0,25.127644289524763,RUNNING,1.0,False,
0.0414,1.0,True,300000.0,300000.0,300000.0,300000.0,309278.3505154639,9278.350515463913,6400.0,800.0,0.0,0.0,25.127953142394315,RUNNING,1.0,False,
0.0415,1.0,True,300000.0,300000.0,300000.0,300000.0,309278.3505154639,9278.350515463913,6400.0,800.0,0.0,0.0,25.128261994234357,RUNNING,1.0,False,
0.041600000000000005,1.0,True,300000.0,300000.0,300000.0,300000.0,309278.3505154639,9278.350515463913,6400.0,800.0,0.0,0.0,25.12857084504489,RUNNING,1.0,False,
0.0417,1.0,True,300000.0,300000.0,300000.0,300000.0,309278.3505154639,9278.350515463913,6400.0,800.0,0.0,0.0,25.128879694825923,RUNNING,1.0,False,
0.041800000000000004,1.0,True,300000.0,300000.0,300000.0,300000.0,309278.3505154639,9278.350515463913,6400.0,800.0,0.0,0.0,25.129188543577456,RUNNING,1.0,False,
0.0419,1.0,True,300000.0,300000.0,300000.0,300000.0,309278.3505154639,9278.350515463913,6400.0,800.0,0.0,0.0,25.12949739129949,RUNNING,1.0,False,
0.042,1.0,True,300000.0,300000.0,300000.0,300000.0,309278.3505154639,9278.350515463913,6400.0,800.0,0.0,0.0,25.129806237992035,RUNNING,1.0,False,
0.042100000000000005,1.0,True,300000.0,300000.0,300000.0,300000.0,309278.3505154639,9278.350515463913,6400.0,800.0,0.0,0.0,25.13011508365509,RUNNING,1.0,False,
0.0422,1.0,True,300000.0,300000.0,300000.0,300000.0,309278.3505154639,9278.350515463913,6400.0,800.0,0.0,0.0,25.13042392828866,RUNNING,1.0,False,
0.042300000000000004,1.0,True,300000.0,300000.0,300000.0,300000.0,309278.3505154639,9278.350515463913,6400.0,800.0,0.0,0.0,25.13073277189275,RUNNING,1.0,False,
0.0424,1.0,True,300000.0,300000.0,300000.0,300000.0,309278.3505154639,9278.350515463913,6400.0,800.0,0.0,0.0,25.131041614467357,RUNNING,1.0,False,
0.0425,1.0,True,300000.0,300000.0,300000.0,300000.0,309278.3505154639,9278.350515463913,6400.0,800.0,0.0,0.0,25.13135045601249,RUNNING,1.0,False,
0.0426,1.0,True,300000.0,300000.0,300000.0,300000.0,309278.3505154639,9278.350515463913,6400.0,800.0,0.0,0.0,25.131659296528152,RUNNING,1.0,False,
0.0427,1.0,True,300000.0,300000.0,300000.0,300000.0,309278.3505154639,9278.350515463913,6400.0,800.0,0.0,0.0,25.131968136014347,RUNNING,1.0,False,
0.042800000000000005,1.0,True,300000.0,300000.0,300000.0,300000.0,309278.3505154639,9278.350515463913,6400.0,800.0,0.0,0.0,25.132276974471075,RUNNING,1.0,False,
0.0429,1.0,True,300000.0,300000.0,300000.0,300000.0,309278.3505154639,9278.350515463913,6400.0,800.0,0.0,0.0,25.13258581189834,RUNNING,1.0,False,
0.043000000000000003,1.0,True,300000.0,300000.0,300000.0,300000.0,309278.3505154639,9278.350515463913,6400.0,800.0,0.0,0.0,25.13289464829615,RUNNING,1.0,False,
0.0431,1.0,True,300000.0,300000.0,300000.0,300000.0,309278.3505154639,9278.350515463913,6400.0,800.0,0.0,0.0,25.133203483664506,RUNNING,1.0,False,
0.0432,1.0,True,300000.0,300000.0,300000.0,300000.0,309278.3505154639,9278.350515463913,6400.0,800.0,0.0,0.0,25.133512318003408,RUNNING,1.0,False,
0.043300000000000005,1.0,True,300000.0,300000.0,300000.0,300000.0,309278.3505154639,9278.350515463913,6400.0,800.0,0.0,0.0,25.133821151312862,RUNNING,1.0,False,
0.0434,1.0,True,300000.0,300000.0,300000.0,300000.0,309278.3505154639,9278.350515463913,6400.0,800.0,0.0,0.0,25.134129983592874,RUNNING,1.0,False,
0.043500000000000004,1.0,True,300000.0,300000.0,300000.0,300000.0,309278.3505154639,9278.350515463913,6400.0,800.0,0.0,0.0,25.134438814843445,RUNNING,1.0,False,
0.0436,1.0,True,300000.0,300000.0,300000.0,300000.0,309278.3505154639,9278.350515463913,6400.0,800.0,0.0,0.0,25.13474764506458,RUNNING,1.0,False,
0.0437,1.0,True,300000.0,300000.0,300000.0,300000.0,309278.3505154639,9278.350515463913,6400.0,800.0,0.0,0.0,25.135056474256277,RUNNING,1.0,False,
0.0438,1.0,True,300000.0,300000.0,300000.0,300000.0,309278.3505154639,9278.350515463913,6400.0,800.0,0.0,0.0,25.135365302418545,RUNNING,1.0,False,
0.0439,1.0,True,300000.0,300000.0,300000.0,300000.0,309278.3505154639,9278.350515463913,6400.0,800.0,0.0,0.0,25.135674129551386,RUNNING,1.0,False,
0.044000000000000004,1.0,True,300000.0,300000.0,300000.0,300000.0,309278.3505154639,9278.350515463913,6400.0,800.0,0.0,0.0,25.135982955654804,RUNNING,1.0,False,
0.0441,1.0,True,300000.0,300000.0,300000.0,300000.0,309278.3505154639,9278.350515463913,6400.0,800.0,0.0,0.0,25.1362917807288,RUNNING,1.0,False,
0.0442,1.0,True,300000.0,300000.0,300000.0,300000.0,309278.3505154639,9278.350515463913,6400.0,800.0,0.0,0.0,25.13660060477338,RUNNING,1.0,False,
0.0443,1.0,True,300000.0,300000.0,300000.0,300000.0,309278.3505154639,9278.350515463913,6400.0,800.0,0.0,0.0,25.13690942778855,RUNNING,1.0,False,
0.0444,1.0,True,300000.0,300000.0,300000.0,300000.0,309278.3505154639,9278.350515463913,6400.0,800.0,0.0,0.0,25.137218249774303,RUNNING,1.0,False,
0.044500000000000005,1.0,True,300000.0,300000.0,300000.0,300000.0,309278.3505154639,9278.350515463913,6400.0,800.0,0.0,0.0,25.137527070730652,RUNNING,1.0,False,
0.0446,1.0,True,300000.0,300000.0,300000.0,300000.0,309278.3505154639,9278.350515463913,6400.0,800.0,0.0,0.0,25.1378358906576,RUNNING,1.0,False,
0.044700000000000004,1.0,True,300000.0,300000.0,300000.0,300000.0,309278.3505154639,9278.350515463913,6400.0,800.0,0.0,0.0,25.138144709555146,RUNNING,1.0,False,
0.0448,1.0,True,300000.0,300000.0,300000.0,300000.0,309278.3505154639,9278.350515463913,6400.0,800.0,0.0,0.0,25.138453527423295,RUNNING,1.0,False,
0.0449,1.0,True,300000.0,300000.0,300000.0,300000.0,309278.3505154639,9278.350515463913,6400.0,800.0,0.0,0.0,25.13876234426205,RUNNING,1.0,False,
0.045000000000000005,1.0,True,300000.0,300000.0,300000.0,300000.0,309278.3505154639,9278.350515463913,6400.0,800.0,0.0,0.0,25.13907116007142,RUNNING,1.0,False,
0.0451,1.0,True,300000.0,300000.0,300000.0,300000.0,309278.3505154639,9278.350515463913,6400.0,800.0,0.0,0.0,25.1393799748514,RUNNING,1.0,False,
0.045200000000000004,1.0,True,300000.0,300000.0,300000.0,300000.0,309278.3505154639,9278.350515463913,6400.0,800.0,0.0,0.0,25.139688788602,RUNNING,1.0,False,
0.0453,1.0,True,300000.0,300000.0,300000.0,300000.0,309278.3505154639,9278.350515463913,6400.0,800.0,0.0,0.0,25.13999760132322,RUNNING,1.0,False,
0.0454,1.0,True,300000.0,300000.0,300000.0,300000.0,309278.3505154639,9278.350515463913,6400.0,800.0,0.0,0.0,25.140306413015065,RUNNING,1.0,False,
0.0455,1.0,True,300000.0,300000.0,300000.0,300000.0,309278.3505154639,9278.350515463913,6400.0,800.0,0.0,0.0,25.140615223677536,RUNNING,1.0,False,
0.0456,1.0,True,300000.0,300000.0,300000.0,300000.0,309278.3505154639,9278.350515463913,6400.0,800.0,0.0,0.0,25.14092403331064,RUNNING,1.0,False,
0.045700000000000005,1.0,True,300000.0,300000.0,300000.0,300000.0,309278.3505154639,9278.350515463913,6400.0,800.0,0.0,0.0,25.141232841914377,RUNNING,1.0,False,
0.0458,1.0,True,300000.0,300000.0,300000.0,300000.0,309278.3505154639,9278.350515463913,6400.0,800.0,0.0,0.0,25.14154164948875,RUNNING,1.0,False,
0.0459,1.0,True,300000.0,300000.0,300000.0,300000.0,309278.3505154639,9278.350515463913,6400.0,800.0,0.0,0.0,25.14185045603377,RUNNING,1.0,False,
0.046,1.0,True,300000.0,300000.0,300000.0,300000.0,309278.3505154639,9278.350515463913,6400.0,800.0,0.0,0.0,25.14215926154943,RUNNING,1.0,False,
0.0461,1.0,True,300000.0,300000.0,300000.0,300000.0,309278.3505154639,9278.350515463913,6400.0,800.0,0.0,0.0,25.14246806603574,RUNNING,1.0,False,
0.046200000000000005,1.0,True,300000.0,300000.0,300000.0,300000.0,309278.3505154639,9278.350515463913,6400.0,800.0,0.0,0.0,25.142776869492703,RUNNING,1.0,False,
0.0463,1.0,True,300000.0,300000.0,300000.0,300000.0,309278.3505154639,9278.350515463913,6400.0,800.0,0.0,0.0,25.14308567192032,RUNNING,1.0,False,
0.046400000000000004,1.0,True,300000.0,300000.0,300000.0,300000.0,309278.3505154639,9278.350515463913,6400.0,800.0,0.0,0.0,25.143394473318597,RUNNING,1.0,False,
0.0465,1.0,True,300000.0,300000.0,300000.0,300000.0,309278.3505154639,9278.350515463913,6400.0,800.0,0.0,0.0,25.143703273687535,RUNNING,1.0,False,
0.0466,1.0,True,300000.0,300000.0,300000.0,300000.0,309278.3505154639,9278.350515463913,6400.0,800.0,0.0,0.0,25.144012073027138,RUNNING,1.0,False,
0.046700000000000005,1.0,True,300000.0,300000.0,300000.0,300000.0,309278.3505154639,9278.350515463913,6400.0,800.0,0.0,0.0,25.14432087133741,RUNNING,1.0,False,
0.0468,1.0,True,300000.0,300000.0,300000.0,300000.0,309278.3505154639,9278.350515463913,6400.0,800.0,0.0,0.0,25.144629668618354,RUNNING,1.0,False,
0.046900000000000004,1.0,True,300000.0,300000.0,300000.0,300000.0,309278.3505154639,9278.350515463913,6400.0,800.0,0.0,0.0,25.144938464869973,RUNNING,1.0,False,
0.047,1.0,True,300000.0,300000.0,300000.0,300000.0,309278.3505154639,9278.350515463913,6400.0,800.0,0.0,0.0,25.145247260092273,RUNNING,1.0,False,
0.0471,1.0,True,300000.0,300000.0,300000.0,300000.0,309278.3505154639,9278.350515463913,6400.0,800.0,0.0,0.0,25.145556054285255,RUNNING,1.0,False,
0.0472,1.0,True,300000.0,300000.0,300000.0,300000.0,309278.3505154639,9278.350515463913,6400.0,800.0,0.0,0.0,25.145864847448923,RUNNING,1.0,False,
0.0473,1.0,True,300000.0,300000.0,300000.0,300000.0,309278.3505154639,9278.350515463913,6400.0,800.0,0.0,0.0,25.14617363958328,RUNNING,1.0,False,
0.047400000000000005,1.0,True,300000.0,300000.0,300000.0,300000.0,309278.3505154639,9278.350515463913,6400.0,800.0,0.0,0.0,25.14648243068833,RUNNING,1.0,False,
0.0475,1.0,True,300000.0,300000.0,300000.0,300000.0,309278.3505154639,9278.350515463913,6400.0,800.0,0.0,0.0,25.146791220764076,RUNNING,1.0,False,
0.0476,1.0,True,300000.0,300000.0,300000.0,300000.0,309278.3505154639,9278.350515463913,6400.0,800.0,0.0,0.0,25.147100009810522,RUNNING,1.0,False,
0.0477,1.0,True,300000.0,300000.0,300000.0,300000.0,309278.3505154639,9278.350515463913,6400.0,800.0,0.0,0.0,25.147408797827673,RUNNING,1.0,False,
0.0478,1.0,True,300000.0,300000.0,300000.0,300000.0,309278.3505154639,9278.350515463913,6400.0,800.0,0.0,0.0,25.147717584815528,RUNNING,1.0,False,
0.047900000000000005,1.0,True,300000.0,300000.0,300000.0,300000.0,309278.3505154639,9278.350515463913,6400.0,800.0,0.0,0.0,25.148026370774094,RUNNING,1.0,False,
0.048,1.0,True,300000.0,300000.0,300000.0,300000.0,309278.3505154639,9278.350515463913,6400.0,800.0,0.0,0.0,25.148335155703375,RUNNING,1.0,False,
0.048100000000000004,1.0,True,300000.0,300000.0,300000.0,300000.0,309278.3505154639,9278.350515463913,6400.0,800.0,0.0,0.0,25.14864393960337,RUNNING,1.0,False,
0.0482,1.0,True,300000.0,300000.0,300000.0,300000.0,309278.3505154639,9278.350515463913,6400.0,800.0,0.0,0.0,25.14895272247409,RUNNING,1.0,False,
0.0483,1.0,True,300000.0,300000.0,300000.0,300000.0,309278.3505154639,9278.350515463913,6400.0,800.0,0.0,0.0,25.14926150431553,RUNNING,1.0,False,
0.048400000000000006,1.0,True,300000.0,300000.0,300000.0,300000.0,309278.3505154639,9278.350515463913,6400.0,800.0,0.0,0.0,25.149570285127698,RUNNING,1.0,False,
0.0485,1.0,True,300000.0,300000.0,300000.0,300000.0,309278.3505154639,9278.350515463913,6400.0,800.0,0.0,0.0,25.149879064910596,RUNNING,1.0,False,
0.048600000000000004,1.0,True,300000.0,300000.0,300000.0,300000.0,309278.3505154639,9278.350515463913,6400.0,800.0,0.0,0.0,25.150187843664227,RUNNING,1.0,False,
0.0487,1.0,True,300000.0,300000.0,300000.0,300000.0,309278.3505154639,9278.350515463913,6400.0,800.0,0.0,0.0,25.150496621388598,RUNNING,1.0,False,
0.0488,1.0,True,300000.0,300000.0,300000.0,300000.0,309278.3505154639,9278.350515463913,6400.0,800.0,0.0,0.0,25.15080539808371,RUNNING,1.0,False,
0.0489,1.0,True,300000.0,300000.0,300000.0,300000.0,309278.3505154639,9278.350515463913,6400.0,800.0,0.0,0.0,25.151114173749562,RUNNING,1.0,False,
0.049,1.0,True,300000.0,300000.0,300000.0,300000.0,309278.3505154639,9278.350515463913,6400.0,800.0,0.0,0.0,25.151422948386166,RUNNING,1.0,False,
0.049100000000000005,1.0,True,300000.0,300000.0,300000.0,300000.0,309278.3505154639,9278.350515463913,6400.0,800.0,0.0,0.0,25.15173172199352,RUNNING,1.0,False,
0.0492,1.0,True,300000.0,300000.0,300000.0,300000.0,309278.3505154639,9278.350515463913,6400.0,800.0,0.0,0.0,25.15204049457163,RUNNING,1.0,False,
0.049300000000000004,1.0,True,300000.0,300000.0,300000.0,300000.0,309278.3505154639,9278.350515463913,6400.0,800.0,0.0,0.0,25.152349266120495,RUNNING,1.0,False,
0.0494,1.0,True,300000.0,300000.0,300000.0,300000.0,309278.3505154639,9278.350515463913,6400.0,800.0,0.0,0.0,25.152658036640123,RUNNING,1.0,False,
0.0495,1.0,True,300000.0,300000.0,300000.0,300000.0,309278.3505154639,9278.350515463913,6400.0,800.0,0.0,0.0,25.152966806130514,RUNNING,1.0,False,
0.049600000000000005,1.0,True,300000.0,300000.0,300000.0,300000.0,309278.3505154639,9278.350515463913,6400.0,800.0,0.0,0.0,25.153275574591675,RUNNING,1.0,False,
0.0497,1.0,True,300000.0,300000.0,300000.0,300000.0,309278.3505154639,9278.350515463913,6400.0,800.0,0.0,0.0,25.153584342023606,RUNNING,1.0,False,
0.049800000000000004,1.0,True,300000.0,300000.0,300000.0,300000.0,309278.3505154639,9278.350515463913,6400.0,800.0,0.0,0.0,25.153893108426313,RUNNING,1.0,False,
0.0499,1.0,True,300000.0,300000.0,300000.0,300000.0,309278.3505154639,9278.350515463913,6400.0,800.0,0.0,0.0,25.1542018737998,RUNNING,1.0,False,
0.05,1.0,True,300000.0,300000.0,300000.0,300000.0,309278.3505154639,9278.350515463913,6400.0,800.0,0.0,0.0,25.154510638144068,RUNNING,1.0,False,
0.050100000000000006,1.0,True,300000.0,300000.0,300000.0,300000.0,309278.3505154639,9278.350515463913,6400.0,800.0,0.0,0.0,25.15481940145912,RUNNING,1.0,False,
0.0502,1.0,True,300000.0,300000.0,300000.0,300000.0,309278.3505154639,9278.350515463913,6400.0,800.0,0.0,0.0,25.155128163744966,RUNNING,1.0,False,
0.050300000000000004,1.0,True,300000.0,300000.0,300000.0,300000.0,309278.3505154639,9278.350515463913,6400.0,800.0,0.0,0.0,25.155436925001602,RUNNING,1.0,False,
0.0504,1.0,True,300000.0,300000.0,300000.0,300000.0,309278.3505154639,9278.350515463913,6400.0,800.0,0.0,0.0,25.155745685229036,RUNNING,1.0,False,
0.0505,1.0,True,300000.0,300000.0,300000.0,300000.0,309278.3505154639,9278.350515463913,6400.0,800.0,0.0,0.0,25.156054444427266,RUNNING,1.0,False,
0.0506,1.0,True,300000.0,300000.0,300000.0,300000.0,309278.3505154639,9278.350515463913,6400.0,800.0,0.0,0.0,25.1563632025963,RUNNING,1.0,False,
0.0507,1.0,True,300000.0,300000.0,300000.0,300000.0,309278.3505154639,9278.350515463913,6400.0,800.0,0.0,0.0,25.15667195973614,RUNNING,1.0,False,
0.050800000000000005,1.0,True,300000.0,300000.0,300000.0,300000.0,309278.3505154639,9278.350515463913,6400.0,800.0,0.0,0.0,25.15698071584679,RUNNING,1.0,False,
0.0509,1.0,True,300000.0,300000.0,300000.0,300000.0,309278.3505154639,9278.350515463913,6400.0,800.0,0.0,0.0,25.15728947092825,RUNNING,1.0,False,
0.051000000000000004,1.0,True,300000.0,300000.0,300000.0,300000.0,309278.3505154639,9278.350515463913,6400.0,800.0,0.0,0.0,25.157598224980532,RUNNING,1.0,False,
0.0511,1.0,True,300000.0,300000.0,300000.0,300000.0,309278.3505154639,9278.350515463913,6400.0,800.0,0.0,0.0,25.15790697800363,RUNNING,1.0,False,
0.0512,1.0,True,300000.0,300000.0,300000.0,300000.0,309278.3505154639,9278.350515463913,6400.0,800.0,0.0,0.0,25.158215729997554,RUNNING,1.0,False,
0.051300000000000005,1.0,True,300000.0,300000.0,300000.0,300000.0,309278.3505154639,9278.350515463913,6400.0,800.0,0.0,0.0,25.158524480962303,RUNNING,1.0,False,
0.0514,1.0,True,300000.0,300000.0,300000.0,300000.0,309278.3505154639,9278.350515463913,6400.0,800.0,0.0,0.0,25.15883323089788,RUNNING,1.0,False,
0.051500000000000004,1.0,True,300000.0,300000.0,300000.0,300000.0,309278.3505154639,9278.350515463913,6400.0,800.0,0.0,0.0,25.159141979804293,RUNNING,1.0,False,
0.0516,1.0,True,300000.0,300000.0,300000.0,300000.0,309278.3505154639,9278.350515463913,6400.0,800.0,0.0,0.0,25.15945072768154,RUNNING,1.0,False,
0.0517,1.0,True,300000.0,300000.0,300000.0,300000.0,309278.3505154639,9278.350515463913,6400.0,800.0,0.0,0.0,25.159759474529633,RUNNING,1.0,False,
0.051800000000000006,1.0,True,300000.0,300000.0,300000.0,300000.0,309278.3505154639,9278.350515463913,6400.0,800.0,0.0,0.0,25.160068220348567,RUNNING,1.0,False,
0.0519,1.0,True,300000.0,300000.0,300000.0,300000.0,309278.3505154639,9278.350515463913,6400.0,800.0,0.0,0.0,25.160376965138347,RUNNING,1.0,False,
0.052000000000000005,1.0,True,300000.0,300000.0,300000.0,300000.0,309278.3505154639,9278.350515463913,6400.0,800.0,0.0,0.0,25.160685708898978,RUNNING,1.0,False,
0.0521,1.0,True,300000.0,300000.0,300000.0,300000.0,309278.3505154639,9278.350515463913,6400.0,800.0,0.0,0.0,25.160994451630465,RUNNING,1.0,False,
0.0522,1.0,True,300000.0,300000.0,300000.0,300000.0,309278.3505154639,9278.350515463913,6400.0,800.0,0.0,0.0,25.16130319333281,RUNNING,1.0,False,
0.0523,1.0,True,300000.0,300000.0,300000.0,300000.0,309278.3505154639,9278.350515463913,6400.0,800.0,0.0,0.0,25.161611934006014,RUNNING,1.0,False,
0.0524,1.0,True,300000.0,300000.0,300000.0,300000.0,309278.3505154639,9278.350515463913,6400.0,800.0,0.0,0.0,25.161920673650084,RUNNING,1.0,False,
0.052500000000000005,1.0,True,300000.0,300000.0,300000.0,300000.0,309278.3505154639,9278.350515463913,6400.0,800.0,0.0,0.0,25.16222941226502,RUNNING,1.0,False,
0.0526,1.0,True,300000.0,300000.0,300000.0,300000.0,309278.3505154639,9278.350515463913,6400.0,800.0,0.0,0.0,25.16253814985083,RUNNING,1.0,False,
0.052700000000000004,1.0,True,300000.0,300000.0,300000.0,300000.0,309278.3505154639,9278.350515463913,6400.0,800.0,0.0,0.0,25.16284688640751,RUNNING,1.0,False,
0.0528,1.0,True,300000.0,300000.0,300000.0,300000.0,309278.3505154639,9278.350515463913,6400.0,800.0,0.0,0.0,25.163155621935072,RUNNING,1.0,False,
0.0529,1.0,True,300000.0,300000.0,300000.0,300000.0,309278.3505154639,9278.350515463913,6400.0,800.0,0.0,0.0,25.163464356433515,RUNNING,1.0,False,
0.053000000000000005,1.0,True,300000.0,300000.0,300000.0,300000.0,309278.3505154639,9278.350515463913,6400.0,800.0,0.0,0.0,25.163773089902843,RUNNING,1.0,False,
0.0531,1.0,True,300000.0,300000.0,300000.0,300000.0,309278.3505154639,9278.350515463913,6400.0,800.0,0.0,0.0,25.16408182234306,RUNNING,1.0,False,
0.053200000000000004,1.0,True,300000.0,300000.0,300000.0,300000.0,309278.3505154639,9278.350515463913,6400.0,800.0,0.0,0.0,25.164390553754167,RUNNING,1.0,False,
0.0533,1.0,True,300000.0,300000.0,300000.0,300000.0,309278.3505154639,9278.350515463913,6400.0,800.0,0.0,0.0,25.16469928413617,RUNNING,1.0,False,
0.0534,1.0,True,300000.0,300000.0,300000.0,300000.0,309278.3505154639,9278.350515463913,6400.0,800.0,0.0,0.0,25.16500801348907,RUNNING,1.0,False,
0.053500000000000006,1.0,True,300000.0,300000.0,300000.0,300000.0,309278.3505154639,9278.350515463913,6400.0,800.0,0.0,0.0,25.165316741812877,RUNNING,1.0,False,
0.0536,1.0,True,300000.0,300000.0,300000.0,300000.0,309278.3505154639,9278.350515463913,6400.0,800.0,0.0,0.0,25.165625469107585,RUNNING,1.0,False,
0.053700000000000005,1.0,True,300000.0,300000.0,300000.0,300000.0,309278.3505154639,9278.350515463913,6400.0,800.0,0.0,0.0,25.165934195373204,RUNNING,1.0,False,
0.0538,1.0,True,300000.0,300000.0,300000.0,300000.0,309278.3505154639,9278.350515463913,6400.0,800.0,0.0,0.0,25.166242920609736,RUNNING,1.0,False,
0.0539,1.0,True,300000.0,300000.0,300000.0,300000.0,309278.3505154639,9278.350515463913,6400.0,800.0,0.0,0.0,25.166551644817183,RUNNING,1.0,False,
0.054,1.0,True,300000.0,300000.0,300000.0,300000.0,309278.3505154639,9278.350515463913,6400.0,800.0,0.0,0.0,25.16686036799555,RUNNING,1.0,False,
0.0541,1.0,True,300000.0,300000.0,300000.0,300000.0,309278.3505154639,9278.350515463913,6400.0,800.0,0.0,0.0,25.16716909014484,RUNNING,1.0,False,
0.054200000000000005,1.0,True,300000.0,300000.0,300000.0,300000.0,309278.3505154639,9278.350515463913,6400.0,800.0,0.0,0.0,25.167477811265055,RUNNING,1.0,False,
0.0543,1.0,True,300000.0,300000.0,300000.0,300000.0,309278.3505154639,9278.350515463913,6400.0,800.0,0.0,0.0,25.1677865313562,RUNNING,1.0,False,
0.054400000000000004,1.0,True,300000.0,300000.0,300000.0,300000.0,309278.3505154639,9278.350515463913,6400.0,800.0,0.0,0.0,25.168095250418276,RUNNING,1.0,False,
0.0545,1.0,True,300000.0,300000.0,300000.0,300000.0,309278.3505154639,9278.350515463913,6400.0,800.0,0.0,0.0,25.16840396845129,RUNNING,1.0,False,
0.0546,1.0,True,300000.0,300000.0,300000.0,300000.0,309278.3505154639,9278.350515463913,6400.0,800.0,0.0,0.0,25.168712685455244,RUNNING,1.0,False,
0.054700000000000006,1.0,True,300000.0,300000.0,300000.0,300000.0,309278.3505154639,9278.350515463913,6400.0,800.0,0.0,0.0,25.16902140143014,RUNNING,1.0,False,
0.0548,1.0,True,300000.0,300000.0,300000.0,300000.0,309278.3505154639,9278.350515463913,6400.0,800.0,0.0,0.0,25.169330116375985,RUNNING,1.0,False,
0.054900000000000004,1.0,True,300000.0,300000.0,300000.0,300000.0,309278.3505154639,9278.350515463913,6400.0,800.0,0.0,0.0,25.16963883029278,RUNNING,1.0,False,
0.055,1.0,True,300000.0,300000.0,300000.0,300000.0,309278.3505154639,9278.350515463913,6400.0,800.0,0.0,0.0,25.169947543180527,RUNNING,1.0,False,
0.0551,1.0,True,300000.0,300000.0,300000.0,300000.0,309278.3505154639,9278.350515463913,6400.0,800.0,0.0,0.0,25.17025625503923,RUNNING,1.0,False,
0.055200000000000006,1.0,True,300000.0,300000.0,300000.0,300000.0,309278.3505154639,9278.350515463913,6400.0,800.0,0.0,0.0,25.170564965868895,RUNNING,1.0,False,
0.0553,1.0,True,300000.0,300000.0,300000.0,300000.0,309278.3505154639,9278.350515463913,6400.0,800.0,0.0,0.0,25.170873675669522,RUNNING,1.0,False,
0.055400000000000005,1.0,True,300000.0,300000.0,300000.0,300000.0,309278.3505154639,9278.350515463913,6400.0,800.0,0.0,0.0,25.17118238444112,RUNNING,1.0,False,
0.0555,1.0,True,300000.0,300000.0,300000.0,300000.0,309278.3505154639,9278.350515463913,6400.0,800.0,0.0,0.0,25.17149109218369,RUNNING,1.0,False,
0.055600000000000004,1.0,True,300000.0,300000.0,300000.0,300000.0,309278.3505154639,9278.350515463913,6400.0,800.0,0.0,0.0,25.171799798897233,RUNNING,1.0,False,
0.0557,1.0,True,300000.0,300000.0,300000.0,300000.0,309278.3505154639,9278.350515463913,6400.0,800.0,0.0,0.0,25.17210850458175,RUNNING,1.0,False,
0.0558,1.0,True,300000.0,300000.0,300000.0,300000.0,309278.3505154639,9278.350515463913,6400.0,800.0,0.0,0.0,25.17241720923725,RUNNING,1.0,False,
0.055900000000000005,1.0,True,300000.0,300000.0,300000.0,300000.0,309278.3505154639,9278.350515463913,6400.0,800.0,0.0,0.0,25.172725912863733,RUNNING,1.0,False,
0.056,1.0,True,300000.0,300000.0,300000.0,300000.0,309278.3505154639,9278.350515463913,6400.0,800.0,0.0,0.0,25.173034615461205,RUNNING,1.0,False,
0.056100000000000004,1.0,True,300000.0,300000.0,300000.0,300000.0,309278.3505154639,9278.350515463913,6400.0,800.0,0.0,0.0,25.17334331702967,RUNNING,1.0,False,
0.0562,1.0,True,300000.0,300000.0,300000.0,300000.0,309278.3505154639,9278.350515463913,6400.0,800.0,0.0,0.0,25.17365201756913,RUNNING,1.0,False,
0.0563,1.0,True,300000.0,300000.0,300000.0,300000.0,309278.3505154639,9278.350515463913,6400.0,800.0,0.0,0.0,25.173960717079584,RUNNING,1.0,False,
0.056400000000000006,1.0,True,300000.0,300000.0,300000.0,300000.0,309278.3505154639,9278.350515463913,6400.0,800.0,0.0,0.0,25.174269415561042,RUNNING,1.0,False,
0.0565,1.0,True,300000.0,300000.0,300000.0,300000.0,309278.3505154639,9278.350515463913,6400.0,800.0,0.0,0.0,25.174578113013506,RUNNING,1.0,False,
0.056600000000000004,1.0,True,300000.0,300000.0,300000.0,300000.0,309278.3505154639,9278.350515463913,6400.0,800.0,0.0,0.0,25.174886809436977,RUNNING,1.0,False,
0.0567,1.0,True,300000.0,300000.0,300000.0,300000.0,309278.3505154639,9278.350515463913,6400.0,800.0,0.0,0.0,25.17519550483146,RUNNING,1.0,False,
0.0568,1.0,True,300000.0,300000.0,300000.0,300000.0,309278.3505154639,9278.350515463913,6400.0,800.0,0.0,0.0,25.17550419919696,RUNNING,1.0,False,
0.056900000000000006,1.0,True,300000.0,300000.0,300000.0,300000.0,309278.3505154639,9278.350515463913,6400.0,800.0,0.0,0.0,25.17581289253348,RUNNING,1.0,False,
0.057,1.0,True,300000.0,300000.0,300000.0,300000.0,309278.3505154639,9278.350515463913,6400.0,800.0,0.0,0.0,25.17612158484102,RUNNING,1.0,False,
0.057100000000000005,1.0,True,300000.0,300000.0,300000.0,300000.0,309278.3505154639,9278.350515463913,6400.0,800.0,0.0,0.0,25.176430276119586,RUNNING,1.0,False,
0.0572,1.0,True,300000.0,300000.0,300000.0,300000.0,309278.3505154639,9278.350515463913,6400.0,800.0,0.0,0.0,25.176738966369182,RUNNING,1.0,False,
0.057300000000000004,1.0,True,300000.0,300000.0,300000.0,300000.0,309278.3505154639,9278.350515463913,6400.0,800.0,0.0,0.0,25.17704765558981,RUNNING,1.0,False,
0.0574,1.0,True,300000.0,300000.0,300000.0,300000.0,309278.3505154639,9278.350515463913,6400.0,800.0,0.0,0.0,25.177356343781472,RUNNING,1.0,False,
0.0575,1.0,True,300000.0,300000.0,300000.0,300000.0,309278.3505154639,9278.350515463913,6400.0,800.0,0.0,0.0,25.177665030944176,RUNNING,1.0,False,
0.057600000000000005,1.0,True,300000.0,300000.0,300000.0,300000.0,309278.3505154639,9278.350515463913,6400.0,800.0,0.0,0.0,25.177973717077922,RUNNING,1.0,False,
0.0577,1.0,True,300000.0,300000.0,300000.0,300000.0,309278.3505154639,9278.350515463913,6400.0,800.0,0.0,0.0,25.178282402182713,RUNNING,1.0,False,
0.057800000000000004,1.0,True,300000.0,300000.0,300000.0,300000.0,309278.3505154639,9278.350515463913,6400.0,800.0,0.0,0.0,25.178591086258553,RUNNING,1.0,False,
0.0579,1.0,True,300000.0,300000.0,300000.0,300000.0,309278.3505154639,9278.350515463913,6400.0,800.0,0.0,0.0,25.17889976930545,RUNNING,1.0,False,
0.058,1.0,True,300000.0,300000.0,300000.0,300000.0,309278.3505154639,9278.350515463913,6400.0,800.0,0.0,0.0,25.1792084513234,RUNNING,1.0,False,
0.058100000000000006,1.0,True,300000.0,300000.0,300000.0,300000.0,309278.3505154639,9278.350515463913,6400.0,800.0,0.0,0.0,25.179517132312412,RUNNING,1.0,False,
0.0582,1.0,True,300000.0,300000.0,300000.0,300000.0,309278.3505154639,9278.350515463913,6400.0,800.0,0.0,0.0,25.179825812272487,RUNNING,1.0,False,
0.058300000000000005,1.0,True,300000.0,300000.0,300000.0,300000.0,309278.3505154639,9278.350515463913,6400.0,800.0,0.0,0.0,25.180134491203628,RUNNING,1.0,False,
0.0584,1.0,True,300000.0,300000.0,300000.0,300000.0,309278.3505154639,9278.350515463913,6400.0,800.0,0.0,0.0,25.18044316910584,RUNNING,1.0,False,
0.0585,1.0,True,300000.0,300000.0,300000.0,300000.0,309278.3505154639,9278.350515463913,6400.0,800.0,0.0,0.0,25.180751845979124,RUNNING,1.0,False,
0.058600000000000006,1.0,True,300000.0,300000.0,300000.0,300000.0,309278.3505154639,9278.350515463913,6400.0,800.0,0.0,0.0,25.181060521823486,RUNNING,1.0,False,
0.0587,1.0,True,300000.0,300000.0,300000.0,300000.0,309278.3505154639,9278.350515463913,6400.0,800.0,0.0,0.0,25.18136919663893,RUNNING,1.0,False,
0.058800000000000005,1.0,True,300000.0,300000.0,300000.0,300000.0,309278.3505154639,9278.350515463913,6400.0,800.0,0.0,0.0,25.181677870425457,RUNNING,1.0,False,
0.0589,1.0,True,300000.0,300000.0,300000.0,300000.0,309278.3505154639,9278.350515463913,6400.0,800.0,0.0,0.0,25.181986543183072,RUNNING,1.0,False,
0.059000000000000004,1.0,True,300000.0,300000.0,300000.0,300000.0,309278.3505154639,9278.350515463913,6400.0,800.0,0.0,0.0,25.182295214911775,RUNNING,1.0,False,
0.0591,1.0,True,300000.0,300000.0,300000.0,300000.0,309278.3505154639,9278.350515463913,6400.0,800.0,0.0,0.0,25.182603885611574,RUNNING,1.0,False,
0.0592,1.0,True,300000.0,300000.0,300000.0,300000.0,309278.3505154639,9278.350515463913,6400.0,800.0,0.0,0.0,25.18291255528247,RUNNING,1.0,False,
0.059300000000000005,1.0,True,300000.0,300000.0,300000.0,300000.0,309278.3505154639,9278.350515463913,6400.0,800.0,0.0,0.0,25.18322122392447,RUNNING,1.0,False,
0.0594,1.0,True,300000.0,300000.0,300000.0,300000.0,309278.3505154639,9278.350515463913,6400.0,800.0,0.0,0.0,25.18352989153757,RUNNING,1.0,False,
0.059500000000000004,1.0,True,300000.0,300000.0,300000.0,300000.0,309278.3505154639,9278.350515463913,6400.0,800.0,0.0,0.0,25.18383855812178,RUNNING,1.0,False,
0.0596,1.0,True,300000.0,300000.0,300000.0,300000.0,309278.3505154639,9278.350515463913,6400.0,800.0,0.0,0.0,25.184147223677105,RUNNING,1.0,False,
0.0597,1.0,True,300000.0,300000.0,300000.0,300000.0,309278.3505154639,9278.350515463913,6400.0,800.0,0.0,0.0,25.18445588820354,RUNNING,1.0,False,
0.059800000000000006,1.0,True,300000.0,300000.0,300000.0,300000.0,309278.3505154639,9278.350515463913,6400.0,800.0,0.0,0.0,25.184764551701097,RUNNING,1.0,False,
0.0599,1.0,True,300000.0,300000.0,300000.0,300000.0,309278.3505154639,9278.350515463913,6400.0,800.0,0.0,0.0,25.185073214169773,RUNNING,1.0,False,
0.060000000000000005,1.0,True,300000.0,300000.0,300000.0,300000.0,309278.3505154639,9278.350515463913,6400.0,800.0,0.0,0.0,25.185381875609576,RUNNING,1.0,False,
0.0601,1.0,True,300000.0,300000.0,300000.0,300000.0,309278.3505154639,9278.350515463913,6400.0,800.0,0.0,0.0,25.185690536020505,RUNNING,1.0,False,
0.060200000000000004,1.0,True,300000.0,300000.0,300000.0,300000.0,309278.3505154639,9278.350515463913,6400.0,800.0,0.0,0.0,25.185999195402566,RUNNING,1.0,False,
0.0603,1.0,True,300000.0,300000.0,300000.0,300000.0,309278.3505154639,9278.350515463913,6400.0,800.0,0.0,0.0,25.186307853755764,RUNNING,1.0,False,
0.0604,1.0,True,300000.0,300000.0,300000.0,300000.0,309278.3505154639,9278.350515463913,6400.0,800.0,0.0,0.0,25.1866165110801,RUNNING,1.0,False,
0.060500000000000005,1.0,True,300000.0,300000.0,300000.0,300000.0,309278.3505154639,9278.350515463913,6400.0,800.0,0.0,0.0,25.186925167375577,RUNNING,1.0,False,
0.0606,1.0,True,300000.0,300000.0,300000.0,300000.0,309278.3505154639,9278.350515463913,6400.0,800.0,0.0,0.0,25.187233822642202,RUNNING,1.0,False,
0.060700000000000004,1.0,True,300000.0,300000.0,300000.0,300000.0,309278.3505154639,9278.350515463913,6400.0,800.0,0.0,0.0,25.187542476879976,RUNNING,1.0,False,
0.0608,1.0,True,300000.0,300000.0,300000.0,300000.0,309278.3505154639,9278.350515463913,6400.0,800.0,0.0,0.0,25.1878511300889,RUNNING,1.0,False,
0.0609,1.0,True,300000.0,300000.0,300000.0,300000.0,309278.3505154639,9278.350515463913,6400.0,800.0,0.0,0.0,25.188159782268983,RUNNING,1.0,False,
0.061000000000000006,1.0,True,300000.0,300000.0,300000.0,300000.0,309278.3505154639,9278.350515463913,6400.0,800.0,0.0,0.0,25.188468433420223,RUNNING,1.0,False,
0.0611,1.0,True,300000.0,300000.0,300000.0,300000.0,309278.3505154639,9278.350515463913,6400.0,800.0,0.0,0.0,25.188777083542625,RUNNING,1.0,False,
0.061200000000000004,1.0,True,300000.0,300000.0,300000.0,300000.0,309278.3505154639,9278.350515463913,6400.0,800.0,0.0,0.0,25.189085732636194,RUNNING,1.0,False,
0.0613,1.0,True,300000.0,300000.0,300000.0,300000.0,309278.3505154639,9278.350515463913,6400.0,800.0,0.0,0.0,25.189394380700932,RUNNING,1.0,False,
0.0614,1.0,True,300000.0,300000.0,300000.0,300000.0,309278.3505154639,9278.350515463913,6400.0,800.0,0.0,0.0,25.189703027736844,RUNNING,1.0,False,
0.061500000000000006,1.0,True,300000.0,300000.0,300000.0,300000.0,309278.3505154639,9278.350515463913,6400.0,800.0,0.0,0.0,25.190011673743932,RUNNING,1.0,False,
0.0616,1.0,True,300000.0,300000.0,300000.0,300000.0,309278.3505154639,9278.350515463913,6400.0,800.0,0.0,0.0,25.1903203187222,RUNNING,1.0,False,
0.061700000000000005,1.0,True,300000.0,300000.0,300000.0,300000.0,309278.3505154639,9278.350515463913,6400.0,800.0,0.0,0.0,25.190628962671653,RUNNING,1.0,False,
0.0618,1.0,True,300000.0,300000.0,300000.0,300000.0,309278.3505154639,9278.350515463913,6400.0,800.0,0.0,0.0,25.190937605592293,RUNNING,1.0,False,
0.061900000000000004,1.0,True,300000.0,300000.0,300000.0,300000.0,309278.3505154639,9278.350515463913,6400.0,800.0,0.0,0.0,25.191246247484123,RUNNING,1.0,False,
0.062,1.0,True,300000.0,300000.0,300000.0,300000.0,309278.3505154639,9278.350515463913,6400.0,800.0,0.0,0.0,25.19155488834715,RUNNING,1.0,False,
0.0621,1.0,True,300000.0,300000.0,300000.0,300000.0,309278.3505154639,9278.350515463913,6400.0,800.0,0.0,0.0,25.19186352818137,RUNNING,1.0,False,
0.062200000000000005,1.0,True,300000.0,300000.0,300000.0,300000.0,309278.3505154639,9278.350515463913,6400.0,800.0,0.0,0.0,25.19217216698679,RUNNING,1.0,False,
0.0623,1.0,True,300000.0,300000.0,300000.0,300000.0,309278.3505154639,9278.350515463913,6400.0,800.0,0.0,0.0,25.192480804763417,RUNNING,1.0,False,
0.062400000000000004,1.0,True,300000.0,300000.0,300000.0,300000.0,309278.3505154639,9278.350515463913,6400.0,800.0,0.0,0.0,25.19278944151125,RUNNING,1.0,False,
0.0625,1.0,True,300000.0,300000.0,300000.0,300000.0,309278.3505154639,9278.350515463913,6400.0,800.0,0.0,0.0,25.193098077230292,RUNNING,1.0,False,
0.0626,1.0,True,300000.0,300000.0,300000.0,300000.0,309278.3505154639,9278.350515463913,6400.0,800.0,0.0,0.0,25.19340671192055,RUNNING,1.0,False,
0.0627,1.0,True,300000.0,300000.0,300000.0,300000.0,309278.3505154639,9278.350515463913,6400.0,800.0,0.0,0.0,25.193715345582024,RUNNING,1.0,False,
0.06280000000000001,1.0,True,300000.0,300000.0,300000.0,300000.0,309278.3505154639,9278.350515463913,6400.0,800.0,0.0,0.0,25.19402397821472,RUNNING,1.0,False,
0.0629,1.0,True,300000.0,300000.0,300000.0,300000.0,309278.3505154639,9278.350515463913,6400.0,800.0,0.0,0.0,25.19433260981864,RUNNING,1.0,False,
0.063,1.0,True,300000.0,300000.0,300000.0,300000.0,309278.3505154639,9278.350515463913,6400.0,800.0,0.0,0.0,25.19464124039379,RUNNING,1.0,False,
0.0631,1.0,True,300000.0,300000.0,300000.0,300000.0,309278.3505154639,9278.350515463913,6400.0,800.0,0.0,0.0,25.19494986994017,RUNNING,1.0,False,
0.0632,1.0,True,300000.0,300000.0,300000.0,300000.0,309278.3505154639,9278.350515463913,6400.0,800.0,0.0,0.0,25.195258498457786,RUNNING,1.0,False,
0.06330000000000001,1.0,True,300000.0,300000.0,300000.0,300000.0,309278.3505154639,9278.350515463913,6400.0,800.0,0.0,0.0,25.19556712594664,RUNNING,1.0,False,
0.0634,1.0,True,300000.0,300000.0,300000.0,300000.0,309278.3505154639,9278.350515463913,6400.0,800.0,0.0,0.0,25.195875752406735,RUNNING,1.0,False,
0.0635,1.0,True,300000.0,300000.0,300000.0,300000.0,309278.3505154639,9278.350515463913,6400.0,800.0,0.0,0.0,25.196184377838076,RUNNING,1.0,False,
0.0636,1.0,True,300000.0,300000.0,300000.0,300000.0,309278.3505154639,9278.350515463913,6400.0,800.0,0.0,0.0,25.196493002240665,RUNNING,1.0,False,
0.0637,1.0,True,300000.0,300000.0,300000.0,300000.0,309278.3505154639,9278.350515463913,6400.0,800.0,0.0,0.0,25.196801625614505,RUNNING,1.0,False,
0.06380000000000001,1.0,True,300000.0,300000.0,300000.0,300000.0,309278.3505154639,9278.350515463913,6400.0,800.0,0.0,0.0,25.1971102479596,RUNNING,1.0,False,
0.0639,1.0,True,300000.0,300000.0,300000.0,300000.0,309278.3505154639,9278.350515463913,6400.0,800.0,0.0,0.0,25.197418869275957,RUNNING,1.0,False,
0.064,1.0,True,300000.0,300000.0,300000.0,300000.0,309278.3505154639,9278.350515463913,6400.0,800.0,0.0,0.0,25.197727489563576,RUNNING,1.0,False,
0.0641,1.0,True,300000.0,300000.0,300000.0,300000.0,309278.3505154639,9278.350515463913,6400.0,800.0,0.0,0.0,25.19803610882246,RUNNING,1.0,False,
0.06420000000000001,1.0,True,300000.0,300000.0,300000.0,300000.0,309278.3505154639,9278.350515463913,6400.0,800.0,0.0,0.0,25.198344727052614,RUNNING,1.0,False,
0.06430000000000001,1.0,True,300000.0,300000.0,300000.0,300000.0,309278.3505154639,9278.350515463913,6400.0,800.0,0.0,0.0,25.19865334425404,RUNNING,1.0,False,
0.0644,1.0,True,300000.0,300000.0,300000.0,300000.0,309278.3505154639,9278.350515463913,6400.0,800.0,0.0,0.0,25.198961960426743,RUNNING,1.0,False,
0.0645,1.0,True,300000.0,300000.0,300000.0,300000.0,309278.3505154639,9278.350515463913,6400.0,800.0,0.0,0.0,25.199270575570726,RUNNING,1.0,False,
0.0646,1.0,True,300000.0,300000.0,300000.0,300000.0,309278.3505154639,9278.350515463913,6400.0,800.0,0.0,0.0,25.199579189685988,RUNNING,1.0,False,
0.06470000000000001,1.0,True,300000.0,300000.0,300000.0,300000.0,309278.3505154639,9278.350515463913,6400.0,800.0,0.0,0.0,25.199887802772537,RUNNING,1.0,False,
0.0648,1.0,True,300000.0,300000.0,300000.0,300000.0,309278.3505154639,9278.350515463913,6400.0,800.0,0.0,0.0,25.200196414830376,RUNNING,1.0,False,
0.0649,1.0,True,300000.0,300000.0,300000.0,300000.0,309278.3505154639,9278.350515463913,6400.0,800.0,0.0,0.0,25.20050502585951,RUNNING,1.0,False,
0.065,1.0,True,300000.0,300000.0,300000.0,300000.0,309278.3505154639,9278.350515463913,6400.0,800.0,0.0,0.0,25.20081363585994,RUNNING,1.0,False,
0.0651,1.0,True,300000.0,300000.0,300000.0,300000.0,309278.3505154639,9278.350515463913,6400.0,800.0,0.0,0.0,25.20112224483167,RUNNING,1.0,False,
0.06520000000000001,1.0,True,300000.0,300000.0,300000.0,300000.0,309278.3505154639,9278.350515463913,6400.0,800.0,0.0,0.0,25.201430852774703,RUNNING,1.0,False,
0.0653,1.0,True,300000.0,300000.0,300000.0,300000.0,309278.3505154639,9278.350515463913,6400.0,800.0,0.0,0.0,25.20173945968904,RUNNING,1.0,False,
0.0654,1.0,True,300000.0,300000.0,300000.0,300000.0,309278.3505154639,9278.350515463913,6400.0,800.0,0.0,0.0,25.20204806557469,RUNNING,1.0,False,
0.0655,1.0,True,300000.0,300000.0,300000.0,300000.0,309278.3505154639,9278.350515463913,6400.0,800.0,0.0,0.0,25.202356670431655,RUNNING,1.0,False,
0.0656,1.0,True,300000.0,300000.0,300000.0,300000.0,309278.3505154639,9278.350515463913,6400.0,800.0,0.0,0.0,25.202665274259935,RUNNING,1.0,False,
0.06570000000000001,1.0,True,300000.0,300000.0,300000.0,300000.0,309278.3505154639,9278.350515463913,6400.0,800.0,0.0,0.0,25.202973877059538,RUNNING,1.0,False,
0.0658,1.0,True,300000.0,300000.0,300000.0,300000.0,309278.3505154639,9278.350515463913,6400.0,800.0,0.0,0.0,25.203282478830463,RUNNING,1.0,False,
0.0659,1.0,True,300000.0,300000.0,300000.0,300000.0,309278.3505154639,9278.350515463913,6400.0,800.0,0.0,0.0,25.203591079572714,RUNNING,1.0,False,
0.066,1.0,True,300000.0,300000.0,300000.0,300000.0,309278.3505154639,9278.350515463913,6400.0,800.0,0.0,0.0,25.203899679286298,RUNNING,1.0,False,
0.0661,1.0,True,300000.0,300000.0,300000.0,300000.0,309278.3505154639,9278.350515463913,6400.0,800.0,0.0,0.0,25.204208277971215,RUNNING,1.0,False,
0.06620000000000001,1.0,True,300000.0,300000.0,300000.0,300000.0,309278.3505154639,9278.350515463913,6400.0,800.0,0.0,0.0,25.20451687562747,RUNNING,1.0,False,
0.0663,1.0,True,300000.0,300000.0,300000.0,300000.0,309278.3505154639,9278.350515463913,6400.0,800.0,0.0,0.0,25.204825472255067,RUNNING,1.0,False,
0.0664,1.0,True,300000.0,300000.0,300000.0,300000.0,309278.3505154639,9278.350515463913,6400.0,800.0,0.0,0.0,25.205134067854008,RUNNING,1.0,False,
0.0665,1.0,True,300000.0,300000.0,300000.0,300000.0,309278.3505154639,9278.350515463913,6400.0,800.0,0.0,0.0,25.205442662424296,RUNNING,1.0,False,
0.0666,1.0,True,300000.0,300000.0,300000.0,300000.0,309278.3505154639,9278.350515463913,6400.0,800.0,0.0,0.0,25.205751255965936,RUNNING,1.0,False,
0.06670000000000001,1.0,True,300000.0,300000.0,300000.0,300000.0,309278.3505154639,9278.350515463913,6400.0,800.0,0.0,0.0,25.206059848478933,RUNNING,1.0,False,
0.0668,1.0,True,300000.0,300000.0,300000.0,300000.0,309278.3505154639,9278.350515463913,6400.0,800.0,0.0,0.0,25.20636843996329,RUNNING,1.0,False,
0.0669,1.0,True,300000.0,300000.0,300000.0,300000.0,309278.3505154639,9278.350515463913,6400.0,800.0,0.0,0.0,25.206677030419005,RUNNING,1.0,False,
0.067,1.0,True,300000.0,300000.0,300000.0,300000.0,309278.3505154639,9278.350515463913,6400.0,800.0,0.0,0.0,25.206985619846087,RUNNING,1.0,False,
0.0671,1.0,True,300000.0,300000.0,300000.0,300000.0,309278.3505154639,9278.350515463913,6400.0,800.0,0.0,0.0,25.207294208244537,RUNNING,1.0,False,
0.06720000000000001,1.0,True,300000.0,300000.0,300000.0,300000.0,309278.3505154639,9278.350515463913,6400.0,800.0,0.0,0.0,25.20760279561436,RUNNING,1.0,False,
0.0673,1.0,True,300000.0,300000.0,300000.0,300000.0,309278.3505154639,9278.350515463913,6400.0,800.0,0.0,0.0,25.207911381955558,RUNNING,1.0,False,
0.0674,1.0,True,300000.0,300000.0,300000.0,300000.0,309278.3505154639,9278.350515463913,6400.0,800.0,0.0,0.0,25.208219967268132,RUNNING,1.0,False,
0.0675,1.0,True,300000.0,300000.0,300000.0,300000.0,309278.3505154639,9278.350515463913,6400.0,800.0,0.0,0.0,25.20852855155209,RUNNING,1.0,False,
0.06760000000000001,1.0,True,300000.0,300000.0,300000.0,300000.0,309278.3505154639,9278.350515463913,6400.0,800.0,0.0,0.0,25.208837134807432,RUNNING,1.0,False,
0.06770000000000001,1.0,True,300000.0,300000.0,300000.0,300000.0,309278.3505154639,9278.350515463913,6400.0,800.0,0.0,0.0,25.209145717034165,RUNNING,1.0,False,
0.0678,1.0,True,300000.0,300000.0,300000.0,300000.0,309278.3505154639,9278.350515463913,6400.0,800.0,0.0,0.0,25.20945429823229,RUNNING,1.0,False,
0.0679,1.0,True,300000.0,300000.0,300000.0,300000.0,309278.3505154639,9278.350515463913,6400.0,800.0,0.0,0.0,25.20976287840181,RUNNING,1.0,False,
0.068,1.0,True,300000.0,300000.0,300000.0,300000.0,309278.3505154639,9278.350515463913,6400.0,800.0,0.0,0.0,25.210071457542732,RUNNING,1.0,False,
0.06810000000000001,1.0,True,300000.0,300000.0,300000.0,300000.0,309278.3505154639,9278.350515463913,6400.0,800.0,0.0,0.0,25.210380035655056,RUNNING,1.0,False,
0.0682,1.0,True,300000.0,300000.0,300000.0,300000.0,309278.3505154639,9278.350515463913,6400.0,800.0,0.0,0.0,25.210688612738785,RUNNING,1.0,False,
0.0683,1.0,True,300000.0,300000.0,300000.0,300000.0,309278.3505154639,9278.350515463913,6400.0,800.0,0.0,0.0,25.210997188793925,RUNNING,1.0,False,
0.0684,1.0,True,300000.0,300000.0,300000.0,300000.0,309278.3505154639,9278.350515463913,6400.0,800.0,0.0,0.0,25.211305763820476,RUNNING,1.0,False,
0.0685,1.0,True,300000.0,300000.0,300000.0,300000.0,309278.3505154639,9278.350515463913,6400.0,800.0,0.0,0.0,25.211614337818446,RUNNING,1.0,False,
0.06860000000000001,1.0,True,300000.0,300000.0,300000.0,300000.0,309278.3505154639,9278.350515463913,6400.0,800.0,0.0,0.0,25.211922910787834,RUNNING,1.0,False,
0.0687,1.0,True,300000.0,300000.0,300000.0,300000.0,309278.3505154639,9278.350515463913,6400.0,800.0,0.0,0.0,25.212231482728647,RUNNING,1.0,False,
0.0688,1.0,True,300000.0,300000.0,300000.0,300000.0,309278.3505154639,9278.350515463913,6400.0,800.0,0.0,0.0,25.212540053640886,RUNNING,1.0,False,
0.0689,1.0,True,300000.0,300000.0,300000.0,300000.0,309278.3505154639,9278.350515463913,6400.0,800.0,0.0,0.0,25.212848623524557,RUNNING,1.0,False,
0.069,1.0,True,300000.0,300000.0,300000.0,300000.0,309278.3505154639,9278.350515463913,6400.0,800.0,0.0,0.0,25.21315719237966,RUNNING,1.0,False,
0.06910000000000001,1.0,True,300000.0,300000.0,300000.0,300000.0,309278.3505154639,9278.350515463913,6400.0,800.0,0.0,0.0,25.2134657602062,RUNNING,1.0,False,
0.0692,1.0,True,300000.0,300000.0,300000.0,300000.0,309278.3505154639,9278.350515463913,6400.0,800.0,0.0,0.0,25.213774327004185,RUNNING,1.0,False,
0.0693,1.0,True,300000.0,300000.0,300000.0,300000.0,309278.3505154639,9278.350515463913,6400.0,800.0,0.0,0.0,25.21408289277361,RUNNING,1.0,False,
0.0694,1.0,True,300000.0,300000.0,300000.0,300000.0,309278.3505154639,9278.350515463913,6400.0,800.0,0.0,0.0,25.214391457514484,RUNNING,1.0,False,
0.0695,1.0,True,300000.0,300000.0,300000.0,300000.0,309278.3505154639,9278.350515463913,6400.0,800.0,0.0,0.0,25.214700021226808,RUNNING,1.0,False,
0.06960000000000001,1.0,True,300000.0,300000.0,300000.0,300000.0,309278.3505154639,9278.350515463913,6400.0,800.0,0.0,0.0,25.215008583910585,RUNNING,1.0,False,
0.0697,1.0,True,300000.0,300000.0,300000.0,300000.0,309278.3505154639,9278.350515463913,6400.0,800.0,0.0,0.0,25.21531714556582,RUNNING,1.0,False,
0.0698,1.0,True,300000.0,300000.0,300000.0,300000.0,309278.3505154639,9278.350515463913,6400.0,800.0,0.0,0.0,25.215625706192515,RUNNING,1.0,False,
0.0699,1.0,True,300000.0,300000.0,300000.0,300000.0,309278.3505154639,9278.350515463913,6400.0,800.0,0.0,0.0,25.215934265790676,RUNNING,1.0,False,
0.07,1.0,True,300000.0,300000.0,300000.0,300000.0,309278.3505154639,9278.350515463913,6400.0,800.0,0.0,0.0,25.216242824360304,RUNNING,1.0,False,
0.07010000000000001,1.0,True,300000.0,300000.0,300000.0,300000.0,309278.3505154639,9278.350515463913,6400.0,800.0,0.0,0.0,25.216551381901404,RUNNING,1.0,False,
0.0702,1.0,True,300000.0,300000.0,300000.0,300000.0,309278.3505154639,9278.350515463913,6400.0,800.0,0.0,0.0,25.21685993841398,RUNNING,1.0,False,
0.0703,1.0,True,300000.0,300000.0,300000.0,300000.0,309278.3505154639,9278.350515463913,6400.0,800.0,0.0,0.0,25.217168493898033,RUNNING,1.0,False,
0.0704,1.0,True,300000.0,300000.0,300000.0,300000.0,309278.3505154639,9278.350515463913,6400.0,800.0,0.0,0.0,25.21747704835357,RUNNING,1.0,False,
0.07050000000000001,1.0,True,300000.0,300000.0,300000.0,300000.0,309278.3505154639,9278.350515463913,6400.0,800.0,0.0,0.0,25.21778560178059,RUNNING,1.0,False,
0.07060000000000001,1.0,True,300000.0,300000.0,300000.0,300000.0,309278.3505154639,9278.350515463913,6400.0,800.0,0.0,0.0,25.2180941541791,RUNNING,1.0,False,
0.0707,1.0,True,300000.0,300000.0,300000.0,300000.0,309278.3505154639,9278.350515463913,6400.0,800.0,0.0,0.0,25.2184027055491,RUNNING,1.0,False,
0.0708,1.0,True,300000.0,300000.0,300000.0,300000.0,309278.3505154639,9278.350515463913,6400.0,800.0,0.0,0.0,25.218711255890597,RUNNING,1.0,False,
0.0709,1.0,True,300000.0,300000.0,300000.0,300000.0,309278.3505154639,9278.350515463913,6400.0,800.0,0.0,0.0,25.219019805203594,RUNNING,1.0,False,
0.07100000000000001,1.0,True,300000.0,300000.0,300000.0,300000.0,309278.3505154639,9278.350515463913,6400.0,800.0,0.0,0.0,25.21932835348809,RUNNING,1.0,False,
0.0711,1.0,True,300000.0,300000.0,300000.0,300000.0,309278.3505154639,9278.350515463913,6400.0,800.0,0.0,0.0,25.219636900744096,RUNNING,1.0,False,
0.0712,1.0,True,300000.0,300000.0,300000.0,300000.0,309278.3505154639,9278.350515463913,6400.0,800.0,0.0,0.0,25.219945446971607,RUNNING,1.0,False,
0.0713,1.0,True,300000.0,300000.0,300000.0,300000.0,309278.3505154639,9278.350515463913,6400.0,800.0,0.0,0.0,25.220253992170633,RUNNING,1.0,False,
0.0714,1.0,True,300000.0,300000.0,300000.0,300000.0,309278.3505154639,9278.350515463913,6400.0,800.0,0.0,0.0,25.220562536341173,RUNNING,1.0,False,
0.07150000000000001,1.0,True,300000.0,300000.0,300000.0,300000.0,309278.3505154639,9278.350515463913,6400.0,800.0,0.0,0.0,25.220871079483235,RUNNING,1.0,False,
0.0716,1.0,True,300000.0,300000.0,300000.0,300000.0,309278.3505154639,9278.350515463913,6400.0,800.0,0.0,0.0,25.221179621596818,RUNNING,1.0,False,
0.0717,1.0,True,300000.0,300000.0,300000.0,300000.0,309278.3505154639,9278.350515463913,6400.0,800.0,0.0,0.0,25.22148816268193,RUNNING,1.0,False,
0.0718,1.0,True,300000.0,300000.0,300000.0,300000.0,309278.3505154639,9278.350515463913,6400.0,800.0,0.0,0.0,25.22179670273857,RUNNING,1.0,False,
0.0719,1.0,True,300000.0,300000.0,300000.0,300000.0,309278.3505154639,9278.350515463913,6400.0,800.0,0.0,0.0,25.22210524176674,RUNNING,1.0,False,
0.07200000000000001,1.0,True,300000.0,300000.0,300000.0,300000.0,309278.3505154639,9278.350515463913,6400.0,800.0,0.0,0.0,25.222413779766452,RUNNING,1.0,False,
0.0721,1.0,True,300000.0,300000.0,300000.0,300000.0,309278.3505154639,9278.350515463913,6400.0,800.0,0.0,0.0,25.222722316737702,RUNNING,1.0,False,
0.0722,1.0,True,300000.0,300000.0,300000.0,300000.0,309278.3505154639,9278.350515463913,6400.0,800.0,0.0,0.0,25.223030852680495,RUNNING,1.0,False,
0.0723,1.0,True,300000.0,300000.0,300000.0,300000.0,309278.3505154639,9278.350515463913,6400.0,800.0,0.0,0.0,25.223339387594834,RUNNING,1.0,False,
0.0724,1.0,True,300000.0,300000.0,300000.0,300000.0,309278.3505154639,9278.350515463913,6400.0,800.0,0.0,0.0,25.223647921480723,RUNNING,1.0,False,
0.07250000000000001,1.0,True,300000.0,300000.0,300000.0,300000.0,309278.3505154639,9278.350515463913,6400.0,800.0,0.0,0.0,25.223956454338165,RUNNING,1.0,False,
0.0726,1.0,True,300000.0,300000.0,300000.0,300000.0,309278.3505154639,9278.350515463913,6400.0,800.0,0.0,0.0,25.224264986167167,RUNNING,1.0,False,
0.0727,1.0,True,300000.0,300000.0,300000.0,300000.0,309278.3505154639,9278.350515463913,6400.0,800.0,0.0,0.0,25.22457351696773,RUNNING,1.0,False,
0.0728,1.0,True,300000.0,300000.0,300000.0,300000.0,309278.3505154639,9278.350515463913,6400.0,800.0,0.0,0.0,25.224882046739857,RUNNING,1.0,False,
0.0729,1.0,True,300000.0,300000.0,300000.0,300000.0,309278.3505154639,9278.350515463913,6400.0,800.0,0.0,0.0,25.225190575483552,RUNNING,1.0,False,
0.07300000000000001,1.0,True,300000.0,300000.0,300000.0,300000.0,309278.3505154639,9278.350515463913,6400.0,800.0,0.0,0.0,25.225499103198814,RUNNING,1.0,False,
0.0731,1.0,True,300000.0,300000.0,300000.0,300000.0,309278.3505154639,9278.350515463913,6400.0,800.0,0.0,0.0,25.22580762988565,RUNNING,1.0,False,
0.0732,1.0,True,300000.0,300000.0,300000.0,300000.0,309278.3505154639,9278.350515463913,6400.0,800.0,0.0,0.0,25.226116155544066,RUNNING,1.0,False,
0.0733,1.0,True,300000.0,300000.0,300000.0,300000.0,309278.3505154639,9278.350515463913,6400.0,800.0,0.0,0.0,25.226424680174063,RUNNING,1.0,False,
0.0734,1.0,True,300000.0,300000.0,300000.0,300000.0,309278.3505154639,9278.350515463913,6400.0,800.0,0.0,0.0,25.226733203775645,RUNNING,1.0,False,
0.07350000000000001,1.0,True,300000.0,300000.0,300000.0,300000.0,309278.3505154639,9278.350515463913,6400.0,800.0,0.0,0.0,25.227041726348816,RUNNING,1.0,False,
0.0736,1.0,True,300000.0,300000.0,300000.0,300000.0,309278.3505154639,9278.350515463913,6400.0,800.0,0.0,0.0,25.227350247893575,RUNNING,1.0,False,
0.0737,1.0,True,300000.0,300000.0,300000.0,300000.0,309278.3505154639,9278.350515463913,6400.0,800.0,0.0,0.0,25.22765876840993,RUNNING,1.0,False,
0.0738,1.0,True,300000.0,300000.0,300000.0,300000.0,309278.3505154639,9278.350515463913,6400.0,800.0,0.0,0.0,25.227967287897886,RUNNING,1.0,False,
0.07390000000000001,1.0,True,300000.0,300000.0,300000.0,300000.0,309278.3505154639,9278.350515463913,6400.0,800.0,0.0,0.0,25.22827580635744,RUNNING,1.0,False,
0.07400000000000001,1.0,True,300000.0,300000.0,300000.0,300000.0,309278.3505154639,9278.350515463913,6400.0,800.0,0.0,0.0,25.228584323788603,RUNNING,1.0,False,
0.0741,1.0,True,300000.0,300000.0,300000.0,300000.0,309278.3505154639,9278.350515463913,6400.0,800.0,0.0,0.0,25.22889284019137,RUNNING,1.0,False,
0.0742,1.0,True,300000.0,300000.0,300000.0,300000.0,309278.3505154639,9278.350515463913,6400.0,800.0,0.0,0.0,25.229201355565753,RUNNING,1.0,False,
0.0743,1.0,True,300000.0,300000.0,300000.0,300000.0,309278.3505154639,9278.350515463913,6400.0,800.0,0.0,0.0,25.229509869911748,RUNNING,1.0,False,
0.07440000000000001,1.0,True,300000.0,300000.0,300000.0,300000.0,309278.3505154639,9278.350515463913,6400.0,800.0,0.0,0.0,25.229818383229365,RUNNING,1.0,False,
0.0745,1.0,True,300000.0,300000.0,300000.0,300000.0,309278.3505154639,9278.350515463913,6400.0,800.0,0.0,0.0,25.2301268955186,RUNNING,1.0,False,
0.0746,1.0,True,300000.0,300000.0,300000.0,300000.0,309278.3505154639,9278.350515463913,6400.0,800.0,0.0,0.0,25.230435406779467,RUNNING,1.0,False,
0.0747,1.0,True,300000.0,300000.0,300000.0,300000.0,309278.3505154639,9278.350515463913,6400.0,800.0,0.0,0.0,25.23074391701196,RUNNING,1.0,False,
0.0748,1.0,True,300000.0,300000.0,300000.0,300000.0,309278.3505154639,9278.350515463913,6400.0,800.0,0.0,0.0,25.231052426216085,RUNNING,1.0,False,
0.07490000000000001,1.0,True,300000.0,300000.0,300000.0,300000.0,309278.3505154639,9278.350515463913,6400.0,800.0,0.0,0.0,25.231360934391844,RUNNING,1.0,False,
0.075,1.0,True,300000.0,300000.0,300000.0,300000.0,309278.3505154639,9278.350515463913,6400.0,800.0,0.0,0.0,25.231669441539246,RUNNING,1.0,False,
0.0751,1.0,True,300000.0,300000.0,300000.0,300000.0,309278.3505154639,9278.350515463913,6400.0,800.0,0.0,0.0,25.23197794765829,RUNNING,1.0,False,
0.0752,1.0,True,300000.0,300000.0,300000.0,300000.0,309278.3505154639,9278.350515463913,6400.0,800.0,0.0,0.0,25.23228645274898,RUNNING,1.0,False,
0.0753,1.0,True,300000.0,300000.0,300000.0,300000.0,309278.3505154639,9278.350515463913,6400.0,800.0,0.0,0.0,25.23259495681132,RUNNING,1.0,False,
0.07540000000000001,1.0,True,300000.0,300000.0,300000.0,300000.0,309278.3505154639,9278.350515463913,6400.0,800.0,0.0,0.0,25.23290345984531,RUNNING,1.0,False,
0.0755,1.0,True,300000.0,300000.0,300000.0,300000.0,309278.3505154639,9278.350515463913,6400.0,800.0,0.0,0.0,25.23321196185096,RUNNING,1.0,False,
0.0756,1.0,True,300000.0,300000.0,300000.0,300000.0,309278.3505154639,9278.350515463913,6400.0,800.0,0.0,0.0,25.233520462828267,RUNNING,1.0,False,
0.0757,1.0,True,300000.0,300000.0,300000.0,300000.0,309278.3505154639,9278.350515463913,6400.0,800.0,0.0,0.0,25.23382896277724,RUNNING,1.0,False,
0.0758,1.0,True,300000.0,300000.0,300000.0,300000.0,309278.3505154639,9278.350515463913,6400.0,800.0,0.0,0.0,25.234137461697877,RUNNING,1.0,False,
0.07590000000000001,1.0,True,300000.0,300000.0,300000.0,300000.0,309278.3505154639,9278.350515463913,6400.0,800.0,0.0,0.0,25.234445959590186,RUNNING,1.0,False,
0.076,1.0,True,300000.0,300000.0,300000.0,300000.0,309278.3505154639,9278.350515463913,6400.0,800.0,0.0,0.0,25.23475445645417,RUNNING,1.0,False,
0.0761,1.0,True,300000.0,300000.0,300000.0,300000.0,309278.3505154639,9278.350515463913,6400.0,800.0,0.0,0.0,25.23506295228983,RUNNING,1.0,False,
0.0762,1.0,True,300000.0,300000.0,300000.0,300000.0,309278.3505154639,9278.350515463913,6400.0,800.0,0.0,0.0,25.235371447097172,RUNNING,1.0,False,
0.0763,1.0,True,300000.0,300000.0,300000.0,300000.0,309278.3505154639,9278.350515463913,6400.0,800.0,0.0,0.0,25.235679940876196,RUNNING,1.0,False,
0.07640000000000001,1.0,True,300000.0,300000.0,300000.0,300000.0,309278.3505154639,9278.350515463913,6400.0,800.0,0.0,0.0,25.235988433626908,RUNNING,1.0,False,
0.0765,1.0,True,300000.0,300000.0,300000.0,300000.0,309278.3505154639,9278.350515463913,6400.0,800.0,0.0,0.0,25.23629692534931,RUNNING,1.0,False,
0.0766,1.0,True,300000.0,300000.0,300000.0,300000.0,309278.3505154639,9278.350515463913,6400.0,800.0,0.0,0.0,25.23660541604341,RUNNING,1.0,False,
0.0767,1.0,True,300000.0,300000.0,300000.0,300000.0,309278.3505154639,9278.350515463913,6400.0,800.0,0.0,0.0,25.236913905709205,RUNNING,1.0,False,
0.07680000000000001,1.0,True,300000.0,300000.0,300000.0,300000.0,309278.3505154639,9278.350515463913,6400.0,800.0,0.0,0.0,25.237222394346702,RUNNING,1.0,False,
0.07690000000000001,1.0,True,300000.0,300000.0,300000.0,300000.0,309278.3505154639,9278.350515463913,6400.0,800.0,0.0,0.0,25.2375308819559,RUNNING,1.0,False,
0.077,1.0,True,300000.0,300000.0,300000.0,300000.0,309278.3505154639,9278.350515463913,6400.0,800.0,0.0,0.0,25.23783936853681,RUNNING,1.0,False,
0.0771,1.0,True,300000.0,300000.0,300000.0,300000.0,309278.3505154639,9278.350515463913,6400.0,800.0,0.0,0.0,25.23814785408943,RUNNING,1.0,False,
0.0772,1.0,True,300000.0,300000.0,300000.0,300000.0,309278.3505154639,9278.350515463913,6400.0,800.0,0.0,0.0,25.238456338613766,RUNNING,1.0,False,
0.07730000000000001,1.0,True,300000.0,300000.0,300000.0,300000.0,309278.3505154639,9278.350515463913,6400.0,800.0,0.0,0.0,25.238764822109818,RUNNING,1.0,False,
0.07740000000000001,1.0,True,300000.0,300000.0,300000.0,300000.0,309278.3505154639,9278.350515463913,6400.0,800.0,0.0,0.0,25.239073304577595,RUNNING,1.0,False,
0.0775,1.0,True,300000.0,300000.0,300000.0,300000.0,309278.3505154639,9278.350515463913,6400.0,800.0,0.0,0.0,25.239381786017095,RUNNING,1.0,False,
0.0776,1.0,True,300000.0,300000.0,300000.0,300000.0,309278.3505154639,9278.350515463913,6400.0,800.0,0.0,0.0,25.239690266428322,RUNNING,1.0,False,
0.0777,1.0,True,300000.0,300000.0,300000.0,300000.0,309278.3505154639,9278.350515463913,6400.0,800.0,0.0,0.0,25.239998745811285,RUNNING,1.0,False,
0.07780000000000001,1.0,True,300000.0,300000.0,300000.0,300000.0,309278.3505154639,9278.350515463913,6400.0,800.0,0.0,0.0,25.24030722416598,RUNNING,1.0,False,
0.0779,1.0,True,300000.0,300000.0,300000.0,300000.0,309278.3505154639,9278.350515463913,6400.0,800.0,0.0,0.0,25.240615701492416,RUNNING,1.0,False,
0.078,1.0,True,300000.0,300000.0,300000.0,300000.0,309278.3505154639,9278.350515463913,6400.0,800.0,0.0,0.0,25.240924177790593,RUNNING,1.0,False,
0.0781,1.0,True,300000.0,300000.0,300000.0,300000.0,309278.3505154639,9278.350515463913,6400.0,800.0,0.0,0.0,25.241232653060514,RUNNING,1.0,False,
0.0782,1.0,True,300000.0,300000.0,300000.0,300000.0,309278.3505154639,9278.350515463913,6400.0,800.0,0.0,0.0,25.241541127302185,RUNNING,1.0,False,
0.07830000000000001,1.0,True,300000.0,300000.0,300000.0,300000.0,309278.3505154639,9278.350515463913,6400.0,800.0,0.0,0.0,25.24184960051561,RUNNING,1.0,False,
0.0784,1.0,True,300000.0,300000.0,300000.0,300000.0,309278.3505154639,9278.350515463913,6400.0,800.0,0.0,0.0,25.242158072700793,RUNNING,1.0,False,
0.0785,1.0,True,300000.0,300000.0,300000.0,300000.0,309278.3505154639,9278.350515463913,6400.0,800.0,0.0,0.0,25.242466543857734,RUNNING,1.0,False,
0.0786,1.0,True,300000.0,300000.0,300000.0,300000.0,309278.3505154639,9278.350515463913,6400.0,800.0,0.0,0.0,25.242775013986435,RUNNING,1.0,False,
0.0787,1.0,True,300000.0,300000.0,300000.0,300000.0,309278.3505154639,9278.350515463913,6400.0,800.0,0.0,0.0,25.243083483086902,RUNNING,1.0,False,
0.07880000000000001,1.0,True,300000.0,300000.0,300000.0,300000.0,309278.3505154639,9278.350515463913,6400.0,800.0,0.0,0.0,25.24339195115914,RUNNING,1.0,False,
0.0789,1.0,True,300000.0,300000.0,300000.0,300000.0,309278.3505154639,9278.350515463913,6400.0,800.0,0.0,0.0,25.24370041820315,RUNNING,1.0,False,
0.079,1.0,True,300000.0,300000.0,300000.0,300000.0,309278.3505154639,9278.350515463913,6400.0,800.0,0.0,0.0,25.24400888421894,RUNNING,1.0,False,
0.0791,1.0,True,300000.0,300000.0,300000.0,300000.0,309278.3505154639,9278.350515463913,6400.0,800.0,0.0,0.0,25.244317349206508,RUNNING,1.0,False,
0.0792,1.0,True,300000.0,300000.0,300000.0,300000.0,309278.3505154639,9278.350515463913,6400.0,800.0,0.0,0.0,25.24462581316586,RUNNING,1.0,False,
0.07930000000000001,1.0,True,300000.0,300000.0,300000.0,300000.0,309278.3505154639,9278.350515463913,6400.0,800.0,0.0,0.0,25.244934276097,RUNNING,1.0,False,
0.0794,1.0,True,300000.0,300000.0,300000.0,300000.0,309278.3505154639,9278.350515463913,6400.0,800.0,0.0,0.0,25.245242737999927,RUNNING,1.0,False,
0.0795,1.0,True,300000.0,300000.0,300000.0,300000.0,309278.3505154639,9278.350515463913,6400.0,800.0,0.0,0.0,25.24555119887465,RUNNING,1.0,False,
0.0796,1.0,True,300000.0,300000.0,300000.0,300000.0,309278.3505154639,9278.350515463913,6400.0,800.0,0.0,0.0,25.24585965872117,RUNNING,1.0,False,
0.07970000000000001,1.0,True,300000.0,300000.0,300000.0,300000.0,309278.3505154639,9278.350515463913,6400.0,800.0,0.0,0.0,25.24616811753949,RUNNING,1.0,False,
0.07980000000000001,1.0,True,300000.0,300000.0,300000.0,300000.0,309278.3505154639,9278.350515463913,6400.0,800.0,0.0,0.0,25.246476575329613,RUNNING,1.0,False,
0.0799,1.0,True,300000.0,300000.0,300000.0,300000.0,309278.3505154639,9278.350515463913,6400.0,800.0,0.0,0.0,25.246785032091545,RUNNING,1.0,False,
0.08,1.0,True,300000.0,300000.0,300000.0,300000.0,309278.3505154639,9278.350515463913,6400.0,800.0,0.0,0.0,25.247093487825286,RUNNING,1.0,False,
0.0801,1.0,True,300000.0,300000.0,300000.0,300000.0,309278.3505154639,9278.350515463913,6400.0,800.0,0.0,0.0,25.247401942530843,RUNNING,1.0,False,
0.08020000000000001,1.0,True,300000.0,300000.0,300000.0,300000.0,309278.3505154639,9278.350515463913,6400.0,800.0,0.0,0.0,25.247710396208216,RUNNING,1.0,False,
0.08030000000000001,1.0,True,300000.0,300000.0,300000.0,300000.0,309278.3505154639,9278.350515463913,6400.0,800.0,0.0,0.0,25.24801884885741,RUNNING,1.0,False,
0.0804,1.0,True,300000.0,300000.0,300000.0,300000.0,309278.3505154639,9278.350515463913,6400.0,800.0,0.0,0.0,25.24832730047843,RUNNING,1.0,False,
0.0805,1.0,True,300000.0,300000.0,300000.0,300000.0,309278.3505154639,9278.350515463913,6400.0,800.0,0.0,0.0,25.248635751071276,RUNNING,1.0,False,
0.0806,1.0,True,300000.0,300000.0,300000.0,300000.0,309278.3505154639,9278.350515463913,6400.0,800.0,0.0,0.0,25.248944200635954,RUNNING,1.0,False,
0.08070000000000001,1.0,True,300000.0,300000.0,300000.0,300000.0,309278.3505154639,9278.350515463913,6400.0,800.0,0.0,0.0,25.24925264917247,RUNNING,1.0,False,
0.08080000000000001,1.0,True,300000.0,300000.0,300000.0,300000.0,309278.3505154639,9278.350515463913,6400.0,800.0,0.0,0.0,25.24956109668082,RUNNING,1.0,False,
0.0809,1.0,True,300000.0,300000.0,300000.0,300000.0,309278.3505154639,9278.350515463913,6400.0,800.0,0.0,0.0,25.249869543161015,RUNNING,1.0,False,
0.081,1.0,True,300000.0,300000.0,300000.0,300000.0,309278.3505154639,9278.350515463913,6400.0,800.0,0.0,0.0,25.250177988613054,RUNNING,1.0,False,
0.0811,1.0,True,300000.0,300000.0,300000.0,300000.0,309278.3505154639,9278.350515463913,6400.0,800.0,0.0,0.0,25.25048643303694,RUNNING,1.0,False,
0.08120000000000001,1.0,True,300000.0,300000.0,300000.0,300000.0,309278.3505154639,9278.350515463913,6400.0,800.0,0.0,0.0,25.25079487643268,RUNNING,1.0,False,
0.0813,1.0,True,300000.0,300000.0,300000.0,300000.0,309278.3505154639,9278.350515463913,6400.0,800.0,0.0,0.0,25.251103318800272,RUNNING,1.0,False,
0.0814,1.0,True,300000.0,300000.0,300000.0,300000.0,309278.3505154639,9278.350515463913,6400.0,800.0,0.0,0.0,25.251411760139725,RUNNING,1.0,False,
0.0815,1.0,True,300000.0,300000.0,300000.0,300000.0,309278.3505154639,9278.350515463913,6400.0,800.0,0.0,0.0,25.25172020045104,RUNNING,1.0,False,
0.0816,1.0,True,300000.0,300000.0,300000.0,300000.0,309278.3505154639,9278.350515463913,6400.0,800.0,0.0,0.0,25.25202863973422,RUNNING,1.0,False,
0.08170000000000001,1.0,True,300000.0,300000.0,300000.0,300000.0,309278.3505154639,9278.350515463913,6400.0,800.0,0.0,0.0,25.25233707798927,RUNNING,1.0,False,
0.0818,1.0,True,300000.0,300000.0,300000.0,300000.0,309278.3505154639,9278.350515463913,6400.0,800.0,0.0,0.0,25.252645515216194,RUNNING,1.0,False,
0.0819,1.0,True,300000.0,300000.0,300000.0,300000.0,309278.3505154639,9278.350515463913,6400.0,800.0,0.0,0.0,25.25295395141499,RUNNING,1.0,False,
0.082,1.0,True,300000.0,300000.0,300000.0,300000.0,309278.3505154639,9278.350515463913,6400.0,800.0,0.0,0.0,25.253262386585668,RUNNING,1.0,False,
0.0821,1.0,True,300000.0,300000.0,300000.0,300000.0,309278.3505154639,9278.350515463913,6400.0,800.0,0.0,0.0,25.25357082072823,RUNNING,1.0,False,
0.08220000000000001,1.0,True,300000.0,300000.0,300000.0,300000.0,309278.3505154639,9278.350515463913,6400.0,800.0,0.0,0.0,25.253879253842676,RUNNING,1.0,False,
0.0823,1.0,True,300000.0,300000.0,300000.0,300000.0,309278.3505154639,9278.350515463913,6400.0,800.0,0.0,0.0,25.25418768592901,RUNNING,1.0,False,
0.0824,1.0,True,300000.0,300000.0,300000.0,300000.0,309278.3505154639,9278.350515463913,6400.0,800.0,0.0,0.0,25.25449611698724,RUNNING,1.0,False,
0.0825,1.0,True,300000.0,300000.0,300000.0,300000.0,309278.3505154639,9278.350515463913,6400.0,800.0,0.0,0.0,25.254804547017365,RUNNING,1.0,False,
0.0826,1.0,True,300000.0,300000.0,300000.0,300000.0,309278.3505154639,9278.350515463913,6400.0,800.0,0.0,0.0,25.25511297601939,RUNNING,1.0,False,
0.08270000000000001,1.0,True,300000.0,300000.0,300000.0,300000.0,309278.3505154639,9278.350515463913,6400.0,800.0,0.0,0.0,25.25542140399332,RUNNING,1.0,False,
0.0828,1.0,True,300000.0,300000.0,300000.0,300000.0,309278.3505154639,9278.350515463913,6400.0,800.0,0.0,0.0,25.255729830939156,RUNNING,1.0,False,
0.0829,1.0,True,300000.0,300000.0,300000.0,300000.0,309278.3505154639,9278.350515463913,6400.0,800.0,0.0,0.0,25.2560382568569,RUNNING,1.0,False,
0.083,1.0,True,300000.0,300000.0,300000.0,300000.0,309278.3505154639,9278.350515463913,6400.0,800.0,0.0,0.0,25.25634668174656,RUNNING,1.0,False,
0.08310000000000001,1.0,True,300000.0,300000.0,300000.0,300000.0,309278.3505154639,9278.350515463913,6400.0,800.0,0.0,0.0,25.256655105608136,RUNNING,1.0,False,
0.08320000000000001,1.0,True,300000.0,300000.0,300000.0,300000.0,309278.3505154639,9278.350515463913,6400.0,800.0,0.0,0.0,25.256963528441634,RUNNING,1.0,False,
0.0833,1.0,True,300000.0,300000.0,300000.0,300000.0,309278.3505154639,9278.350515463913,6400.0,800.0,0.0,0.0,25.257271950247056,RUNNING,1.0,False,
0.0834,1.0,True,300000.0,300000.0,300000.0,300000.0,309278.3505154639,9278.350515463913,6400.0,800.0,0.0,0.0,25.257580371024403,RUNNING,1.0,False,
0.0835,1.0,True,300000.0,300000.0,300000.0,300000.0,309278.3505154639,9278.350515463913,6400.0,800.0,0.0,0.0,25.25788879077368,RUNNING,1.0,False,
0.08360000000000001,1.0,True,300000.0,300000.0,300000.0,300000.0,309278.3505154639,9278.350515463913,6400.0,800.0,0.0,0.0,25.258197209494895,RUNNING,1.0,False,
0.08370000000000001,1.0,True,300000.0,300000.0,300000.0,300000.0,309278.3505154639,9278.350515463913,6400.0,800.0,0.0,0.0,25.258505627188047,RUNNING,1.0,False,
0.0838,1.0,True,300000.0,300000.0,300000.0,300000.0,309278.3505154639,9278.350515463913,6400.0,800.0,0.0,0.0,25.25881404385314,RUNNING,1.0,False,
0.0839,1.0,True,300000.0,300000.0,300000.0,300000.0,309278.3505154639,9278.350515463913,6400.0,800.0,0.0,0.0,25.259122459490175,RUNNING,1.0,False,
0.084,1.0,True,300000.0,300000.0,300000.0,300000.0,309278.3505154639,9278.350515463913,6400.0,800.0,0.0,0.0,25.25943087409916,RUNNING,1.0,False,
0.08410000000000001,1.0,True,300000.0,300000.0,300000.0,300000.0,309278.3505154639,9278.350515463913,6400.0,800.0,0.0,0.0,25.259739287680095,RUNNING,1.0,False,
0.08420000000000001,1.0,True,300000.0,300000.0,300000.0,300000.0,309278.3505154639,9278.350515463913,6400.0,800.0,0.0,0.0,25.260047700232985,RUNNING,1.0,False,
0.0843,1.0,True,300000.0,300000.0,300000.0,300000.0,309278.3505154639,9278.350515463913,6400.0,800.0,0.0,0.0,25.260356111757833,RUNNING,1.0,False,
0.0844,1.0,True,300000.0,300000.0,300000.0,300000.0,309278.3505154639,9278.350515463913,6400.0,800.0,0.0,0.0,25.260664522254643,RUNNING,1.0,False,
0.0845,1.0,True,300000.0,300000.0,300000.0,300000.0,309278.3505154639,9278.350515463913,6400.0,800.0,0.0,0.0,25.26097293172342,RUNNING,1.0,False,
0.08460000000000001,1.0,True,300000.0,300000.0,300000.0,300000.0,309278.3505154639,9278.350515463913,6400.0,800.0,0.0,0.0,25.261281340164164,RUNNING,1.0,False,
0.0847,1.0,True,300000.0,300000.0,300000.0,300000.0,309278.3505154639,9278.350515463913,6400.0,800.0,0.0,0.0,25.261589747576878,RUNNING,1.0,False,
0.0848,1.0,True,300000.0,300000.0,300000.0,300000.0,309278.3505154639,9278.350515463913,6400.0,800.0,0.0,0.0,25.261898153961567,RUNNING,1.0,False,
0.0849,1.0,True,300000.0,300000.0,300000.0,300000.0,309278.3505154639,9278.350515463913,6400.0,800.0,0.0,0.0,25.262206559318237,RUNNING,1.0,False,
0.085,1.0,True,300000.0,300000.0,300000.0,300000.0,309278.3505154639,9278.350515463913,6400.0,800.0,0.0,0.0,25.26251496364689,RUNNING,1.0,False,
0.08510000000000001,1.0,True,300000.0,300000.0,300000.0,300000.0,309278.3505154639,9278.350515463913,6400.0,800.0,0.0,0.0,25.262823366947526,RUNNING,1.0,False,
0.0852,1.0,True,300000.0,300000.0,300000.0,300000.0,309278.3505154639,9278.350515463913,6400.0,800.0,0.0,0.0,25.263131769220152,RUNNING,1.0,False,
0.0853,1.0,True,300000.0,300000.0,300000.0,300000.0,309278.3505154639,9278.350515463913,6400.0,800.0,0.0,0.0,25.26344017046477,RUNNING,1.0,False,
0.0854,1.0,True,300000.0,300000.0,300000.0,300000.0,309278.3505154639,9278.350515463913,6400.0,800.0,0.0,0.0,25.263748570681383,RUNNING,1.0,False,
0.0855,1.0,True,300000.0,300000.0,300000.0,300000.0,309278.3505154639,9278.350515463913,6400.0,800.0,0.0,0.0,25.264056969869994,RUNNING,1.0,False,
0.08560000000000001,1.0,True,300000.0,300000.0,300000.0,300000.0,309278.3505154639,9278.350515463913,6400.0,800.0,0.0,0.0,25.26436536803061,RUNNING,1.0,False,
0.0857,1.0,True,300000.0,300000.0,300000.0,300000.0,309278.3505154639,9278.350515463913,6400.0,800.0,0.0,0.0,25.26467376516323,RUNNING,1.0,False,
0.0858,1.0,True,300000.0,300000.0,300000.0,300000.0,309278.3505154639,9278.350515463913,6400.0,800.0,0.0,0.0,25.264982161267863,RUNNING,1.0,False,
0.0859,1.0,True,300000.0,300000.0,300000.0,300000.0,309278.3505154639,9278.350515463913,6400.0,800.0,0.0,0.0,25.265290556344507,RUNNING,1.0,False,
0.08600000000000001,1.0,True,300000.0,300000.0,300000.0,300000.0,309278.3505154639,9278.350515463913,6400.0,800.0,0.0,0.0,25.26559895039317,RUNNING,1.0,False,
0.08610000000000001,1.0,True,300000.0,300000.0,300000.0,300000.0,309278.3505154639,9278.350515463913,6400.0,800.0,0.0,0.0,25.26590734341385,RUNNING,1.0,False,
0.0862,1.0,True,300000.0,300000.0,300000.0,300000.0,309278.3505154639,9278.350515463913,6400.0,800.0,0.0,0.0,25.266215735406554,RUNNING,1.0,False,
0.0863,1.0,True,300000.0,300000.0,300000.0,300000.0,309278.3505154639,9278.350515463913,6400.0,800.0,0.0,0.0,25.266524126371284,RUNNING,1.0,False,
0.0864,1.0,True,300000.0,300000.0,300000.0,300000.0,309278.3505154639,9278.350515463913,6400.0,800.0,0.0,0.0,25.266832516308046,RUNNING,1.0,False,
0.08650000000000001,1.0,True,300000.0,300000.0,300000.0,300000.0,309278.3505154639,9278.350515463913,6400.0,800.0,0.0,0.0,25.26714090521684,RUNNING,1.0,False,
0.08660000000000001,1.0,True,300000.0,300000.0,300000.0,300000.0,309278.3505154639,9278.350515463913,6400.0,800.0,0.0,0.0,25.267449293097673,RUNNING,1.0,False,
0.0867,1.0,True,300000.0,300000.0,300000.0,300000.0,309278.3505154639,9278.350515463913,6400.0,800.0,0.0,0.0,25.267757679950545,RUNNING,1.0,False,
0.0868,1.0,True,300000.0,300000.0,300000.0,300000.0,309278.3505154639,9278.350515463913,6400.0,800.0,0.0,0.0,25.26806606577546,RUNNING,1.0,False,
0.0869,1.0,True,300000.0,300000.0,300000.0,300000.0,309278.3505154639,9278.350515463913,6400.0,800.0,0.0,0.0,25.268374450572423,RUNNING,1.0,False,
0.08700000000000001,1.0,True,300000.0,300000.0,300000.0,300000.0,309278.3505154639,9278.350515463913,6400.0,800.0,0.0,0.0,25.268682834341437,RUNNING,1.0,False,
0.08710000000000001,1.0,True,300000.0,300000.0,300000.0,300000.0,309278.3505154639,9278.350515463913,6400.0,800.0,0.0,0.0,25.268991217082505,RUNNING,1.0,False,
0.0872,1.0,True,300000.0,300000.0,300000.0,300000.0,309278.3505154639,9278.350515463913,6400.0,800.0,0.0,0.0,25.26929959879563,RUNNING,1.0,False,
0.0873,1.0,True,300000.0,300000.0,300000.0,300000.0,309278.3505154639,9278.350515463913,6400.0,800.0,0.0,0.0,25.269607979480817,RUNNING,1.0,False,
0.0874,1.0,True,300000.0,300000.0,300000.0,300000.0,309278.3505154639,9278.350515463913,6400.0,800.0,0.0,0.0,25.26991635913807,RUNNING,1.0,False,
0.08750000000000001,1.0,True,300000.0,300000.0,300000.0,300000.0,309278.3505154639,9278.350515463913,6400.0,800.0,0.0,0.0,25.270224737767386,RUNNING,1.0,False,
0.0876,1.0,True,300000.0,300000.0,300000.0,300000.0,309278.3505154639,9278.350515463913,6400.0,800.0,0.0,0.0,25.270533115368774,RUNNING,1.0,False,
0.0877,1.0,True,300000.0,300000.0,300000.0,300000.0,309278.3505154639,9278.350515463913,6400.0,800.0,0.0,0.0,25.27084149194224,RUNNING,1.0,False,
0.0878,1.0,True,300000.0,300000.0,300000.0,300000.0,309278.3505154639,9278.350515463913,6400.0,800.0,0.0,0.0,25.271149867487782,RUNNING,1.0,False,
0.0879,1.0,True,300000.0,300000.0,300000.0,300000.0,309278.3505154639,9278.350515463913,6400.0,800.0,0.0,0.0,25.271458242005405,RUNNING,1.0,False,
0.08800000000000001,1.0,True,300000.0,300000.0,300000.0,300000.0,309278.3505154639,9278.350515463913,6400.0,800.0,0.0,0.0,25.271766615495114,RUNNING,1.0,False,
0.0881,1.0,True,300000.0,300000.0,300000.0,300000.0,309278.3505154639,9278.350515463913,6400.0,800.0,0.0,0.0,25.272074987956913,RUNNING,1.0,False,
0.0882,1.0,True,300000.0,300000.0,300000.0,300000.0,309278.3505154639,9278.350515463913,6400.0,800.0,0.0,0.0,25.2723833593908,RUNNING,1.0,False,
0.0883,1.0,True,300000.0,300000.0,300000.0,300000.0,309278.3505154639,9278.350515463913,6400.0,800.0,0.0,0.0,25.272691729796787,RUNNING,1.0,False,
0.0884,1.0,True,300000.0,300000.0,300000.0,300000.0,309278.3505154639,9278.350515463913,6400.0,800.0,0.0,0.0,25.27300009917487,RUNNING,1.0,False,
0.08850000000000001,1.0,True,300000.0,300000.0,300000.0,300000.0,309278.3505154639,9278.350515463913,6400.0,800.0,0.0,0.0,25.273308467525055,RUNNING,1.0,False,
0.0886,1.0,True,300000.0,300000.0,300000.0,300000.0,309278.3505154639,9278.350515463913,6400.0,800.0,0.0,0.0,25.273616834847346,RUNNING,1.0,False,
0.0887,1.0,True,300000.0,300000.0,300000.0,300000.0,309278.3505154639,9278.350515463913,6400.0,800.0,0.0,0.0,25.273925201141743,RUNNING,1.0,False,
0.0888,1.0,True,300000.0,300000.0,300000.0,300000.0,309278.3505154639,9278.350515463913,6400.0,800.0,0.0,0.0,25.274233566408256,RUNNING,1.0,False,
0.0889,1.0,True,300000.0,300000.0,300000.0,300000.0,309278.3505154639,9278.350515463913,6400.0,800.0,0.0,0.0,25.274541930646883,RUNNING,1.0,False,
0.08900000000000001,1.0,True,300000.0,300000.0,300000.0,300000.0,309278.3505154639,9278.350515463913,6400.0,800.0,0.0,0.0,25.27485029385763,RUNNING,1.0,False,
0.0891,1.0,True,300000.0,300000.0,300000.0,300000.0,309278.3505154639,9278.350515463913,6400.0,800.0,0.0,0.0,25.2751586560405,RUNNING,1.0,False,
0.0892,1.0,True,300000.0,300000.0,300000.0,300000.0,309278.3505154639,9278.350515463913,6400.0,800.0,0.0,0.0,25.275467017195496,RUNNING,1.0,False,
0.0893,1.0,True,300000.0,300000.0,300000.0,300000.0,309278.3505154639,9278.350515463913,6400.0,800.0,0.0,0.0,25.27577537732262,RUNNING,1.0,False,
0.08940000000000001,1.0,True,300000.0,300000.0,300000.0,300000.0,309278.3505154639,9278.350515463913,6400.0,800.0,0.0,0.0,25.276083736421878,RUNNING,1.0,False,
0.08950000000000001,1.0,True,300000.0,300000.0,300000.0,300000.0,309278.3505154639,9278.350515463913,6400.0,800.0,0.0,0.0,25.27639209449327,RUNNING,1.0,False,
0.0896,1.0,True,300000.0,300000.0,300000.0,300000.0,309278.3505154639,9278.350515463913,6400.0,800.0,0.0,0.0,25.276700451536804,RUNNING,1.0,False,
0.0897,1.0,True,300000.0,300000.0,300000.0,300000.0,309278.3505154639,9278.350515463913,6400.0,800.0,0.0,0.0,25.27700880755248,RUNNING,1.0,False,
0.0898,1.0,True,300000.0,300000.0,300000.0,300000.0,309278.3505154639,9278.350515463913,6400.0,800.0,0.0,0.0,25.277317162540303,RUNNING,1.0,False,
0.08990000000000001,1.0,True,300000.0,300000.0,300000.0,300000.0,309278.3505154639,9278.350515463913,6400.0,800.0,0.0,0.0,25.277625516500276,RUNNING,1.0,False,
0.09000000000000001,1.0,True,300000.0,300000.0,300000.0,300000.0,309278.3505154639,9278.350515463913,6400.0,800.0,0.0,0.0,25.277933869432403,RUNNING,1.0,False,
0.0901,1.0,True,300000.0,300000.0,300000.0,300000.0,309278.3505154639,9278.350515463913,6400.0,800.0,0.0,0.0,25.278242221336686,RUNNING,1.0,False,
0.0902,1.0,True,300000.0,300000.0,300000.0,300000.0,309278.3505154639,9278.350515463913,6400.0,800.0,0.0,0.0,25.27855057221313,RUNNING,1.0,False,
0.0903,1.0,True,300000.0,300000.0,300000.0,300000.0,309278.3505154639,9278.350515463913,6400.0,800.0,0.0,0.0,25.27885892206174,RUNNING,1.0,False,
0.09040000000000001,1.0,True,300000.0,300000.0,300000.0,300000.0,309278.3505154639,9278.350515463913,6400.0,800.0,0.0,0.0,25.279167270882514,RUNNING,1.0,False,
0.09050000000000001,1.0,True,300000.0,300000.0,300000.0,300000.0,309278.3505154639,9278.350515463913,6400.0,800.0,0.0,0.0,25.27947561867546,RUNNING,1.0,False,
0.0906,1.0,True,300000.0,300000.0,300000.0,300000.0,309278.3505154639,9278.350515463913,6400.0,800.0,0.0,0.0,25.27978396544058,RUNNING,1.0,False,
0.0907,1.0,True,300000.0,300000.0,300000.0,300000.0,309278.3505154639,9278.350515463913,6400.0,800.0,0.0,0.0,25.280092311177878,RUNNING,1.0,False,
0.0908,1.0,True,300000.0,300000.0,300000.0,300000.0,309278.3505154639,9278.350515463913,6400.0,800.0,0.0,0.0,25.280400655887355,RUNNING,1.0,False,
0.09090000000000001,1.0,True,300000.0,300000.0,300000.0,300000.0,309278.3505154639,9278.350515463913,6400.0,800.0,0.0,0.0,25.28070899956902,RUNNING,1.0,False,
0.091,1.0,True,300000.0,300000.0,300000.0,300000.0,309278.3505154639,9278.350515463913,6400.0,800.0,0.0,0.0,25.281017342222867,RUNNING,1.0,False,
0.0911,1.0,True,300000.0,300000.0,300000.0,300000.0,309278.3505154639,9278.350515463913,6400.0,800.0,0.0,0.0,25.28132568384891,RUNNING,1.0,False,
0.0912,1.0,True,300000.0,300000.0,300000.0,300000.0,309278.3505154639,9278.350515463913,6400.0,800.0,0.0,0.0,25.281634024447143,RUNNING,1.0,False,
0.0913,1.0,True,300000.0,300000.0,300000.0,300000.0,309278.3505154639,9278.350515463913,6400.0,800.0,0.0,0.0,25.281942364017578,RUNNING,1.0,False,
0.09140000000000001,1.0,True,300000.0,300000.0,300000.0,300000.0,309278.3505154639,9278.350515463913,6400.0,800.0,0.0,0.0,25.282250702560212,RUNNING,1.0,False,
0.0915,1.0,True,300000.0,300000.0,300000.0,300000.0,309278.3505154639,9278.350515463913,6400.0,800.0,0.0,0.0,25.282559040075054,RUNNING,1.0,False,
0.0916,1.0,True,300000.0,300000.0,300000.0,300000.0,309278.3505154639,9278.350515463913,6400.0,800.0,0.0,0.0,25.282867376562102,RUNNING,1.0,False,
0.0917,1.0,True,300000.0,300000.0,300000.0,300000.0,309278.3505154639,9278.350515463913,6400.0,800.0,0.0,0.0,25.28317571202136,RUNNING,1.0,False,
0.0918,1.0,True,300000.0,300000.0,300000.0,300000.0,309278.3505154639,9278.350515463913,6400.0,800.0,0.0,0.0,25.283484046452838,RUNNING,1.0,False,
0.09190000000000001,1.0,True,300000.0,300000.0,300000.0,300000.0,309278.3505154639,9278.350515463913,6400.0,800.0,0.0,0.0,25.283792379856532,RUNNING,1.0,False,
0.092,1.0,True,300000.0,300000.0,300000.0,300000.0,309278.3505154639,9278.350515463913,6400.0,800.0,0.0,0.0,25.284100712232448,RUNNING,1.0,False,
0.0921,1.0,True,300000.0,300000.0,300000.0,300000.0,309278.3505154639,9278.350515463913,6400.0,800.0,0.0,0.0,25.284409043580588,RUNNING,1.0,False,
0.0922,1.0,True,300000.0,300000.0,300000.0,300000.0,309278.3505154639,9278.350515463913,6400.0,800.0,0.0,0.0,25.284717373900957,RUNNING,1.0,False,
0.09230000000000001,1.0,True,300000.0,300000.0,300000.0,300000.0,309278.3505154639,9278.350515463913,6400.0,800.0,0.0,0.0,25.285025703193558,RUNNING,1.0,False,
0.09240000000000001,1.0,True,300000.0,300000.0,300000.0,300000.0,309278.3505154639,9278.350515463913,6400.0,800.0,0.0,0.0,25.285334031458397,RUNNING,1.0,False,
0.0925,1.0,True,300000.0,300000.0,300000.0,300000.0,309278.3505154639,9278.350515463913,6400.0,800.0,0.0,0.0,25.285642358695476,RUNNING,1.0,False,
0.0926,1.0,True,300000.0,300000.0,300000.0,300000.0,309278.3505154639,9278.350515463913,6400.0,800.0,0.0,0.0,25.285950684904797,RUNNING,1.0,False,
0.0927,1.0,True,300000.0,300000.0,300000.0,300000.0,309278.3505154639,9278.350515463913,6400.0,800.0,0.0,0.0,25.286259010086365,RUNNING,1.0,False,
0.09280000000000001,1.0,True,300000.0,300000.0,300000.0,300000.0,309278.3505154639,9278.350515463913,6400.0,800.0,0.0,0.0,25.28656733424018,RUNNING,1.0,False,
0.09290000000000001,1.0,True,300000.0,300000.0,300000.0,300000.0,309278.3505154639,9278.350515463913,6400.0,800.0,0.0,0.0,25.286875657366245,RUNNING,1.0,False,
0.093,1.0,True,300000.0,300000.0,300000.0,300000.0,309278.3505154639,9278.350515463913,6400.0,800.0,0.0,0.0,25.28718397946457,RUNNING,1.0,False,
0.0931,1.0,True,300000.0,300000.0,300000.0,300000.0,309278.3505154639,9278.350515463913,6400.0,800.0,0.0,0.0,25.287492300535153,RUNNING,1.0,False,
0.0932,1.0,True,300000.0,300000.0,300000.0,300000.0,309278.3505154639,9278.350515463913,6400.0,800.0,0.0,0.0,25.287800620578,RUNNING,1.0,False,
0.09330000000000001,1.0,True,300000.0,300000.0,300000.0,300000.0,309278.3505154639,9278.350515463913,6400.0,800.0,0.0,0.0,25.288108939593116,RUNNING,1.0,False,
0.09340000000000001,1.0,True,300000.0,300000.0,300000.0,300000.0,309278.3505154639,9278.350515463913,6400.0,800.0,0.0,0.0,25.288417257580498,RUNNING,1.0,False,
0.0935,1.0,True,300000.0,300000.0,300000.0,300000.0,309278.3505154639,9278.350515463913,6400.0,800.0,0.0,0.0,25.288725574540155,RUNNING,1.0,False,
0.0936,1.0,True,300000.0,300000.0,300000.0,300000.0,309278.3505154639,9278.350515463913,6400.0,800.0,0.0,0.0,25.28903389047209,RUNNING,1.0,False,
0.0937,1.0,True,300000.0,300000.0,300000.0,300000.0,309278.3505154639,9278.350515463913,6400.0,800.0,0.0,0.0,25.289342205376304,RUNNING,1.0,False,
0.09380000000000001,1.0,True,300000.0,300000.0,300000.0,300000.0,309278.3505154639,9278.350515463913,6400.0,800.0,0.0,0.0,25.289650519252802,RUNNING,1.0,False,
0.09390000000000001,1.0,True,300000.0,300000.0,300000.0,300000.0,309278.3505154639,9278.350515463913,6400.0,800.0,0.0,0.0,25.289958832101586,RUNNING,1.0,False,
0.094,1.0,True,300000.0,300000.0,300000.0,300000.0,309278.3505154639,9278.350515463913,6400.0,800.0,0.0,0.0,25.290267143922662,RUNNING,1.0,False,
0.0941,1.0,True,300000.0,300000.0,300000.0,300000.0,309278.3505154639,9278.350515463913,6400.0,800.0,0.0,0.0,25.29057545471603,RUNNING,1.0,False,
0.0942,1.0,True,300000.0,300000.0,300000.0,300000.0,309278.3505154639,9278.350515463913,6400.0,800.0,0.0,0.0,25.2908837644817,RUNNING,1.0,False,
0.09430000000000001,1.0,True,300000.0,300000.0,300000.0,300000.0,309278.3505154639,9278.350515463913,6400.0,800.0,0.0,0.0,25.291192073219666,RUNNING,1.0,False,
0.0944,1.0,True,300000.0,300000.0,300000.0,300000.0,309278.3505154639,9278.350515463913,6400.0,800.0,0.0,0.0,25.291500380929936,RUNNING,1.0,False,
0.0945,1.0,True,300000.0,300000.0,300000.0,300000.0,309278.3505154639,9278.350515463913,6400.0,800.0,0.0,0.0,25.291808687612516,RUNNING,1.0,False,
0.0946,1.0,True,300000.0,300000.0,300000.0,300000.0,309278.3505154639,9278.350515463913,6400.0,800.0,0.0,0.0,25.292116993267406,RUNNING,1.0,False,
0.0947,1.0,True,300000.0,300000.0,300000.0,300000.0,309278.3505154639,9278.350515463913,6400.0,800.0,0.0,0.0,25.29242529789461,RUNNING,1.0,False,
0.09480000000000001,1.0,True,300000.0,300000.0,300000.0,300000.0,309278.3505154639,9278.350515463913,6400.0,800.0,0.0,0.0,25.29273360149413,RUNNING,1.0,False,
0.0949,1.0,True,300000.0,300000.0,300000.0,300000.0,309278.3505154639,9278.350515463913,6400.0,800.0,0.0,0.0,25.293041904065976,RUNNING,1.0,False,
0.095,1.0,True,300000.0,300000.0,300000.0,300000.0,309278.3505154639,9278.350515463913,6400.0,800.0,0.0,0.0,25.293350205610146,RUNNING,1.0,False,
0.0951,1.0,True,300000.0,300000.0,300000.0,300000.0,309278.3505154639,9278.350515463913,6400.0,800.0,0.0,0.0,25.293658506126643,RUNNING,1.0,False,
0.0952,1.0,True,300000.0,300000.0,300000.0,300000.0,309278.3505154639,9278.350515463913,6400.0,800.0,0.0,0.0,25.293966805615472,RUNNING,1.0,False,
0.09530000000000001,1.0,True,300000.0,300000.0,300000.0,300000.0,309278.3505154639,9278.350515463913,6400.0,800.0,0.0,0.0,25.294275104076636,RUNNING,1.0,False,
0.0954,1.0,True,300000.0,300000.0,300000.0,300000.0,309278.3505154639,9278.350515463913,6400.0,800.0,0.0,0.0,25.29458340151014,RUNNING,1.0,False,
0.0955,1.0,True,300000.0,300000.0,300000.0,300000.0,309278.3505154639,9278.350515463913,6400.0,800.0,0.0,0.0,25.294891697915983,RUNNING,1.0,False,
0.0956,1.0,True,300000.0,300000.0,300000.0,300000.0,309278.3505154639,9278.350515463913,6400.0,800.0,0.0,0.0,25.295199993294172,RUNNING,1.0,False,
0.09570000000000001,1.0,True,300000.0,300000.0,300000.0,300000.0,309278.3505154639,9278.350515463913,6400.0,800.0,0.0,0.0,25.29550828764471,RUNNING,1.0,False,
0.09580000000000001,1.0,True,300000.0,300000.0,300000.0,300000.0,309278.3505154639,9278.350515463913,6400.0,800.0,0.0,0.0,25.295816580967603,RUNNING,1.0,False,
0.0959,1.0,True,300000.0,300000.0,300000.0,300000.0,309278.3505154639,9278.350515463913,6400.0,800.0,0.0,0.0,25.296124873262848,RUNNING,1.0,False,
0.096,1.0,True,300000.0,300000.0,300000.0,300000.0,309278.3505154639,9278.350515463913,6400.0,800.0,0.0,0.0,25.296433164530452,RUNNING,1.0,False,
0.0961,1.0,True,300000.0,300000.0,300000.0,300000.0,309278.3505154639,9278.350515463913,6400.0,800.0,0.0,0.0,25.29674145477042,RUNNING,1.0,False,
0.09620000000000001,1.0,True,300000.0,300000.0,300000.0,300000.0,309278.3505154639,9278.350515463913,6400.0,800.0,0.0,0.0,25.297049743982754,RUNNING,1.0,False,
0.09630000000000001,1.0,True,300000.0,300000.0,300000.0,300000.0,309278.3505154639,9278.350515463913,6400.0,800.0,0.0,0.0,25.297358032167455,RUNNING,1.0,False,
0.0964,1.0,True,300000.0,300000.0,300000.0,300000.0,309278.3505154639,9278.350515463913,6400.0,800.0,0.0,0.0,25.29766631932453,RUNNING,1.0,False,
0.0965,1.0,True,300000.0,300000.0,300000.0,300000.0,309278.3505154639,9278.350515463913,6400.0,800.0,0.0,0.0,25.29797460545398,RUNNING,1.0,False,
0.0966,1.0,True,300000.0,300000.0,300000.0,300000.0,309278.3505154639,9278.350515463913,6400.0,800.0,0.0,0.0,25.29828289055581,RUNNING,1.0,False,
0.09670000000000001,1.0,True,300000.0,300000.0,300000.0,300000.0,309278.3505154639,9278.350515463913,6400.0,800.0,0.0,0.0,25.298591174630026,RUNNING,1.0,False,
0.09680000000000001,1.0,True,300000.0,300000.0,300000.0,300000.0,309278.3505154639,9278.350515463913,6400.0,800.0,0.0,0.0,25.298899457676626,RUNNING,1.0,False,
0.0969,1.0,True,300000.0,300000.0,300000.0,300000.0,309278.3505154639,9278.350515463913,6400.0,800.0,0.0,0.0,25.299207739695614,RUNNING,1.0,False,
0.097,1.0,True,300000.0,300000.0,300000.0,300000.0,309278.3505154639,9278.350515463913,6400.0,800.0,0.0,0.0,25.299516020686998,RUNNING,1.0,False,
0.0971,1.0,True,300000.0,300000.0,300000.0,300000.0,309278.3505154639,9278.350515463913,6400.0,800.0,0.0,0.0,25.299824300650776,RUNNING,1.0,False,
0.09720000000000001,1.0,True,300000.0,300000.0,300000.0,300000.0,309278.3505154639,9278.350515463913,6400.0,800.0,0.0,0.0,25.300132579586958,RUNNING,1.0,False,
0.09730000000000001,1.0,True,300000.0,300000.0,300000.0,300000.0,309278.3505154639,9278.350515463913,6400.0,800.0,0.0,0.0,25.30044085749554,RUNNING,1.0,False,
0.0974,1.0,True,300000.0,300000.0,300000.0,300000.0,309278.3505154639,9278.350515463913,6400.0,800.0,0.0,0.0,25.30074913437653,RUNNING,1.0,False,
0.0975,1.0,True,300000.0,300000.0,300000.0,300000.0,309278.3505154639,9278.350515463913,6400.0,800.0,0.0,0.0,25.30105741022993,RUNNING,1.0,False,
0.0976,1.0,True,300000.0,300000.0,300000.0,300000.0,309278.3505154639,9278.350515463913,6400.0,800.0,0.0,0.0,25.301365685055746,RUNNING,1.0,False,
0.09770000000000001,1.0,True,300000.0,300000.0,300000.0,300000.0,309278.3505154639,9278.350515463913,6400.0,800.0,0.0,0.0,25.30167395885398,RUNNING,1.0,False,
0.0978,1.0,True,300000.0,300000.0,300000.0,300000.0,309278.3505154639,9278.350515463913,6400.0,800.0,0.0,0.0,25.30198223162463,RUNNING,1.0,False,
0.0979,1.0,True,300000.0,300000.0,300000.0,300000.0,309278.3505154639,9278.350515463913,6400.0,800.0,0.0,0.0,25.302290503367708,RUNNING,1.0,False,
0.098,1.0,True,300000.0,300000.0,300000.0,300000.0,309278.3505154639,9278.350515463913,6400.0,800.0,0.0,0.0,25.30259877408321,RUNNING,1.0,False,
0.0981,1.0,True,300000.0,300000.0,300000.0,300000.0,309278.3505154639,9278.350515463913,6400.0,800.0,0.0,0.0,25.302907043771146,RUNNING,1.0,False,
0.09820000000000001,1.0,True,300000.0,300000.0,300000.0,300000.0,309278.3505154639,9278.350515463913,6400.0,800.0,0.0,0.0,25.303215312431515,RUNNING,1.0,False,
0.0983,1.0,True,300000.0,300000.0,300000.0,300000.0,309278.3505154639,9278.350515463913,6400.0,800.0,0.0,0.0,25.303523580064322,RUNNING,1.0,False,
0.0984,1.0,True,300000.0,300000.0,300000.0,300000.0,309278.3505154639,9278.350515463913,6400.0,800.0,0.0,0.0,25.30383184666957,RUNNING,1.0,False,
0.0985,1.0,True,300000.0,300000.0,300000.0,300000.0,309278.3505154639,9278.350515463913,6400.0,800.0,0.0,0.0,25.304140112247264,RUNNING,1.0,False,
0.09860000000000001,1.0,True,300000.0,300000.0,300000.0,300000.0,309278.3505154639,9278.350515463913,6400.0,800.0,0.0,0.0,25.304448376797406,RUNNING,1.0,False,
0.09870000000000001,1.0,True,300000.0,300000.0,300000.0,300000.0,309278.3505154639,9278.350515463913,6400.0,800.0,0.0,0.0,25.30475664032,RUNNING,1.0,False,
0.0988,1.0,True,300000.0,300000.0,300000.0,300000.0,309278.3505154639,9278.350515463913,6400.0,800.0,0.0,0.0,25.305064902815047,RUNNING,1.0,False,
0.0989,1.0,True,300000.0,300000.0,300000.0,300000.0,309278.3505154639,9278.350515463913,6400.0,800.0,0.0,0.0,25.305373164282553,RUNNING,1.0,False,
0.099,1.0,True,300000.0,300000.0,300000.0,300000.0,309278.3505154639,9278.350515463913,6400.0,800.0,0.0,0.0,25.305681424722522,RUNNING,1.0,False,
0.09910000000000001,1.0,True,300000.0,300000.0,300000.0,300000.0,309278.3505154639,9278.350515463913,6400.0,800.0,0.0,0.0,25.305989684134953,RUNNING,1.0,False,
0.09920000000000001,1.0,True,300000.0,300000.0,300000.0,300000.0,309278.3505154639,9278.350515463913,6400.0,800.0,0.0,0.0,25.306297942519855,RUNNING,1.0,False,
0.0993,1.0,True,300000.0,300000.0,300000.0,300000.0,309278.3505154639,9278.350515463913,6400.0,800.0,0.0,0.0,25.30660619987723,RUNNING,1.0,False,
0.0994,1.0,True,300000.0,300000.0,300000.0,300000.0,309278.3505154639,9278.350515463913,6400.0,800.0,0.0,0.0,25.30691445620708,RUNNING,1.0,False,
0.0995,1.0,True,300000.0,300000.0,300000.0,300000.0,309278.3505154639,9278.350515463913,6400.0,800.0,0.0,0.0,25.307222711509407,RUNNING,1.0,False,
0.09960000000000001,1.0,True,300000.0,300000.0,300000.0,300000.0,309278.3505154639,9278.350515463913,6400.0,800.0,0.0,0.0,25.307530965784217,RUNNING,1.0,False,
0.09970000000000001,1.0,True,300000.0,300000.0,300000.0,300000.0,309278.3505154639,9278.350515463913,6400.0,800.0,0.0,0.0,25.307839219031514,RUNNING,1.0,False,
0.0998,1.0,True,300000.0,300000.0,300000.0,300000.0,309278.3505154639,9278.350515463913,6400.0,800.0,0.0,0.0,25.3081474712513,RUNNING,1.0,False,
0.0999,1.0,True,300000.0,300000.0,300000.0,300000.0,309278.3505154639,9278.350515463913,6400.0,800.0,0.0,0.0,25.308455722443576,RUNNING,1.0,False,
0.1,1.0,True,300000.0,300000.0,300000.0,300000.0,309278.3505154639,9278.350515463913,6400.0,800.0,0.0,0.0,25.30876397260835,RUNNING,1.0,False,
0.10010000000000001,1.0,True,300000.0,300000.0,300000.0,300000.0,309278.3505154639,9278.350515463913,6400.0,800.0,0.0,0.0,25.309072221745623,RUNNING,1.0,False,
0.10020000000000001,1.0,True,300000.0,300000.0,300000.0,300000.0,309278.3505154639,9278.350515463913,6400.0,800.0,0.0,0.0,25.309380469855398,RUNNING,1.0,False,
0.1003,1.0,True,300000.0,300000.0,300000.0,300000.0,309278.3505154639,9278.350515463913,6400.0,800.0,0.0,0.0,25.309688716937682,RUNNING,1.0,False,
0.1004,1.0,True,300000.0,300000.0,300000.0,300000.0,309278.3505154639,9278.350515463913,6400.0,800.0,0.0,0.0,25.309996962992475,RUNNING,1.0,False,
0.1005,1.0,True,300000.0,300000.0,300000.0,300000.0,309278.3505154639,9278.350515463913,6400.0,800.0,0.0,0.0,25.31030520801978,RUNNING,1.0,False,
0.10060000000000001,1.0,True,300000.0,300000.0,300000.0,300000.0,309278.3505154639,9278.350515463913,6400.0,800.0,0.0,0.0,25.310613452019602,RUNNING,1.0,False,
0.10070000000000001,1.0,True,300000.0,300000.0,300000.0,300000.0,309278.3505154639,9278.350515463913,6400.0,800.0,0.0,0.0,25.310921694991944,RUNNING,1.0,False,
0.1008,1.0,True,300000.0,300000.0,300000.0,300000.0,309278.3505154639,9278.350515463913,6400.0,800.0,0.0,0.0,25.311229936936808,RUNNING,1.0,False,
0.1009,1.0,True,300000.0,300000.0,300000.0,300000.0,309278.3505154639,9278.350515463913,6400.0,800.0,0.0,0.0,25.3115381778542,RUNNING,1.0,False,
0.101,1.0,True,300000.0,300000.0,300000.0,300000.0,309278.3505154639,9278.350515463913,6400.0,800.0,0.0,0.0,25.31184641774412,RUNNING,1.0,False,
0.10110000000000001,1.0,True,300000.0,300000.0,300000.0,300000.0,309278.3505154639,9278.350515463913,6400.0,800.0,0.0,0.0,25.312154656606577,RUNNING,1.0,False,
0.1012,1.0,True,300000.0,300000.0,300000.0,300000.0,309278.3505154639,9278.350515463913,6400.0,800.0,0.0,0.0,25.31246289444157,RUNNING,1.0,False,
0.1013,1.0,True,300000.0,300000.0,300000.0,300000.0,309278.3505154639,9278.350515463913,6400.0,800.0,0.0,0.0,25.312771131249104,RUNNING,1.0,False,
0.1014,1.0,True,300000.0,300000.0,300000.0,300000.0,309278.3505154639,9278.350515463913,6400.0,800.0,0.0,0.0,25.313079367029182,RUNNING,1.0,False,
0.1015,1.0,True,300000.0,300000.0,300000.0,300000.0,309278.3505154639,9278.350515463913,6400.0,800.0,0.0,0.0,25.31338760178181,RUNNING,1.0,False,
0.10160000000000001,1.0,True,300000.0,300000.0,300000.0,300000.0,309278.3505154639,9278.350515463913,6400.0,800.0,0.0,0.0,25.313695835506984,RUNNING,1.0,False,
0.1017,1.0,True,300000.0,300000.0,300000.0,300000.0,309278.3505154639,9278.350515463913,6400.0,800.0,0.0,0.0,25.314004068204714,RUNNING,1.0,False,
0.1018,1.0,True,300000.0,300000.0,300000.0,300000.0,309278.3505154639,9278.350515463913,6400.0,800.0,0.0,0.0,25.314312299875002,RUNNING,1.0,False,
0.1019,1.0,True,300000.0,300000.0,300000.0,300000.0,309278.3505154639,9278.350515463913,6400.0,800.0,0.0,0.0,25.31462053051785,RUNNING,1.0,False,
0.10200000000000001,1.0,True,300000.0,300000.0,300000.0,300000.0,309278.3505154639,9278.350515463913,6400.0,800.0,0.0,0.0,25.314928760133263,RUNNING,1.0,False,
0.10210000000000001,1.0,True,300000.0,300000.0,300000.0,300000.0,309278.3505154639,9278.350515463913,6400.0,800.0,0.0,0.0,25.315236988721246,RUNNING,1.0,False,
0.1022,1.0,True,300000.0,300000.0,300000.0,300000.0,309278.3505154639,9278.350515463913,6400.0,800.0,0.0,0.0,25.315545216281798,RUNNING,1.0,False,
0.1023,1.0,True,300000.0,300000.0,300000.0,300000.0,309278.3505154639,9278.350515463913,6400.0,800.0,0.0,0.0,25.315853442814927,RUNNING,1.0,False,
0.1024,1.0,True,300000.0,300000.0,300000.0,300000.0,309278.3505154639,9278.350515463913,6400.0,800.0,0.0,0.0,25.316161668320632,RUNNING,1.0,False,
0.10250000000000001,1.0,True,300000.0,300000.0,300000.0,300000.0,309278.3505154639,9278.350515463913,6400.0,800.0,0.0,0.0,25.31646989279892,RUNNING,1.0,False,
0.10260000000000001,1.0,True,300000.0,300000.0,300000.0,300000.0,309278.3505154639,9278.350515463913,6400.0,800.0,0.0,0.0,25.316778116249793,RUNNING,1.0,False,
0.1027,1.0,True,300000.0,300000.0,300000.0,300000.0,309278.3505154639,9278.350515463913,6400.0,800.0,0.0,0.0,25.317086338673253,RUNNING,1.0,False,
0.1028,1.0,True,300000.0,300000.0,300000.0,300000.0,309278.3505154639,9278.350515463913,6400.0,800.0,0.0,0.0,25.317394560069307,RUNNING,1.0,False,
0.1029,1.0,True,300000.0,300000.0,300000.0,300000.0,309278.3505154639,9278.350515463913,6400.0,800.0,0.0,0.0,25.317702780437955,RUNNING,1.0,False,
0.10300000000000001,1.0,True,300000.0,300000.0,300000.0,300000.0,309278.3505154639,9278.350515463913,6400.0,800.0,0.0,0.0,25.3180109997792,RUNNING,1.0,False,
0.10310000000000001,1.0,True,300000.0,300000.0,300000.0,300000.0,309278.3505154639,9278.350515463913,6400.0,800.0,0.0,0.0,25.318319218093052,RUNNING,1.0,False,
0.1032,1.0,True,300000.0,300000.0,300000.0,300000.0,309278.3505154639,9278.350515463913,6400.0,800.0,0.0,0.0,25.318627435379508,RUNNING,1.0,False,
0.1033,1.0,True,300000.0,300000.0,300000.0,300000.0,309278.3505154639,9278.350515463913,6400.0,800.0,0.0,0.0,25.318935651638572,RUNNING,1.0,False,
0.1034,1.0,True,300000.0,300000.0,300000.0,300000.0,309278.3505154639,9278.350515463913,6400.0,800.0,0.0,0.0,25.31924386687025,RUNNING,1.0,False,
0.10350000000000001,1.0,True,300000.0,300000.0,300000.0,300000.0,309278.3505154639,9278.350515463913,6400.0,800.0,0.0,0.0,25.31955208107454,RUNNING,1.0,False,
0.10360000000000001,1.0,True,300000.0,300000.0,300000.0,300000.0,309278.3505154639,9278.350515463913,6400.0,800.0,0.0,0.0,25.319860294251452,RUNNING,1.0,False,
0.1037,1.0,True,300000.0,300000.0,300000.0,300000.0,309278.3505154639,9278.350515463913,6400.0,800.0,0.0,0.0,25.320168506400986,RUNNING,1.0,False,
0.1038,1.0,True,300000.0,300000.0,300000.0,300000.0,309278.3505154639,9278.350515463913,6400.0,800.0,0.0,0.0,25.320476717523146,RUNNING,1.0,False,
0.1039,1.0,True,300000.0,300000.0,300000.0,300000.0,309278.3505154639,9278.350515463913,6400.0,800.0,0.0,0.0,25.320784927617936,RUNNING,1.0,False,
0.10400000000000001,1.0,True,300000.0,300000.0,300000.0,300000.0,309278.3505154639,9278.350515463913,6400.0,800.0,0.0,0.0,25.32109313668536,RUNNING,1.0,False,
0.1041,1.0,True,300000.0,300000.0,300000.0,300000.0,309278.3505154639,9278.350515463913,6400.0,800.0,0.0,0.0,25.32140134472542,RUNNING,1.0,False,
0.1042,1.0,True,300000.0,300000.0,300000.0,300000.0,309278.3505154639,9278.350515463913,6400.0,800.0,0.0,0.0,25.32170955173812,RUNNING,1.0,False,
0.1043,1.0,True,300000.0,300000.0,300000.0,300000.0,309278.3505154639,9278.350515463913,6400.0,800.0,0.0,0.0,25.322017757723465,RUNNING,1.0,False,
0.1044,1.0,True,300000.0,300000.0,300000.0,300000.0,309278.3505154639,9278.350515463913,6400.0,800.0,0.0,0.0,25.322325962681454,RUNNING,1.0,False,
0.10450000000000001,1.0,True,300000.0,300000.0,300000.0,300000.0,309278.3505154639,9278.350515463913,6400.0,800.0,0.0,0.0,25.322634166612094,RUNNING,1.0,False,
0.1046,1.0,True,300000.0,300000.0,300000.0,300000.0,309278.3505154639,9278.350515463913,6400.0,800.0,0.0,0.0,25.32294236951539,RUNNING,1.0,False,
0.1047,1.0,True,300000.0,300000.0,300000.0,300000.0,309278.3505154639,9278.350515463913,6400.0,800.0,0.0,0.0,25.323250571391338,RUNNING,1.0,False,
0.1048,1.0,True,300000.0,300000.0,300000.0,300000.0,309278.3505154639,9278.350515463913,6400.0,800.0,0.0,0.0,25.32355877223995,RUNNING,1.0,False,
0.10490000000000001,1.0,True,300000.0,300000.0,300000.0,300000.0,309278.3505154639,9278.350515463913,6400.0,800.0,0.0,0.0,25.323866972061225,RUNNING,1.0,False,
0.10500000000000001,1.0,True,300000.0,300000.0,300000.0,300000.0,309278.3505154639,9278.350515463913,6400.0,800.0,0.0,0.0,25.324175170855167,RUNNING,1.0,False,
0.1051,1.0,True,300000.0,300000.0,300000.0,300000.0,309278.3505154639,9278.350515463913,6400.0,800.0,0.0,0.0,25.32448336862178,RUNNING,1.0,False,
0.1052,1.0,True,300000.0,300000.0,300000.0,300000.0,309278.3505154639,9278.350515463913,6400.0,800.0,0.0,0.0,25.324791565361068,RUNNING,1.0,False,
0.1053,1.0,True,300000.0,300000.0,300000.0,300000.0,309278.3505154639,9278.350515463913,6400.0,800.0,0.0,0.0,25.32509976107303,RUNNING,1.0,False,
0.10540000000000001,1.0,True,300000.0,300000.0,300000.0,300000.0,309278.3505154639,9278.350515463913,6400.0,800.0,0.0,0.0,25.325407955757676,RUNNING,1.0,False,
0.10550000000000001,1.0,True,300000.0,300000.0,300000.0,300000.0,309278.3505154639,9278.350515463913,6400.0,800.0,0.0,0.0,25.325716149415005,RUNNING,1.0,False,
0.1056,1.0,True,300000.0,300000.0,300000.0,300000.0,309278.3505154639,9278.350515463913,6400.0,800.0,0.0,0.0,25.326024342045024,RUNNING,1.0,False,
0.1057,1.0,True,300000.0,300000.0,300000.0,300000.0,309278.3505154639,9278.350515463913,6400.0,800.0,0.0,0.0,25.326332533647733,RUNNING,1.0,False,
0.1058,1.0,True,300000.0,300000.0,300000.0,300000.0,309278.3505154639,9278.350515463913,6400.0,800.0,0.0,0.0,25.326640724223136,RUNNING,1.0,False,
0.10590000000000001,1.0,True,300000.0,300000.0,300000.0,300000.0,309278.3505154639,9278.350515463913,6400.0,800.0,0.0,0.0,25.326948913771236,RUNNING,1.0,False,
0.10600000000000001,1.0,True,300000.0,300000.0,300000.0,300000.0,309278.3505154639,9278.350515463913,6400.0,800.0,0.0,0.0,25.327257102292037,RUNNING,1.0,False,
0.1061,1.0,True,300000.0,300000.0,300000.0,300000.0,309278.3505154639,9278.350515463913,6400.0,800.0,0.0,0.0,25.327565289785547,RUNNING,1.0,False,
0.1062,1.0,True,300000.0,300000.0,300000.0,300000.0,309278.3505154639,9278.350515463913,6400.0,800.0,0.0,0.0,25.327873476251764,RUNNING,1.0,False,
0.1063,1.0,True,300000.0,300000.0,300000.0,300000.0,309278.3505154639,9278.350515463913,6400.0,800.0,0.0,0.0,25.328181661690692,RUNNING,1.0,False,
0.10640000000000001,1.0,True,300000.0,300000.0,300000.0,300000.0,309278.3505154639,9278.350515463913,6400.0,800.0,0.0,0.0,25.328489846102336,RUNNING,1.0,False,
0.10650000000000001,1.0,True,300000.0,300000.0,300000.0,300000.0,309278.3505154639,9278.350515463913,6400.0,800.0,0.0,0.0,25.3287980294867,RUNNING,1.0,False,
0.1066,1.0,True,300000.0,300000.0,300000.0,300000.0,309278.3505154639,9278.350515463913,6400.0,800.0,0.0,0.0,25.329106211843783,RUNNING,1.0,False,
0.1067,1.0,True,300000.0,300000.0,300000.0,300000.0,309278.3505154639,9278.350515463913,6400.0,800.0,0.0,0.0,25.329414393173593,RUNNING,1.0,False,
0.1068,1.0,True,300000.0,300000.0,300000.0,300000.0,309278.3505154639,9278.350515463913,6400.0,800.0,0.0,0.0,25.329722573476133,RUNNING,1.0,False,
0.10690000000000001,1.0,True,300000.0,300000.0,300000.0,300000.0,309278.3505154639,9278.350515463913,6400.0,800.0,0.0,0.0,25.3300307527514,RUNNING,1.0,False,
0.10700000000000001,1.0,True,300000.0,300000.0,300000.0,300000.0,309278.3505154639,9278.350515463913,6400.0,800.0,0.0,0.0,25.330338930999407,RUNNING,1.0,False,
0.1071,1.0,True,300000.0,300000.0,300000.0,300000.0,309278.3505154639,9278.350515463913,6400.0,800.0,0.0,0.0,25.330647108220152,RUNNING,1.0,False,
0.1072,1.0,True,300000.0,300000.0,300000.0,300000.0,309278.3505154639,9278.350515463913,6400.0,800.0,0.0,0.0,25.33095528441364,RUNNING,1.0,False,
0.1073,1.0,True,300000.0,300000.0,300000.0,300000.0,309278.3505154639,9278.350515463913,6400.0,800.0,0.0,0.0,25.331263459579876,RUNNING,1.0,False,
0.10740000000000001,1.0,True,300000.0,300000.0,300000.0,300000.0,309278.3505154639,9278.350515463913,6400.0,800.0,0.0,0.0,25.33157163371886,RUNNING,1.0,False,
0.1075,1.0,True,300000.0,300000.0,300000.0,300000.0,309278.3505154639,9278.350515463913,6400.0,800.0,0.0,0.0,25.331879806830596,RUNNING,1.0,False,
0.1076,1.0,True,300000.0,300000.0,300000.0,300000.0,309278.3505154639,9278.350515463913,6400.0,800.0,0.0,0.0,25.332187978915087,RUNNING,1.0,False,
0.1077,1.0,True,300000.0,300000.0,300000.0,300000.0,309278.3505154639,9278.350515463913,6400.0,800.0,0.0,0.0,25.33249614997234,RUNNING,1.0,False,
0.1078,1.0,True,300000.0,300000.0,300000.0,300000.0,309278.3505154639,9278.350515463913,6400.0,800.0,0.0,0.0,25.332804320002356,RUNNING,1.0,False,
0.10790000000000001,1.0,True,300000.0,300000.0,300000.0,300000.0,309278.3505154639,9278.350515463913,6400.0,800.0,0.0,0.0,25.33311248900514,RUNNING,1.0,False,
0.108,1.0,True,300000.0,300000.0,300000.0,300000.0,309278.3505154639,9278.350515463913,6400.0,800.0,0.0,0.0,25.333420656980692,RUNNING,1.0,False,
0.1081,1.0,True,300000.0,300000.0,300000.0,300000.0,309278.3505154639,9278.350515463913,6400.0,800.0,0.0,0.0,25.333728823929018,RUNNING,1.0,False,
0.1082,1.0,True,300000.0,300000.0,300000.0,300000.0,309278.3505154639,9278.350515463913,6400.0,800.0,0.0,0.0,25.33403698985012,RUNNING,1.0,False,
0.10830000000000001,1.0,True,300000.0,300000.0,300000.0,300000.0,309278.3505154639,9278.350515463913,6400.0,800.0,0.0,0.0,25.334345154744003,RUNNING,1.0,False,
0.10840000000000001,1.0,True,300000.0,300000.0,300000.0,300000.0,309278.3505154639,9278.350515463913,6400.0,800.0,0.0,0.0,25.33465331861067,RUNNING,1.0,False,
0.1085,1.0,True,300000.0,300000.0,300000.0,300000.0,309278.3505154639,9278.350515463913,6400.0,800.0,0.0,0.0,25.334961481450122,RUNNING,1.0,False,
0.1086,1.0,True,300000.0,300000.0,300000.0,300000.0,309278.3505154639,9278.350515463913,6400.0,800.0,0.0,0.0,25.335269643262365,RUNNING,1.0,False,
0.1087,1.0,True,300000.0,300000.0,300000.0,300000.0,309278.3505154639,9278.350515463913,6400.0,800.0,0.0,0.0,25.335577804047404,RUNNING,1.0,False,
0.10880000000000001,1.0,True,300000.0,300000.0,300000.0,300000.0,309278.3505154639,9278.350515463913,6400.0,800.0,0.0,0.0,25.33588596380524,RUNNING,1.0,False,
0.10890000000000001,1.0,True,300000.0,300000.0,300000.0,300000.0,309278.3505154639,9278.350515463913,6400.0,800.0,0.0,0.0,25.336194122535876,RUNNING,1.0,False,
0.109,1.0,True,300000.0,300000.0,300000.0,300000.0,309278.3505154639,9278.350515463913,6400.0,800.0,0.0,0.0,25.336502280239316,RUNNING,1.0,False,
0.1091,1.0,True,300000.0,300000.0,300000.0,300000.0,309278.3505154639,9278.350515463913,6400.0,800.0,0.0,0.0,25.336810436915563,RUNNING,1.0,False,
0.1092,1.0,True,300000.0,300000.0,300000.0,300000.0,309278.3505154639,9278.350515463913,6400.0,800.0,0.0,0.0,25.33711859256462,RUNNING,1.0,False,
0.10930000000000001,1.0,True,300000.0,300000.0,300000.0,300000.0,309278.3505154639,9278.350515463913,6400.0,800.0,0.0,0.0,25.337426747186495,RUNNING,1.0,False,
0.10940000000000001,1.0,True,300000.0,300000.0,300000.0,300000.0,309278.3505154639,9278.350515463913,6400.0,800.0,0.0,0.0,25.337734900781186,RUNNING,1.0,False,
0.1095,1.0,True,300000.0,300000.0,300000.0,300000.0,309278.3505154639,9278.350515463913,6400.0,800.0,0.0,0.0,25.3380430533487,RUNNING,1.0,False,
0.1096,1.0,True,300000.0,300000.0,300000.0,300000.0,309278.3505154639,9278.350515463913,6400.0,800.0,0.0,0.0,25.338351204889037,RUNNING,1.0,False,
0.1097,1.0,True,300000.0,300000.0,300000.0,300000.0,309278.3505154639,9278.350515463913,6400.0,800.0,0.0,0.0,25.338659355402203,RUNNING,1.0,False,
0.10980000000000001,1.0,True,300000.0,300000.0,300000.0,300000.0,309278.3505154639,9278.350515463913,6400.0,800.0,0.0,0.0,25.338967504888203,RUNNING,1.0,False,
0.10990000000000001,1.0,True,300000.0,300000.0,300000.0,300000.0,309278.3505154639,9278.350515463913,6400.0,800.0,0.0,0.0,25.339275653347034,RUNNING,1.0,False,
0.11,1.0,True,300000.0,300000.0,300000.0,300000.0,309278.3505154639,9278.350515463913,6400.0,800.0,0.0,0.0,25.339583800778705,RUNNING,1.0,False,
0.1101,1.0,True,300000.0,300000.0,300000.0,300000.0,309278.3505154639,9278.350515463913,6400.0,800.0,0.0,0.0,25.33989194718322,RUNNING,1.0,False,
0.1102,1.0,True,300000.0,300000.0,300000.0,300000.0,309278.3505154639,9278.350515463913,6400.0,800.0,0.0,0.0,25.340200092560575,RUNNING,1.0,False,
0.11030000000000001,1.0,True,300000.0,300000.0,300000.0,300000.0,309278.3505154639,9278.350515463913,6400.0,800.0,0.0,0.0,25.340508236910782,RUNNING,1.0,False,
0.11040000000000001,1.0,True,300000.0,300000.0,300000.0,300000.0,309278.3505154639,9278.350515463913,6400.0,800.0,0.0,0.0,25.340816380233843,RUNNING,1.0,False,
0.1105,1.0,True,300000.0,300000.0,300000.0,300000.0,309278.3505154639,9278.350515463913,6400.0,800.0,0.0,0.0,25.341124522529757,RUNNING,1.0,False,
0.1106,1.0,True,300000.0,300000.0,300000.0,300000.0,309278.3505154639,9278.350515463913,6400.0,800.0,0.0,0.0,25.341432663798532,RUNNING,1.0,False,
0.1107,1.0,True,300000.0,300000.0,300000.0,300000.0,309278.3505154639,9278.350515463913,6400.0,800.0,0.0,0.0,25.341740804040167,RUNNING,1.0,False,
0.11080000000000001,1.0,True,300000.0,300000.0,300000.0,300000.0,309278.3505154639,9278.350515463913,6400.0,800.0,0.0,0.0,25.34204894325467,RUNNING,1.0,False,
0.1109,1.0,True,300000.0,300000.0,300000.0,300000.0,309278.3505154639,9278.350515463913,6400.0,800.0,0.0,0.0,25.342357081442042,RUNNING,1.0,False,
0.111,1.0,True,300000.0,300000.0,300000.0,300000.0,309278.3505154639,9278.350515463913,6400.0,800.0,0.0,0.0,25.342665218602285,RUNNING,1.0,False,
0.1111,1.0,True,300000.0,300000.0,300000.0,300000.0,309278.3505154639,9278.350515463913,6400.0,800.0,0.0,0.0,25.342973354735406,RUNNING,1.0,False,
0.11120000000000001,1.0,True,300000.0,300000.0,300000.0,300000.0,309278.3505154639,9278.350515463913,6400.0,800.0,0.0,0.0,25.343281489841406,RUNNING,1.0,False,
0.11130000000000001,1.0,True,300000.0,300000.0,300000.0,300000.0,309278.3505154639,9278.350515463913,6400.0,800.0,0.0,0.0,25.343589623920288,RUNNING,1.0,False,
0.1114,1.0,True,300000.0,300000.0,300000.0,300000.0,309278.3505154639,9278.350515463913,6400.0,800.0,0.0,0.0,25.343897756972055,RUNNING,1.0,False,
0.1115,1.0,True,300000.0,300000.0,300000.0,300000.0,309278.3505154639,9278.350515463913,6400.0,800.0,0.0,0.0,25.344205888996715,RUNNING,1.0,False,
0.1116,1.0,True,300000.0,300000.0,300000.0,300000.0,309278.3505154639,9278.350515463913,6400.0,800.0,0.0,0.0,25.344514019994268,RUNNING,1.0,False,
0.11170000000000001,1.0,True,300000.0,300000.0,300000.0,300000.0,309278.3505154639,9278.350515463913,6400.0,800.0,0.0,0.0,25.344822149964717,RUNNING,1.0,False,
0.11180000000000001,1.0,True,300000.0,300000.0,300000.0,300000.0,309278.3505154639,9278.350515463913,6400.0,800.0,0.0,0.0,25.345130278908066,RUNNING,1.0,False,
0.1119,1.0,True,300000.0,300000.0,300000.0,300000.0,309278.3505154639,9278.350515463913,6400.0,800.0,0.0,0.0,25.345438406824318,RUNNING,1.0,False,
0.112,1.0,True,300000.0,300000.0,300000.0,300000.0,309278.3505154639,9278.350515463913,6400.0,800.0,0.0,0.0,25.345746533713477,RUNNING,1.0,False,
0.1121,1.0,True,300000.0,300000.0,300000.0,300000.0,309278.3505154639,9278.350515463913,6400.0,800.0,0.0,0.0,25.346054659575547,RUNNING,1.0,False,
0.11220000000000001,1.0,True,300000.0,300000.0,300000.0,300000.0,309278.3505154639,9278.350515463913,6400.0,800.0,0.0,0.0,25.34636278441053,RUNNING,1.0,False,
0.11230000000000001,1.0,True,300000.0,300000.0,300000.0,300000.0,309278.3505154639,9278.350515463913,6400.0,800.0,0.0,0.0,25.34667090821843,RUNNING,1.0,False,
0.1124,1.0,True,300000.0,300000.0,300000.0,300000.0,309278.3505154639,9278.350515463913,6400.0,800.0,0.0,0.0,25.346979030999254,RUNNING,1.0,False,
0.1125,1.0,True,300000.0,300000.0,300000.0,300000.0,309278.3505154639,9278.350515463913,6400.0,800.0,0.0,0.0,25.347287152753,RUNNING,1.0,False,
0.1126,1.0,True,300000.0,300000.0,300000.0,300000.0,309278.3505154639,9278.350515463913,6400.0,800.0,0.0,0.0,25.347595273479673,RUNNING,1.0,False,
0.11270000000000001,1.0,True,300000.0,300000.0,300000.0,300000.0,309278.3505154639,9278.350515463913,6400.0,800.0,0.0,0.0,25.347903393179276,RUNNING,1.0,False,
0.11280000000000001,1.0,True,300000.0,300000.0,300000.0,300000.0,309278.3505154639,9278.350515463913,6400.0,800.0,0.0,0.0,25.348211511851815,RUNNING,1.0,False,
0.1129,1.0,True,300000.0,300000.0,300000.0,300000.0,309278.3505154639,9278.350515463913,6400.0,800.0,0.0,0.0,25.34851962949729,RUNNING,1.0,False,
0.113,1.0,True,300000.0,300000.0,300000.0,300000.0,309278.3505154639,9278.350515463913,6400.0,800.0,0.0,0.0,25.348827746115706,RUNNING,1.0,False,
0.1131,1.0,True,300000.0,300000.0,300000.0,300000.0,309278.3505154639,9278.350515463913,6400.0,800.0,0.0,0.0,25.34913586170707,RUNNING,1.0,False,
0.11320000000000001,1.0,True,300000.0,300000.0,300000.0,300000.0,309278.3505154639,9278.350515463913,6400.0,800.0,0.0,0.0,25.349443976271377,RUNNING,1.0,False,
0.11330000000000001,1.0,True,300000.0,300000.0,300000.0,300000.0,309278.3505154639,9278.350515463913,6400.0,800.0,0.0,0.0,25.34975208980864,RUNNING,1.0,False,
0.1134,1.0,True,300000.0,300000.0,300000.0,300000.0,309278.3505154639,9278.350515463913,6400.0,800.0,0.0,0.0,25.350060202318854,RUNNING,1.0,False,
0.1135,1.0,True,300000.0,300000.0,300000.0,300000.0,309278.3505154639,9278.350515463913,6400.0,800.0,0.0,0.0,25.35036831380203,RUNNING,1.0,False,
0.1136,1.0,True,300000.0,300000.0,300000.0,300000.0,309278.3505154639,9278.350515463913,6400.0,800.0,0.0,0.0,25.350676424258165,RUNNING,1.0,False,
0.11370000000000001,1.0,True,300000.0,300000.0,300000.0,300000.0,309278.3505154639,9278.350515463913,6400.0,800.0,0.0,0.0,25.350984533687267,RUNNING,1.0,False,
0.11380000000000001,1.0,True,300000.0,300000.0,300000.0,300000.0,309278.3505154639,9278.350515463913,6400.0,800.0,0.0,0.0,25.351292642089337,RUNNING,1.0,False,
0.1139,1.0,True,300000.0,300000.0,300000.0,300000.0,309278.3505154639,9278.350515463913,6400.0,800.0,0.0,0.0,25.351600749464378,RUNNING,1.0,False,
0.114,1.0,True,300000.0,300000.0,300000.0,300000.0,309278.3505154639,9278.350515463913,6400.0,800.0,0.0,0.0,25.351908855812397,RUNNING,1.0,False,
0.11410000000000001,1.0,True,300000.0,300000.0,300000.0,300000.0,309278.3505154639,9278.350515463913,6400.0,800.0,0.0,0.0,25.352216961133394,RUNNING,1.0,False,
0.11420000000000001,1.0,True,300000.0,300000.0,300000.0,300000.0,309278.3505154639,9278.350515463913,6400.0,800.0,0.0,0.0,25.352525065427372,RUNNING,1.0,False,
0.1143,1.0,True,300000.0,300000.0,300000.0,300000.0,309278.3505154639,9278.350515463913,6400.0,800.0,0.0,0.0,25.352833168694335,RUNNING,1.0,False,
0.1144,1.0,True,300000.0,300000.0,300000.0,300000.0,309278.3505154639,9278.350515463913,6400.0,800.0,0.0,0.0,25.353141270934287,RUNNING,1.0,False,
0.1145,1.0,True,300000.0,300000.0,300000.0,300000.0,309278.3505154639,9278.350515463913,6400.0,800.0,0.0,0.0,25.35344937214723,RUNNING,1.0,False,
0.11460000000000001,1.0,True,300000.0,300000.0,300000.0,300000.0,309278.3505154639,9278.350515463913,6400.0,800.0,0.0,0.0,25.35375747233317,RUNNING,1.0,False,
0.11470000000000001,1.0,True,300000.0,300000.0,300000.0,300000.0,309278.3505154639,9278.350515463913,6400.0,800.0,0.0,0.0,25.35406557149211,RUNNING,1.0,False,
0.1148,1.0,True,300000.0,300000.0,300000.0,300000.0,309278.3505154639,9278.350515463913,6400.0,800.0,0.0,0.0,25.354373669624053,RUNNING,1.0,False,
0.1149,1.0,True,300000.0,300000.0,300000.0,300000.0,309278.3505154639,9278.350515463913,6400.0,800.0,0.0,0.0,25.354681766729,RUNNING,1.0,False,
0.115,1.0,True,300000.0,300000.0,300000.0,300000.0,309278.3505154639,9278.350515463913,6400.0,800.0,0.0,0.0,25.35498986280696,RUNNING,1.0,False,
0.11510000000000001,1.0,True,300000.0,300000.0,300000.0,300000.0,309278.3505154639,9278.350515463913,6400.0,800.0,0.0,0.0,25.355297957857932,RUNNING,1.0,False,
0.11520000000000001,1.0,True,300000.0,300000.0,300000.0,300000.0,309278.3505154639,9278.350515463913,6400.0,800.0,0.0,0.0,25.35560605188192,RUNNING,1.0,False,
0.1153,1.0,True,300000.0,300000.0,300000.0,300000.0,309278.3505154639,9278.350515463913,6400.0,800.0,0.0,0.0,25.35591414487893,RUNNING,1.0,False,
0.1154,1.0,True,300000.0,300000.0,300000.0,300000.0,309278.3505154639,9278.350515463913,6400.0,800.0,0.0,0.0,25.356222236848964,RUNNING,1.0,False,
0.1155,1.0,True,300000.0,300000.0,300000.0,300000.0,309278.3505154639,9278.350515463913,6400.0,800.0,0.0,0.0,25.356530327792022,RUNNING,1.0,False,
0.11560000000000001,1.0,True,300000.0,300000.0,300000.0,300000.0,309278.3505154639,9278.350515463913,6400.0,800.0,0.0,0.0,25.35683841770811,RUNNING,1.0,False,
0.11570000000000001,1.0,True,300000.0,300000.0,300000.0,300000.0,309278.3505154639,9278.350515463913,6400.0,800.0,0.0,0.0,25.357146506597235,RUNNING,1.0,False,
0.1158,1.0,True,300000.0,300000.0,300000.0,300000.0,309278.3505154639,9278.350515463913,6400.0,800.0,0.0,0.0,25.357454594459394,RUNNING,1.0,False,
0.1159,1.0,True,300000.0,300000.0,300000.0,300000.0,309278.3505154639,9278.350515463913,6400.0,800.0,0.0,0.0,25.357762681294595,RUNNING,1.0,False,
0.116,1.0,True,300000.0,300000.0,300000.0,300000.0,309278.3505154639,9278.350515463913,6400.0,800.0,0.0,0.0,25.358070767102838,RUNNING,1.0,False,
0.11610000000000001,1.0,True,300000.0,300000.0,300000.0,300000.0,309278.3505154639,9278.350515463913,6400.0,800.0,0.0,0.0,25.35837885188413,RUNNING,1.0,False,
0.11620000000000001,1.0,True,300000.0,300000.0,300000.0,300000.0,309278.3505154639,9278.350515463913,6400.0,800.0,0.0,0.0,25.35868693563847,RUNNING,1.0,False,
0.1163,1.0,True,300000.0,300000.0,300000.0,300000.0,309278.3505154639,9278.350515463913,6400.0,800.0,0.0,0.0,25.358995018365867,RUNNING,1.0,False,
0.1164,1.0,True,300000.0,300000.0,300000.0,300000.0,309278.3505154639,9278.350515463913,6400.0,800.0,0.0,0.0,25.35930310006632,RUNNING,1.0,False,
0.1165,1.0,True,300000.0,300000.0,300000.0,300000.0,309278.3505154639,9278.350515463913,6400.0,800.0,0.0,0.0,25.359611180739837,RUNNING,1.0,False,
0.11660000000000001,1.0,True,300000.0,300000.0,300000.0,300000.0,309278.3505154639,9278.350515463913,6400.0,800.0,0.0,0.0,25.359919260386416,RUNNING,1.0,False,
0.11670000000000001,1.0,True,300000.0,300000.0,300000.0,300000.0,309278.3505154639,9278.350515463913,6400.0,800.0,0.0,0.0,25.360227339006062,RUNNING,1.0,False,
0.1168,1.0,True,300000.0,300000.0,300000.0,300000.0,309278.3505154639,9278.350515463913,6400.0,800.0,0.0,0.0,25.360535416598783,RUNNING,1.0,False,
0.1169,1.0,True,300000.0,300000.0,300000.0,300000.0,309278.3505154639,9278.350515463913,6400.0,800.0,0.0,0.0,25.360843493164577,RUNNING,1.0,False,
0.117,1.0,True,300000.0,300000.0,300000.0,300000.0,309278.3505154639,9278.350515463913,6400.0,800.0,0.0,0.0,25.36115156870345,RUNNING,1.0,False,
0.11710000000000001,1.0,True,300000.0,300000.0,300000.0,300000.0,309278.3505154639,9278.350515463913,6400.0,800.0,0.0,0.0,25.3614596432154,RUNNING,1.0,False,
0.11720000000000001,1.0,True,300000.0,300000.0,300000.0,300000.0,309278.3505154639,9278.350515463913,6400.0,800.0,0.0,0.0,25.361767716700438,RUNNING,1.0,False,
0.1173,1.0,True,300000.0,300000.0,300000.0,300000.0,309278.3505154639,9278.350515463913,6400.0,800.0,0.0,0.0,25.362075789158563,RUNNING,1.0,False,
0.1174,1.0,True,300000.0,300000.0,300000.0,300000.0,309278.3505154639,9278.350515463913,6400.0,800.0,0.0,0.0,25.36238386058978,RUNNING,1.0,False,
0.11750000000000001,1.0,True,300000.0,300000.0,300000.0,300000.0,309278.3505154639,9278.350515463913,6400.0,800.0,0.0,0.0,25.362691930994092,RUNNING,1.0,False,
0.11760000000000001,1.0,True,300000.0,300000.0,300000.0,300000.0,309278.3505154639,9278.350515463913,6400.0,800.0,0.0,0.0,25.363000000371503,RUNNING,1.0,False,
0.1177,1.0,True,300000.0,300000.0,300000.0,300000.0,309278.3505154639,9278.350515463913,6400.0,800.0,0.0,0.0,25.363308068722016,RUNNING,1.0,False,
0.1178,1.0,True,300000.0,300000.0,300000.0,300000.0,309278.3505154639,9278.350515463913,6400.0,800.0,0.0,0.0,25.363616136045636,RUNNING,1.0,False,
0.1179,1.0,True,300000.0,300000.0,300000.0,300000.0,309278.3505154639,9278.350515463913,6400.0,800.0,0.0,0.0,25.363924202342364,RUNNING,1.0,False,
0.11800000000000001,1.0,True,300000.0,300000.0,300000.0,300000.0,309278.3505154639,9278.350515463913,6400.0,800.0,0.0,0.0,25.364232267612206,RUNNING,1.0,False,
0.11810000000000001,1.0,True,300000.0,300000.0,300000.0,300000.0,309278.3505154639,9278.350515463913,6400.0,800.0,0.0,0.0,25.364540331855164,RUNNING,1.0,False,
0.1182,1.0,True,300000.0,300000.0,300000.0,300000.0,309278.3505154639,9278.350515463913,6400.0,800.0,0.0,0.0,25.36484839507124,RUNNING,1.0,False,
0.1183,1.0,True,300000.0,300000.0,300000.0,300000.0,309278.3505154639,9278.350515463913,6400.0,800.0,0.0,0.0,25.365156457260436,RUNNING,1.0,False,
0.1184,1.0,True,300000.0,300000.0,300000.0,300000.0,309278.3505154639,9278.350515463913,6400.0,800.0,0.0,0.0,25.365464518422762,RUNNING,1.0,False,
0.11850000000000001,1.0,True,300000.0,300000.0,300000.0,300000.0,309278.3505154639,9278.350515463913,6400.0,800.0,0.0,0.0,25.365772578558214,RUNNING,1.0,False,
0.11860000000000001,1.0,True,300000.0,300000.0,300000.0,300000.0,309278.3505154639,9278.350515463913,6400.0,800.0,0.0,0.0,25.3660806376668,RUNNING,1.0,False,
0.1187,1.0,True,300000.0,300000.0,300000.0,300000.0,309278.3505154639,9278.350515463913,6400.0,800.0,0.0,0.0,25.366388695748526,RUNNING,1.0,False,
0.1188,1.0,True,300000.0,300000.0,300000.0,300000.0,309278.3505154639,9278.350515463913,6400.0,800.0,0.0,0.0,25.36669675280339,RUNNING,1.0,False,
0.1189,1.0,True,300000.0,300000.0,300000.0,300000.0,309278.3505154639,9278.350515463913,6400.0,800.0,0.0,0.0,25.367004808831396,RUNNING,1.0,False,
0.11900000000000001,1.0,True,300000.0,300000.0,300000.0,300000.0,309278.3505154639,9278.350515463913,6400.0,800.0,0.0,0.0,25.36731286383255,RUNNING,1.0,False,
0.11910000000000001,1.0,True,300000.0,300000.0,300000.0,300000.0,309278.3505154639,9278.350515463913,6400.0,800.0,0.0,0.0,25.36762091780685,RUNNING,1.0,False,
0.1192,1.0,True,300000.0,300000.0,300000.0,300000.0,309278.3505154639,9278.350515463913,6400.0,800.0,0.0,0.0,25.367928970754306,RUNNING,1.0,False,
0.1193,1.0,True,300000.0,300000.0,300000.0,300000.0,309278.3505154639,9278.350515463913,6400.0,800.0,0.0,0.0,25.36823702267492,RUNNING,1.0,False,
0.1194,1.0,True,300000.0,300000.0,300000.0,300000.0,309278.3505154639,9278.350515463913,6400.0,800.0,0.0,0.0,25.368545073568693,RUNNING,1.0,False,
0.11950000000000001,1.0,True,300000.0,300000.0,300000.0,300000.0,309278.3505154639,9278.350515463913,6400.0,800.0,0.0,0.0,25.36885312343563,RUNNING,1.0,False,
0.11960000000000001,1.0,True,300000.0,300000.0,300000.0,300000.0,309278.3505154639,9278.350515463913,6400.0,800.0,0.0,0.0,25.369161172275735,RUNNING,1.0,False,
0.1197,1.0,True,300000.0,300000.0,300000.0,300000.0,309278.3505154639,9278.350515463913,6400.0,800.0,0.0,0.0,25.36946922008901,RUNNING,1.0,False,
0.1198,1.0,True,300000.0,300000.0,300000.0,300000.0,309278.3505154639,9278.350515463913,6400.0,800.0,0.0,0.0,25.369777266875456,RUNNING,1.0,False,
0.1199,1.0,True,300000.0,300000.0,300000.0,300000.0,309278.3505154639,9278.350515463913,6400.0,800.0,0.0,0.0,25.370085312635084,RUNNING,1.0,False,
0.12000000000000001,1.0,True,300000.0,300000.0,300000.0,300000.0,309278.3505154639,9278.350515463913,6400.0,800.0,0.0,0.0,25.37039335736789,RUNNING,1.0,False,
0.12010000000000001,1.0,True,300000.0,300000.0,300000.0,300000.0,309278.3505154639,9278.350515463913,6400.0,800.0,0.0,0.0,25.370701401073884,RUNNING,1.0,False,
0.1202,1.0,True,300000.0,300000.0,300000.0,300000.0,309278.3505154639,9278.350515463913,6400.0,800.0,0.0,0.0,25.371009443753064,RUNNING,1.0,False,
0.1203,1.0,True,300000.0,300000.0,300000.0,300000.0,309278.3505154639,9278.350515463913,6400.0,800.0,0.0,0.0,25.371317485405434,RUNNING,1.0,False,
0.12040000000000001,1.0,True,300000.0,300000.0,300000.0,300000.0,309278.3505154639,9278.350515463913,6400.0,800.0,0.0,0.0,25.371625526031,RUNNING,1.0,False,
0.12050000000000001,1.0,True,300000.0,300000.0,300000.0,300000.0,309278.3505154639,9278.350515463913,6400.0,800.0,0.0,0.0,25.371933565629764,RUNNING,1.0,False,
0.1206,1.0,True,300000.0,300000.0,300000.0,300000.0,309278.3505154639,9278.350515463913,6400.0,800.0,0.0,0.0,25.372241604201726,RUNNING,1.0,False,
0.1207,1.0,True,300000.0,300000.0,300000.0,300000.0,309278.3505154639,9278.350515463913,6400.0,800.0,0.0,0.0,25.372549641746893,RUNNING,1.0,False,
0.1208,1.0,True,300000.0,300000.0,300000.0,300000.0,309278.3505154639,9278.350515463913,6400.0,800.0,0.0,0.0,25.37285767826527,RUNNING,1.0,False,
0.12090000000000001,1.0,True,300000.0,300000.0,300000.0,300000.0,309278.3505154639,9278.350515463913,6400.0,800.0,0.0,0.0,25.37316571375686,RUNNING,1.0,False,
0.12100000000000001,1.0,True,300000.0,300000.0,300000.0,300000.0,309278.3505154639,9278.350515463913,6400.0,800.0,0.0,0.0,25.37347374822166,RUNNING,1.0,False,
0.1211,1.0,True,300000.0,300000.0,300000.0,300000.0,309278.3505154639,9278.350515463913,6400.0,800.0,0.0,0.0,25.37378178165968,RUNNING,1.0,False,
0.1212,1.0,True,300000.0,300000.0,300000.0,300000.0,309278.3505154639,9278.350515463913,6400.0,800.0,0.0,0.0,25.374089814070924,RUNNING,1.0,False,
0.1213,1.0,True,300000.0,300000.0,300000.0,300000.0,309278.3505154639,9278.350515463913,6400.0,800.0,0.0,0.0,25.37439784545539,RUNNING,1.0,False,
0.12140000000000001,1.0,True,300000.0,300000.0,300000.0,300000.0,309278.3505154639,9278.350515463913,6400.0,800.0,0.0,0.0,25.37470587581309,RUNNING,1.0,False,
0.12150000000000001,1.0,True,300000.0,300000.0,300000.0,300000.0,309278.3505154639,9278.350515463913,6400.0,800.0,0.0,0.0,25.37501390514402,RUNNING,1.0,False,
0.1216,1.0,True,300000.0,300000.0,300000.0,300000.0,309278.3505154639,9278.350515463913,6400.0,800.0,0.0,0.0,25.375321933448184,RUNNING,1.0,False,
0.1217,1.0,True,300000.0,300000.0,300000.0,300000.0,309278.3505154639,9278.350515463913,6400.0,800.0,0.0,0.0,25.37562996072559,RUNNING,1.0,False,
0.1218,1.0,True,300000.0,300000.0,300000.0,300000.0,309278.3505154639,9278.350515463913,6400.0,800.0,0.0,0.0,25.375937986976236,RUNNING,1.0,False,
0.12190000000000001,1.0,True,300000.0,300000.0,300000.0,300000.0,309278.3505154639,9278.350515463913,6400.0,800.0,0.0,0.0,25.376246012200127,RUNNING,1.0,False,
0.12200000000000001,1.0,True,300000.0,300000.0,300000.0,300000.0,309278.3505154639,9278.350515463913,6400.0,800.0,0.0,0.0,25.37655403639727,RUNNING,1.0,False,
0.1221,1.0,True,300000.0,300000.0,300000.0,300000.0,309278.3505154639,9278.350515463913,6400.0,800.0,0.0,0.0,25.376862059567664,RUNNING,1.0,False,
0.1222,1.0,True,300000.0,300000.0,300000.0,300000.0,309278.3505154639,9278.350515463913,6400.0,800.0,0.0,0.0,25.377170081711313,RUNNING,1.0,False,
0.1223,1.0,True,300000.0,300000.0,300000.0,300000.0,309278.3505154639,9278.350515463913,6400.0,800.0,0.0,0.0,25.377478102828224,RUNNING,1.0,False,
0.12240000000000001,1.0,True,300000.0,300000.0,300000.0,300000.0,309278.3505154639,9278.350515463913,6400.0,800.0,0.0,0.0,25.377786122918398,RUNNING,1.0,False,
0.12250000000000001,1.0,True,300000.0,300000.0,300000.0,300000.0,309278.3505154639,9278.350515463913,6400.0,800.0,0.0,0.0,25.378094141981837,RUNNING,1.0,False,
0.1226,1.0,True,300000.0,300000.0,300000.0,300000.0,309278.3505154639,9278.350515463913,6400.0,800.0,0.0,0.0,25.378402160018545,RUNNING,1.0,False,
0.1227,1.0,True,300000.0,300000.0,300000.0,300000.0,309278.3505154639,9278.350515463913,6400.0,800.0,0.0,0.0,25.378710177028527,RUNNING,1.0,False,
0.1228,1.0,True,300000.0,300000.0,300000.0,300000.0,309278.3505154639,9278.350515463913,6400.0,800.0,0.0,0.0,25.379018193011785,RUNNING,1.0,False,
0.12290000000000001,1.0,True,300000.0,300000.0,300000.0,300000.0,309278.3505154639,9278.350515463913,6400.0,800.0,0.0,0.0,25.379326207968322,RUNNING,1.0,False,
0.12300000000000001,1.0,True,300000.0,300000.0,300000.0,300000.0,309278.3505154639,9278.350515463913,6400.0,800.0,0.0,0.0,25.379634221898144,RUNNING,1.0,False,
0.1231,1.0,True,300000.0,300000.0,300000.0,300000.0,309278.3505154639,9278.350515463913,6400.0,800.0,0.0,0.0,25.379942234801252,RUNNING,1.0,False,
0.1232,1.0,True,300000.0,300000.0,300000.0,300000.0,309278.3505154639,9278.350515463913,6400.0,800.0,0.0,0.0,25.38025024667765,RUNNING,1.0,False,
0.1233,1.0,True,300000.0,300000.0,300000.0,300000.0,309278.3505154639,9278.350515463913,6400.0,800.0,0.0,0.0,25.380558257527344,RUNNING,1.0,False,
0.12340000000000001,1.0,True,300000.0,300000.0,300000.0,300000.0,309278.3505154639,9278.350515463913,6400.0,800.0,0.0,0.0,25.380866267350335,RUNNING,1.0,False,
0.12350000000000001,1.0,True,300000.0,300000.0,300000.0,300000.0,309278.3505154639,9278.350515463913,6400.0,800.0,0.0,0.0,25.381174276146627,RUNNING,1.0,False,
0.1236,1.0,True,300000.0,300000.0,300000.0,300000.0,309278.3505154639,9278.350515463913,6400.0,800.0,0.0,0.0,25.38148228391622,RUNNING,1.0,False,
0.1237,1.0,True,300000.0,300000.0,300000.0,300000.0,309278.3505154639,9278.350515463913,6400.0,800.0,0.0,0.0,25.381790290659122,RUNNING,1.0,False,
0.12380000000000001,1.0,True,300000.0,300000.0,300000.0,300000.0,309278.3505154639,9278.350515463913,6400.0,800.0,0.0,0.0,25.382098296375336,RUNNING,1.0,False,
0.12390000000000001,1.0,True,300000.0,300000.0,300000.0,300000.0,309278.3505154639,9278.350515463913,6400.0,800.0,0.0,0.0,25.382406301064865,RUNNING,1.0,False,
0.124,1.0,True,300000.0,300000.0,300000.0,300000.0,309278.3505154639,9278.350515463913,6400.0,800.0,0.0,0.0,25.38271430472771,RUNNING,1.0,False,
0.1241,1.0,True,300000.0,300000.0,300000.0,300000.0,309278.3505154639,9278.350515463913,6400.0,800.0,0.0,0.0,25.383022307363877,RUNNING,1.0,False,
0.1242,1.0,True,300000.0,300000.0,300000.0,300000.0,309278.3505154639,9278.350515463913,6400.0,800.0,0.0,0.0,25.383330308973367,RUNNING,1.0,False,
0.12430000000000001,1.0,True,300000.0,300000.0,300000.0,300000.0,309278.3505154639,9278.350515463913,6400.0,800.0,0.0,0.0,25.383638309556186,RUNNING,1.0,False,
0.12440000000000001,1.0,True,300000.0,300000.0,300000.0,300000.0,309278.3505154639,9278.350515463913,6400.0,800.0,0.0,0.0,25.383946309112336,RUNNING,1.0,False,
0.1245,1.0,True,300000.0,300000.0,300000.0,300000.0,309278.3505154639,9278.350515463913,6400.0,800.0,0.0,0.0,25.38425430764182,RUNNING,1.0,False,
0.1246,1.0,True,300000.0,300000.0,300000.0,300000.0,309278.3505154639,9278.350515463913,6400.0,800.0,0.0,0.0,25.384562305144645,RUNNING,1.0,False,
0.1247,1.0,True,300000.0,300000.0,300000.0,300000.0,309278.3505154639,9278.350515463913,6400.0,800.0,0.0,0.0,25.38487030162081,RUNNING,1.0,False,
0.12480000000000001,1.0,True,300000.0,300000.0,300000.0,300000.0,309278.3505154639,9278.350515463913,6400.0,800.0,0.0,0.0,25.385178297070322,RUNNING,1.0,False,
0.12490000000000001,1.0,True,300000.0,300000.0,300000.0,300000.0,309278.3505154639,9278.350515463913,6400.0,800.0,0.0,0.0,25.38548629149318,RUNNING,1.0,False,
0.125,1.0,True,300000.0,300000.0,300000.0,300000.0,309278.3505154639,9278.350515463913,6400.0,800.0,0.0,0.0,25.38579428488939,RUNNING,1.0,False,
0.12510000000000002,1.0,True,300000.0,300000.0,300000.0,300000.0,309278.3505154639,9278.350515463913,6400.0,800.0,0.0,0.0,25.386102277258956,RUNNING,1.0,False,
0.1252,1.0,True,300000.0,300000.0,300000.0,300000.0,309278.3505154639,9278.350515463913,6400.0,800.0,0.0,0.0,25.38641026860188,RUNNING,1.0,False,
0.1253,1.0,True,300000.0,300000.0,300000.0,300000.0,309278.3505154639,9278.350515463913,6400.0,800.0,0.0,0.0,25.38671825891817,RUNNING,1.0,False,
0.1254,1.0,True,300000.0,300000.0,300000.0,300000.0,309278.3505154639,9278.350515463913,6400.0,800.0,0.0,0.0,25.38702624820782,RUNNING,1.0,False,
0.1255,1.0,True,300000.0,300000.0,300000.0,300000.0,309278.3505154639,9278.350515463913,6400.0,800.0,0.0,0.0,25.387334236470842,RUNNING,1.0,False,
0.12560000000000002,1.0,True,300000.0,300000.0,300000.0,300000.0,309278.3505154639,9278.350515463913,6400.0,800.0,0.0,0.0,25.387642223707235,RUNNING,1.0,False,
0.1257,1.0,True,300000.0,300000.0,300000.0,300000.0,309278.3505154639,9278.350515463913,6400.0,800.0,0.0,0.0,25.387950209917005,RUNNING,1.0,False,
0.1258,1.0,True,300000.0,300000.0,300000.0,300000.0,309278.3505154639,9278.350515463913,6400.0,800.0,0.0,0.0,25.388258195100153,RUNNING,1.0,False,
0.1259,1.0,True,300000.0,300000.0,300000.0,300000.0,309278.3505154639,9278.350515463913,6400.0,800.0,0.0,0.0,25.388566179256685,RUNNING,1.0,False,
0.126,1.0,True,300000.0,300000.0,300000.0,300000.0,309278.3505154639,9278.350515463913,6400.0,800.0,0.0,0.0,25.388874162386603,RUNNING,1.0,False,
0.12610000000000002,1.0,True,300000.0,300000.0,300000.0,300000.0,309278.3505154639,9278.350515463913,6400.0,800.0,0.0,0.0,25.38918214448991,RUNNING,1.0,False,
0.1262,1.0,True,300000.0,300000.0,300000.0,300000.0,309278.3505154639,9278.350515463913,6400.0,800.0,0.0,0.0,25.389490125566613,RUNNING,1.0,False,
0.1263,1.0,True,300000.0,300000.0,300000.0,300000.0,309278.3505154639,9278.350515463913,6400.0,800.0,0.0,0.0,25.38979810561671,RUNNING,1.0,False,
0.1264,1.0,True,300000.0,300000.0,300000.0,300000.0,309278.3505154639,9278.350515463913,6400.0,800.0,0.0,0.0,25.390106084640205,RUNNING,1.0,False,
0.1265,1.0,True,300000.0,300000.0,300000.0,300000.0,309278.3505154639,9278.350515463913,6400.0,800.0,0.0,0.0,25.390414062637106,RUNNING,1.0,False,
0.12660000000000002,1.0,True,300000.0,300000.0,300000.0,300000.0,309278.3505154639,9278.350515463913,6400.0,800.0,0.0,0.0,25.39072203960741,RUNNING,1.0,False,
0.1267,1.0,True,300000.0,300000.0,300000.0,300000.0,309278.3505154639,9278.350515463913,6400.0,800.0,0.0,0.0,25.391030015551127,RUNNING,1.0,False,
0.1268,1.0,True,300000.0,300000.0,300000.0,300000.0,309278.3505154639,9278.350515463913,6400.0,800.0,0.0,0.0,25.39133799046826,RUNNING,1.0,False,
0.1269,1.0,True,300000.0,300000.0,300000.0,300000.0,309278.3505154639,9278.350515463913,6400.0,800.0,0.0,0.0,25.391645964358805,RUNNING,1.0,False,
0.127,1.0,True,300000.0,300000.0,300000.0,300000.0,309278.3505154639,9278.350515463913,6400.0,800.0,0.0,0.0,25.391953937222773,RUNNING,1.0,False,
0.12710000000000002,1.0,True,300000.0,300000.0,300000.0,300000.0,309278.3505154639,9278.350515463913,6400.0,800.0,0.0,0.0,25.392261909060164,RUNNING,1.0,False,
0.1272,1.0,True,300000.0,300000.0,300000.0,300000.0,309278.3505154639,9278.350515463913,6400.0,800.0,0.0,0.0,25.392569879870983,RUNNING,1.0,False,
0.1273,1.0,True,300000.0,300000.0,300000.0,300000.0,309278.3505154639,9278.350515463913,6400.0,800.0,0.0,0.0,25.392877849655232,RUNNING,1.0,False,
0.1274,1.0,True,300000.0,300000.0,300000.0,300000.0,309278.3505154639,9278.350515463913,6400.0,800.0,0.0,0.0,25.393185818412917,RUNNING,1.0,False,
0.1275,1.0,True,300000.0,300000.0,300000.0,300000.0,309278.3505154639,9278.350515463913,6400.0,800.0,0.0,0.0,25.393493786144038,RUNNING,1.0,False,
0.12760000000000002,1.0,True,300000.0,300000.0,300000.0,300000.0,309278.3505154639,9278.350515463913,6400.0,800.0,0.0,0.0,25.3938017528486,RUNNING,1.0,False,
0.1277,1.0,True,300000.0,300000.0,300000.0,300000.0,309278.3505154639,9278.350515463913,6400.0,800.0,0.0,0.0,25.394109718526604,RUNNING,1.0,False,
0.1278,1.0,True,300000.0,300000.0,300000.0,300000.0,309278.3505154639,9278.350515463913,6400.0,800.0,0.0,0.0,25.39441768317806,RUNNING,1.0,False,
0.1279,1.0,True,300000.0,300000.0,300000.0,300000.0,309278.3505154639,9278.350515463913,6400.0,800.0,0.0,0.0,25.394725646802964,RUNNING,1.0,False,
0.128,1.0,True,300000.0,300000.0,300000.0,300000.0,309278.3505154639,9278.350515463913,6400.0,800.0,0.0,0.0,25.395033609401324,RUNNING,1.0,False,
0.12810000000000002,1.0,True,300000.0,300000.0,300000.0,300000.0,309278.3505154639,9278.350515463913,6400.0,800.0,0.0,0.0,25.39534157097314,RUNNING,1.0,False,
0.1282,1.0,True,300000.0,300000.0,300000.0,300000.0,309278.3505154639,9278.350515463913,6400.0,800.0,0.0,0.0,25.39564953151842,RUNNING,1.0,False,
0.1283,1.0,True,300000.0,300000.0,300000.0,300000.0,309278.3505154639,9278.350515463913,6400.0,800.0,0.0,0.0,25.395957491037162,RUNNING,1.0,False,
0.12840000000000001,1.0,True,300000.0,300000.0,300000.0,300000.0,309278.3505154639,9278.350515463913,6400.0,800.0,0.0,0.0,25.396265449529373,RUNNING,1.0,False,
0.1285,1.0,True,300000.0,300000.0,300000.0,300000.0,309278.3505154639,9278.350515463913,6400.0,800.0,0.0,0.0,25.396573406995056,RUNNING,1.0,False,
0.12860000000000002,1.0,True,300000.0,300000.0,300000.0,300000.0,309278.3505154639,9278.350515463913,6400.0,800.0,0.0,0.0,25.396881363434215,RUNNING,1.0,False,
0.1287,1.0,True,300000.0,300000.0,300000.0,300000.0,309278.3505154639,9278.350515463913,6400.0,800.0,0.0,0.0,25.397189318846852,RUNNING,1.0,False,
0.1288,1.0,True,300000.0,300000.0,300000.0,300000.0,309278.3505154639,9278.350515463913,6400.0,800.0,0.0,0.0,25.397497273232972,RUNNING,1.0,False,
0.12890000000000001,1.0,True,300000.0,300000.0,300000.0,300000.0,309278.3505154639,9278.350515463913,6400.0,800.0,0.0,0.0,25.397805226592578,RUNNING,1.0,False,
0.129,1.0,True,300000.0,300000.0,300000.0,300000.0,309278.3505154639,9278.350515463913,6400.0,800.0,0.0,0.0,25.39811317892567,RUNNING,1.0,False,
0.1291,1.0,True,300000.0,300000.0,300000.0,300000.0,309278.3505154639,9278.350515463913,6400.0,800.0,0.0,0.0,25.398421130232254,RUNNING,1.0,False,
0.1292,1.0,True,300000.0,300000.0,300000.0,300000.0,309278.3505154639,9278.350515463913,6400.0,800.0,0.0,0.0,25.398729080512336,RUNNING,1.0,False,
0.1293,1.0,True,300000.0,300000.0,300000.0,300000.0,309278.3505154639,9278.350515463913,6400.0,800.0,0.0,0.0,25.399037029765918,RUNNING,1.0,False,
0.12940000000000002,1.0,True,300000.0,300000.0,300000.0,300000.0,309278.3505154639,9278.350515463913,6400.0,800.0,0.0,0.0,25.399344977993,RUNNING,1.0,False,
0.1295,1.0,True,300000.0,300000.0,300000.0,300000.0,309278.3505154639,9278.350515463913,6400.0,800.0,0.0,0.0,25.39965292519359,RUNNING,1.0,False,
0.1296,1.0,True,300000.0,300000.0,300000.0,300000.0,309278.3505154639,9278.350515463913,6400.0,800.0,0.0,0.0,25.399960871367686,RUNNING,1.0,False,
0.1297,1.0,True,300000.0,300000.0,300000.0,300000.0,309278.3505154639,9278.350515463913,6400.0,800.0,0.0,0.0,25.400268816515297,RUNNING,1.0,False,
0.1298,1.0,True,300000.0,300000.0,300000.0,300000.0,309278.3505154639,9278.350515463913,6400.0,800.0,0.0,0.0,25.400576760636422,RUNNING,1.0,False,
0.12990000000000002,1.0,True,300000.0,300000.0,300000.0,300000.0,309278.3505154639,9278.350515463913,6400.0,800.0,0.0,0.0,25.40088470373107,RUNNING,1.0,False,
0.13,1.0,True,300000.0,300000.0,300000.0,300000.0,309278.3505154639,9278.350515463913,6400.0,800.0,0.0,0.0,25.401192645799238,RUNNING,1.0,False,
0.1301,1.0,True,300000.0,300000.0,300000.0,300000.0,309278.3505154639,9278.350515463913,6400.0,800.0,0.0,0.0,25.401500586840935,RUNNING,1.0,False,
0.1302,1.0,True,300000.0,300000.0,300000.0,300000.0,309278.3505154639,9278.350515463913,6400.0,800.0,0.0,0.0,25.40180852685616,RUNNING,1.0,False,
0.1303,1.0,True,300000.0,300000.0,300000.0,300000.0,309278.3505154639,9278.350515463913,6400.0,800.0,0.0,0.0,25.40211646584492,RUNNING,1.0,False,
0.13040000000000002,1.0,True,300000.0,300000.0,300000.0,300000.0,309278.3505154639,9278.350515463913,6400.0,800.0,0.0,0.0,25.402424403807217,RUNNING,1.0,False,
0.1305,1.0,True,300000.0,300000.0,300000.0,300000.0,309278.3505154639,9278.350515463913,6400.0,800.0,0.0,0.0,25.402732340743054,RUNNING,1.0,False,
0.1306,1.0,True,300000.0,300000.0,300000.0,300000.0,309278.3505154639,9278.350515463913,6400.0,800.0,0.0,0.0,25.403040276652433,RUNNING,1.0,False,
0.1307,1.0,True,300000.0,300000.0,300000.0,300000.0,309278.3505154639,9278.350515463913,6400.0,800.0,0.0,0.0,25.40334821153536,RUNNING,1.0,False,
0.1308,1.0,True,300000.0,300000.0,300000.0,300000.0,309278.3505154639,9278.350515463913,6400.0,800.0,0.0,0.0,25.403656145391835,RUNNING,1.0,False,
0.13090000000000002,1.0,True,300000.0,300000.0,300000.0,300000.0,309278.3505154639,9278.350515463913,6400.0,800.0,0.0,0.0,25.403964078221865,RUNNING,1.0,False,
0.131,1.0,True,300000.0,300000.0,300000.0,300000.0,309278.3505154639,9278.350515463913,6400.0,800.0,0.0,0.0,25.40427201002545,RUNNING,1.0,False,
0.1311,1.0,True,300000.0,300000.0,300000.0,300000.0,309278.3505154639,9278.350515463913,6400.0,800.0,0.0,0.0,25.4045799408026,RUNNING,1.0,False,
0.1312,1.0,True,300000.0,300000.0,300000.0,300000.0,309278.3505154639,9278.350515463913,6400.0,800.0,0.0,0.0,25.40488787055331,RUNNING,1.0,False,
0.1313,1.0,True,300000.0,300000.0,300000.0,300000.0,309278.3505154639,9278.350515463913,6400.0,800.0,0.0,0.0,25.40519579927759,RUNNING,1.0,False,
0.13140000000000002,1.0,True,300000.0,300000.0,300000.0,300000.0,309278.3505154639,9278.350515463913,6400.0,800.0,0.0,0.0,25.40550372697544,RUNNING,1.0,False,
0.1315,1.0,True,300000.0,300000.0,300000.0,300000.0,309278.3505154639,9278.350515463913,6400.0,800.0,0.0,0.0,25.405811653646865,RUNNING,1.0,False,
0.1316,1.0,True,300000.0,300000.0,300000.0,300000.0,309278.3505154639,9278.350515463913,6400.0,800.0,0.0,0.0,25.406119579291868,RUNNING,1.0,False,
0.1317,1.0,True,300000.0,300000.0,300000.0,300000.0,309278.3505154639,9278.350515463913,6400.0,800.0,0.0,0.0,25.406427503910454,RUNNING,1.0,False,
0.1318,1.0,True,300000.0,300000.0,300000.0,300000.0,309278.3505154639,9278.350515463913,6400.0,800.0,0.0,0.0,25.40673542750262,RUNNING,1.0,False,
0.13190000000000002,1.0,True,300000.0,300000.0,300000.0,300000.0,309278.3505154639,9278.350515463913,6400.0,800.0,0.0,0.0,25.407043350068378,RUNNING,1.0,False,
0.132,1.0,True,300000.0,300000.0,300000.0,300000.0,309278.3505154639,9278.350515463913,6400.0,800.0,0.0,0.0,25.407351271607727,RUNNING,1.0,False,
0.1321,1.0,True,300000.0,300000.0,300000.0,300000.0,309278.3505154639,9278.350515463913,6400.0,800.0,0.0,0.0,25.40765919212067,RUNNING,1.0,False,
0.1322,1.0,True,300000.0,300000.0,300000.0,300000.0,309278.3505154639,9278.350515463913,6400.0,800.0,0.0,0.0,25.40796711160721,RUNNING,1.0,False,
0.1323,1.0,True,300000.0,300000.0,300000.0,300000.0,309278.3505154639,9278.350515463913,6400.0,800.0,0.0,0.0,25.408275030067355,RUNNING,1.0,False,
0.13240000000000002,1.0,True,300000.0,300000.0,300000.0,300000.0,309278.3505154639,9278.350515463913,6400.0,800.0,0.0,0.0,25.408582947501102,RUNNING,1.0,False,
0.1325,1.0,True,300000.0,300000.0,300000.0,300000.0,309278.3505154639,9278.350515463913,6400.0,800.0,0.0,0.0,25.40889086390846,RUNNING,1.0,False,
0.1326,1.0,True,300000.0,300000.0,300000.0,300000.0,309278.3505154639,9278.350515463913,6400.0,800.0,0.0,0.0,25.40919877928943,RUNNING,1.0,False,
0.1327,1.0,True,300000.0,300000.0,300000.0,300000.0,309278.3505154639,9278.350515463913,6400.0,800.0,0.0,0.0,25.409506693644015,RUNNING,1.0,False,
0.1328,1.0,True,300000.0,300000.0,300000.0,300000.0,309278.3505154639,9278.350515463913,6400.0,800.0,0.0,0.0,25.40981460697222,RUNNING,1.0,False,
0.13290000000000002,1.0,True,300000.0,300000.0,300000.0,300000.0,309278.3505154639,9278.350515463913,6400.0,800.0,0.0,0.0,25.410122519274044,RUNNING,1.0,False,
0.133,1.0,True,300000.0,300000.0,300000.0,300000.0,309278.3505154639,9278.350515463913,6400.0,800.0,0.0,0.0,25.410430430549496,RUNNING,1.0,False,
0.1331,1.0,True,300000.0,300000.0,300000.0,300000.0,309278.3505154639,9278.350515463913,6400.0,800.0,0.0,0.0,25.410738340798577,RUNNING,1.0,False,
0.1332,1.0,True,300000.0,300000.0,300000.0,300000.0,309278.3505154639,9278.350515463913,6400.0,800.0,0.0,0.0,25.41104625002129,RUNNING,1.0,False,
0.1333,1.0,True,300000.0,300000.0,300000.0,300000.0,309278.3505154639,9278.350515463913,6400.0,800.0,0.0,0.0,25.411354158217637,RUNNING,1.0,False,
0.13340000000000002,1.0,True,300000.0,300000.0,300000.0,300000.0,309278.3505154639,9278.350515463913,6400.0,800.0,0.0,0.0,25.411662065387624,RUNNING,1.0,False,
0.1335,1.0,True,300000.0,300000.0,300000.0,300000.0,309278.3505154639,9278.350515463913,6400.0,800.0,0.0,0.0,25.411969971531256,RUNNING,1.0,False,
0.1336,1.0,True,300000.0,300000.0,300000.0,300000.0,309278.3505154639,9278.350515463913,6400.0,800.0,0.0,0.0,25.412277876648535,RUNNING,1.0,False,
0.1337,1.0,True,300000.0,300000.0,300000.0,300000.0,309278.3505154639,9278.350515463913,6400.0,800.0,0.0,0.0,25.412585780739462,RUNNING,1.0,False,
0.1338,1.0,True,300000.0,300000.0,300000.0,300000.0,309278.3505154639,9278.350515463913,6400.0,800.0,0.0,0.0,25.412893683804043,RUNNING,1.0,False,
0.13390000000000002,1.0,True,300000.0,300000.0,300000.0,300000.0,309278.3505154639,9278.350515463913,6400.0,800.0,0.0,0.0,25.41320158584228,RUNNING,1.0,False,
0.134,1.0,True,300000.0,300000.0,300000.0,300000.0,309278.3505154639,9278.350515463913,6400.0,800.0,0.0,0.0,25.413509486854178,RUNNING,1.0,False,
0.1341,1.0,True,300000.0,300000.0,300000.0,300000.0,309278.3505154639,9278.350515463913,6400.0,800.0,0.0,0.0,25.41381738683974,RUNNING,1.0,False,
0.1342,1.0,True,300000.0,300000.0,300000.0,300000.0,309278.3505154639,9278.350515463913,6400.0,800.0,0.0,0.0,25.414125285798963,RUNNING,1.0,False,
0.1343,1.0,True,300000.0,300000.0,300000.0,300000.0,309278.3505154639,9278.350515463913,6400.0,800.0,0.0,0.0,25.41443318373186,RUNNING,1.0,False,
0.13440000000000002,1.0,True,300000.0,300000.0,300000.0,300000.0,309278.3505154639,9278.350515463913,6400.0,800.0,0.0,0.0,25.41474108063843,RUNNING,1.0,False,
0.1345,1.0,True,300000.0,300000.0,300000.0,300000.0,309278.3505154639,9278.350515463913,6400.0,800.0,0.0,0.0,25.415048976518676,RUNNING,1.0,False,
0.1346,1.0,True,300000.0,300000.0,300000.0,300000.0,309278.3505154639,9278.350515463913,6400.0,800.0,0.0,0.0,25.4153568713726,RUNNING,1.0,False,
0.13470000000000001,1.0,True,300000.0,300000.0,300000.0,300000.0,309278.3505154639,9278.350515463913,6400.0,800.0,0.0,0.0,25.415664765200212,RUNNING,1.0,False,
0.1348,1.0,True,300000.0,300000.0,300000.0,300000.0,309278.3505154639,9278.350515463913,6400.0,800.0,0.0,0.0,25.41597265800151,RUNNING,1.0,False,
0.13490000000000002,1.0,True,300000.0,300000.0,300000.0,300000.0,309278.3505154639,9278.350515463913,6400.0,800.0,0.0,0.0,25.4162805497765,RUNNING,1.0,False,
0.135,1.0,True,300000.0,300000.0,300000.0,300000.0,309278.3505154639,9278.350515463913,6400.0,800.0,0.0,0.0,25.41658844052518,RUNNING,1.0,False,
0.1351,1.0,True,300000.0,300000.0,300000.0,300000.0,309278.3505154639,9278.350515463913,6400.0,800.0,0.0,0.0,25.41689633024756,RUNNING,1.0,False,
0.13520000000000001,1.0,True,300000.0,300000.0,300000.0,300000.0,309278.3505154639,9278.350515463913,6400.0,800.0,0.0,0.0,25.417204218943642,RUNNING,1.0,False,
0.1353,1.0,True,300000.0,300000.0,300000.0,300000.0,309278.3505154639,9278.350515463913,6400.0,800.0,0.0,0.0,25.417512106613426,RUNNING,1.0,False,
0.13540000000000002,1.0,True,300000.0,300000.0,300000.0,300000.0,309278.3505154639,9278.350515463913,6400.0,800.0,0.0,0.0,25.41781999325692,RUNNING,1.0,False,
0.1355,1.0,True,300000.0,300000.0,300000.0,300000.0,309278.3505154639,9278.350515463913,6400.0,800.0,0.0,0.0,25.418127878874124,RUNNING,1.0,False,
0.1356,1.0,True,300000.0,300000.0,300000.0,300000.0,309278.3505154639,9278.350515463913,6400.0,800.0,0.0,0.0,25.418435763465045,RUNNING,1.0,False,
0.13570000000000002,1.0,True,300000.0,300000.0,300000.0,300000.0,309278.3505154639,9278.350515463913,6400.0,800.0,0.0,0.0,25.418743647029682,RUNNING,1.0,False,
0.1358,1.0,True,300000.0,300000.0,300000.0,300000.0,309278.3505154639,9278.350515463913,6400.0,800.0,0.0,0.0,25.41905152956804,RUNNING,1.0,False,
0.1359,1.0,True,300000.0,300000.0,300000.0,300000.0,309278.3505154639,9278.350515463913,6400.0,800.0,0.0,0.0,25.419359411080123,RUNNING,1.0,False,
0.136,1.0,True,300000.0,300000.0,300000.0,300000.0,309278.3505154639,9278.350515463913,6400.0,800.0,0.0,0.0,25.419667291565936,RUNNING,1.0,False,
0.1361,1.0,True,300000.0,300000.0,300000.0,300000.0,309278.3505154639,9278.350515463913,6400.0,800.0,0.0,0.0,25.41997517102548,RUNNING,1.0,False,
0.13620000000000002,1.0,True,300000.0,300000.0,300000.0,300000.0,309278.3505154639,9278.350515463913,6400.0,800.0,0.0,0.0,25.42028304945876,RUNNING,1.0,False,
0.1363,1.0,True,300000.0,300000.0,300000.0,300000.0,309278.3505154639,9278.350515463913,6400.0,800.0,0.0,0.0,25.420590926865778,RUNNING,1.0,False,
0.1364,1.0,True,300000.0,300000.0,300000.0,300000.0,309278.3505154639,9278.350515463913,6400.0,800.0,0.0,0.0,25.420898803246537,RUNNING,1.0,False,
0.1365,1.0,True,300000.0,300000.0,300000.0,300000.0,309278.3505154639,9278.350515463913,6400.0,800.0,0.0,0.0,25.42120667860104,RUNNING,1.0,False,
0.1366,1.0,True,300000.0,300000.0,300000.0,300000.0,309278.3505154639,9278.350515463913,6400.0,800.0,0.0,0.0,25.421514552929295,RUNNING,1.0,False,
0.13670000000000002,1.0,True,300000.0,300000.0,300000.0,300000.0,309278.3505154639,9278.350515463913,6400.0,800.0,0.0,0.0,25.4218224262313,RUNNING,1.0,False,
0.1368,1.0,True,300000.0,300000.0,300000.0,300000.0,309278.3505154639,9278.350515463913,6400.0,800.0,0.0,0.0,25.422130298507064,RUNNING,1.0,False,
0.1369,1.0,True,300000.0,300000.0,300000.0,300000.0,309278.3505154639,9278.350515463913,6400.0,800.0,0.0,0.0,25.422438169756585,RUNNING,1.0,False,
0.137,1.0,True,300000.0,300000.0,300000.0,300000.0,309278.3505154639,9278.350515463913,6400.0,800.0,0.0,0.0,25.422746039979867,RUNNING,1.0,False,
0.1371,1.0,True,300000.0,300000.0,300000.0,300000.0,309278.3505154639,9278.350515463913,6400.0,800.0,0.0,0.0,25.423053909176915,RUNNING,1.0,False,
0.13720000000000002,1.0,True,300000.0,300000.0,300000.0,300000.0,309278.3505154639,9278.350515463913,6400.0,800.0,0.0,0.0,25.423361777347733,RUNNING,1.0,False,
0.1373,1.0,True,300000.0,300000.0,300000.0,300000.0,309278.3505154639,9278.350515463913,6400.0,800.0,0.0,0.0,25.423669644492325,RUNNING,1.0,False,
0.1374,1.0,True,300000.0,300000.0,300000.0,300000.0,309278.3505154639,9278.350515463913,6400.0,800.0,0.0,0.0,25.42397751061069,RUNNING,1.0,False,
0.1375,1.0,True,300000.0,300000.0,300000.0,300000.0,309278.3505154639,9278.350515463913,6400.0,800.0,0.0,0.0,25.424285375702837,RUNNING,1.0,False,
0.1376,1.0,True,300000.0,300000.0,300000.0,300000.0,309278.3505154639,9278.350515463913,6400.0,800.0,0.0,0.0,25.424593239768768,RUNNING,1.0,False,
0.13770000000000002,1.0,True,300000.0,300000.0,300000.0,300000.0,309278.3505154639,9278.350515463913,6400.0,800.0,0.0,0.0,25.424901102808484,RUNNING,1.0,False,
0.1378,1.0,True,300000.0,300000.0,300000.0,300000.0,309278.3505154639,9278.350515463913,6400.0,800.0,0.0,0.0,25.42520896482199,RUNNING,1.0,False,
0.1379,1.0,True,300000.0,300000.0,300000.0,300000.0,309278.3505154639,9278.350515463913,6400.0,800.0,0.0,0.0,25.42551682580929,RUNNING,1.0,False,
0.138,1.0,True,300000.0,300000.0,300000.0,300000.0,309278.3505154639,9278.350515463913,6400.0,800.0,0.0,0.0,25.425824685770387,RUNNING,1.0,False,
0.1381,1.0,True,300000.0,300000.0,300000.0,300000.0,309278.3505154639,9278.350515463913,6400.0,800.0,0.0,0.0,25.426132544705283,RUNNING,1.0,False,
0.13820000000000002,1.0,True,300000.0,300000.0,300000.0,300000.0,309278.3505154639,9278.350515463913,6400.0,800.0,0.0,0.0,25.42644040261398,RUNNING,1.0,False,
0.1383,1.0,True,300000.0,300000.0,300000.0,300000.0,309278.3505154639,9278.350515463913,6400.0,800.0,0.0,0.0,25.426748259496488,RUNNING,1.0,False,
0.1384,1.0,True,300000.0,300000.0,300000.0,300000.0,309278.3505154639,9278.350515463913,6400.0,800.0,0.0,0.0,25.427056115352805,RUNNING,1.0,False,
0.1385,1.0,True,300000.0,300000.0,300000.0,300000.0,309278.3505154639,9278.350515463913,6400.0,800.0,0.0,0.0,25.427363970182935,RUNNING,1.0,False,
0.1386,1.0,True,300000.0,300000.0,300000.0,300000.0,309278.3505154639,9278.350515463913,6400.0,800.0,0.0,0.0,25.427671823986884,RUNNING,1.0,False,
0.13870000000000002,1.0,True,300000.0,300000.0,300000.0,300000.0,309278.3505154639,9278.350515463913,6400.0,800.0,0.0,0.0,25.427979676764654,RUNNING,1.0,False,
0.1388,1.0,True,300000.0,300000.0,300000.0,300000.0,309278.3505154639,9278.350515463913,6400.0,800.0,0.0,0.0,25.428287528516247,RUNNING,1.0,False,
0.1389,1.0,True,300000.0,300000.0,300000.0,300000.0,309278.3505154639,9278.350515463913,6400.0,800.0,0.0,0.0,25.428595379241667,RUNNING,1.0,False,
0.139,1.0,True,300000.0,300000.0,300000.0,300000.0,309278.3505154639,9278.350515463913,6400.0,800.0,0.0,0.0,25.428903228940918,RUNNING,1.0,False,
0.1391,1.0,True,300000.0,300000.0,300000.0,300000.0,309278.3505154639,9278.350515463913,6400.0,800.0,0.0,0.0,25.429211077614003,RUNNING,1.0,False,
0.13920000000000002,1.0,True,300000.0,300000.0,300000.0,300000.0,309278.3505154639,9278.350515463913,6400.0,800.0,0.0,0.0,25.429518925260925,RUNNING,1.0,False,
0.1393,1.0,True,300000.0,300000.0,300000.0,300000.0,309278.3505154639,9278.350515463913,6400.0,800.0,0.0,0.0,25.42982677188169,RUNNING,1.0,False,
0.1394,1.0,True,300000.0,300000.0,300000.0,300000.0,309278.3505154639,9278.350515463913,6400.0,800.0,0.0,0.0,25.4301346174763,RUNNING,1.0,False,
0.1395,1.0,True,300000.0,300000.0,300000.0,300000.0,309278.3505154639,9278.350515463913,6400.0,800.0,0.0,0.0,25.430442462044756,RUNNING,1.0,False,
0.1396,1.0,True,300000.0,300000.0,300000.0,300000.0,309278.3505154639,9278.350515463913,6400.0,800.0,0.0,0.0,25.430750305587065,RUNNING,1.0,False,
0.13970000000000002,1.0,True,300000.0,300000.0,300000.0,300000.0,309278.3505154639,9278.350515463913,6400.0,800.0,0.0,0.0,25.43105814810323,RUNNING,1.0,False,
0.1398,1.0,True,300000.0,300000.0,300000.0,300000.0,309278.3505154639,9278.350515463913,6400.0,800.0,0.0,0.0,25.43136598959325,RUNNING,1.0,False,
0.1399,1.0,True,300000.0,300000.0,300000.0,300000.0,309278.3505154639,9278.350515463913,6400.0,800.0,0.0,0.0,25.431673830057132,RUNNING,1.0,False,
0.14,1.0,True,300000.0,300000.0,300000.0,300000.0,309278.3505154639,9278.350515463913,6400.0,800.0,0.0,0.0,25.43198166949488,RUNNING,1.0,False,
0.1401,1.0,True,300000.0,300000.0,300000.0,300000.0,309278.3505154639,9278.350515463913,6400.0,800.0,0.0,0.0,25.4322895079065,RUNNING,1.0,False,
0.14020000000000002,1.0,True,300000.0,300000.0,300000.0,300000.0,309278.3505154639,9278.350515463913,6400.0,800.0,0.0,0.0,25.43259734529199,RUNNING,1.0,False,
0.1403,1.0,True,300000.0,300000.0,300000.0,300000.0,309278.3505154639,9278.350515463913,6400.0,800.0,0.0,0.0,25.432905181651353,RUNNING,1.0,False,
0.1404,1.0,True,300000.0,300000.0,300000.0,300000.0,309278.3505154639,9278.350515463913,6400.0,800.0,0.0,0.0,25.433213016984595,RUNNING,1.0,False,
0.1405,1.0,True,300000.0,300000.0,300000.0,300000.0,309278.3505154639,9278.350515463913,6400.0,800.0,0.0,0.0,25.43352085129172,RUNNING,1.0,False,
0.1406,1.0,True,300000.0,300000.0,300000.0,300000.0,309278.3505154639,9278.350515463913,6400.0,800.0,0.0,0.0,25.43382868457273,RUNNING,1.0,False,
0.14070000000000002,1.0,True,300000.0,300000.0,300000.0,300000.0,309278.3505154639,9278.350515463913,6400.0,800.0,0.0,0.0,25.434136516827632,RUNNING,1.0,False,
0.1408,1.0,True,300000.0,300000.0,300000.0,300000.0,309278.3505154639,9278.350515463913,6400.0,800.0,0.0,0.0,25.434444348056424,RUNNING,1.0,False,
0.1409,1.0,True,300000.0,300000.0,300000.0,300000.0,309278.3505154639,9278.350515463913,6400.0,800.0,0.0,0.0,25.434752178259114,RUNNING,1.0,False,
0.14100000000000001,1.0,True,300000.0,300000.0,300000.0,300000.0,309278.3505154639,9278.350515463913,6400.0,800.0,0.0,0.0,25.435060007435702,RUNNING,1.0,False,
0.1411,1.0,True,300000.0,300000.0,300000.0,300000.0,309278.3505154639,9278.350515463913,6400.0,800.0,0.0,0.0,25.43536783558619,RUNNING,1.0,False,
0.14120000000000002,1.0,True,300000.0,300000.0,300000.0,300000.0,309278.3505154639,9278.350515463913,6400.0,800.0,0.0,0.0,25.43567566271059,RUNNING,1.0,False,
0.1413,1.0,True,300000.0,300000.0,300000.0,300000.0,309278.3505154639,9278.350515463913,6400.0,800.0,0.0,0.0,25.435983488808898,RUNNING,1.0,False,
0.1414,1.0,True,300000.0,300000.0,300000.0,300000.0,309278.3505154639,9278.350515463913,6400.0,800.0,0.0,0.0,25.436291313881117,RUNNING,1.0,False,
0.14150000000000001,1.0,True,300000.0,300000.0,300000.0,300000.0,309278.3505154639,9278.350515463913,6400.0,800.0,0.0,0.0,25.436599137927253,RUNNING,1.0,False,
0.1416,1.0,True,300000.0,300000.0,300000.0,300000.0,309278.3505154639,9278.350515463913,6400.0,800.0,0.0,0.0,25.436906960947308,RUNNING,1.0,False,
0.14170000000000002,1.0,True,300000.0,300000.0,300000.0,300000.0,309278.3505154639,9278.350515463913,6400.0,800.0,0.0,0.0,25.437214782941286,RUNNING,1.0,False,
0.1418,1.0,True,300000.0,300000.0,300000.0,300000.0,309278.3505154639,9278.350515463913,6400.0,800.0,0.0,0.0,25.43752260390919,RUNNING,1.0,False,
0.1419,1.0,True,300000.0,300000.0,300000.0,300000.0,309278.3505154639,9278.350515463913,6400.0,800.0,0.0,0.0,25.437830423851025,RUNNING,1.0,False,
0.14200000000000002,1.0,True,300000.0,300000.0,300000.0,300000.0,309278.3505154639,9278.350515463913,6400.0,800.0,0.0,0.0,25.438138242766794,RUNNING,1.0,False,
0.1421,1.0,True,300000.0,300000.0,300000.0,300000.0,309278.3505154639,9278.350515463913,6400.0,800.0,0.0,0.0,25.4384460606565,RUNNING,1.0,False,
0.1422,1.0,True,300000.0,300000.0,300000.0,300000.0,309278.3505154639,9278.350515463913,6400.0,800.0,0.0,0.0,25.438753877520146,RUNNING,1.0,False,
0.1423,1.0,True,300000.0,300000.0,300000.0,300000.0,309278.3505154639,9278.350515463913,6400.0,800.0,0.0,0.0,25.439061693357736,RUNNING,1.0,False,
0.1424,1.0,True,300000.0,300000.0,300000.0,300000.0,309278.3505154639,9278.350515463913,6400.0,800.0,0.0,0.0,25.439369508169275,RUNNING,1.0,False,
0.14250000000000002,1.0,True,300000.0,300000.0,300000.0,300000.0,309278.3505154639,9278.350515463913,6400.0,800.0,0.0,0.0,25.439677321954765,RUNNING,1.0,False,
0.1426,1.0,True,300000.0,300000.0,300000.0,300000.0,309278.3505154639,9278.350515463913,6400.0,800.0,0.0,0.0,25.439985134714206,RUNNING,1.0,False,
0.1427,1.0,True,300000.0,300000.0,300000.0,300000.0,309278.3505154639,9278.350515463913,6400.0,800.0,0.0,0.0,25.440292946447606,RUNNING,1.0,False,
0.1428,1.0,True,300000.0,300000.0,300000.0,300000.0,309278.3505154639,9278.350515463913,6400.0,800.0,0.0,0.0,25.440600757154968,RUNNING,1.0,False,
0.1429,1.0,True,300000.0,300000.0,300000.0,300000.0,309278.3505154639,9278.350515463913,6400.0,800.0,0.0,0.0,25.440908566836292,RUNNING,1.0,False,
0.14300000000000002,1.0,True,300000.0,300000.0,300000.0,300000.0,309278.3505154639,9278.350515463913,6400.0,800.0,0.0,0.0,25.441216375491585,RUNNING,1.0,False,
0.1431,1.0,True,300000.0,300000.0,300000.0,300000.0,309278.3505154639,9278.350515463913,6400.0,800.0,0.0,0.0,25.441524183120848,RUNNING,1.0,False,
0.1432,1.0,True,300000.0,300000.0,300000.0,300000.0,309278.3505154639,9278.350515463913,6400.0,800.0,0.0,0.0,25.441831989724086,RUNNING,1.0,False,
0.1433,1.0,True,300000.0,300000.0,300000.0,300000.0,309278.3505154639,9278.350515463913,6400.0,800.0,0.0,0.0,25.4421397953013,RUNNING,1.0,False,
0.1434,1.0,True,300000.0,300000.0,300000.0,300000.0,309278.3505154639,9278.350515463913,6400.0,800.0,0.0,0.0,25.4424475998525,RUNNING,1.0,False,
0.14350000000000002,1.0,True,300000.0,300000.0,300000.0,300000.0,309278.3505154639,9278.350515463913,6400.0,800.0,0.0,0.0,25.44275540337768,RUNNING,1.0,False,
0.1436,1.0,True,300000.0,300000.0,300000.0,300000.0,309278.3505154639,9278.350515463913,6400.0,800.0,0.0,0.0,25.443063205876854,RUNNING,1.0,False,
0.1437,1.0,True,300000.0,300000.0,300000.0,300000.0,309278.3505154639,9278.350515463913,6400.0,800.0,0.0,0.0,25.443371007350017,RUNNING,1.0,False,
0.1438,1.0,True,300000.0,300000.0,300000.0,300000.0,309278.3505154639,9278.350515463913,6400.0,800.0,0.0,0.0,25.443678807797173,RUNNING,1.0,False,
0.1439,1.0,True,300000.0,300000.0,300000.0,300000.0,309278.3505154639,9278.350515463913,6400.0,800.0,0.0,0.0,25.443986607218328,RUNNING,1.0,False,
0.14400000000000002,1.0,True,300000.0,300000.0,300000.0,300000.0,309278.3505154639,9278.350515463913,6400.0,800.0,0.0,0.0,25.444294405613487,RUNNING,1.0,False,
0.1441,1.0,True,300000.0,300000.0,300000.0,300000.0,309278.3505154639,9278.350515463913,6400.0,800.0,0.0,0.0,25.44460220298265,RUNNING,1.0,False,
0.1442,1.0,True,300000.0,300000.0,300000.0,300000.0,309278.3505154639,9278.350515463913,6400.0,800.0,0.0,0.0,25.444909999325823,RUNNING,1.0,False,
0.1443,1.0,True,300000.0,300000.0,300000.0,300000.0,309278.3505154639,9278.350515463913,6400.0,800.0,0.0,0.0,25.445217794643007,RUNNING,1.0,False,
0.1444,1.0,True,300000.0,300000.0,300000.0,300000.0,309278.3505154639,9278.350515463913,6400.0,800.0,0.0,0.0,25.445525588934206,RUNNING,1.0,False,
0.14450000000000002,1.0,True,300000.0,300000.0,300000.0,300000.0,309278.3505154639,9278.350515463913,6400.0,800.0,0.0,0.0,25.445833382199424,RUNNING,1.0,False,
0.1446,1.0,True,300000.0,300000.0,300000.0,300000.0,309278.3505154639,9278.350515463913,6400.0,800.0,0.0,0.0,25.446141174438665,RUNNING,1.0,False,
0.1447,1.0,True,300000.0,300000.0,300000.0,300000.0,309278.3505154639,9278.350515463913,6400.0,800.0,0.0,0.0,25.446448965651932,RUNNING,1.0,False,
0.1448,1.0,True,300000.0,300000.0,300000.0,300000.0,309278.3505154639,9278.350515463913,6400.0,800.0,0.0,0.0,25.44675675583923,RUNNING,1.0,False,
0.1449,1.0,True,300000.0,300000.0,300000.0,300000.0,309278.3505154639,9278.350515463913,6400.0,800.0,0.0,0.0,25.447064545000558,RUNNING,1.0,False,
0.14500000000000002,1.0,True,300000.0,300000.0,300000.0,300000.0,309278.3505154639,9278.350515463913,6400.0,800.0,0.0,0.0,25.447372333135924,RUNNING,1.0,False,
0.1451,1.0,True,300000.0,300000.0,300000.0,300000.0,309278.3505154639,9278.350515463913,6400.0,800.0,0.0,0.0,25.44768012024533,RUNNING,1.0,False,
0.1452,1.0,True,300000.0,300000.0,300000.0,300000.0,309278.3505154639,9278.350515463913,6400.0,800.0,0.0,0.0,25.447987906328777,RUNNING,1.0,False,
0.1453,1.0,True,300000.0,300000.0,300000.0,300000.0,309278.3505154639,9278.350515463913,6400.0,800.0,0.0,0.0,25.44829569138627,RUNNING,1.0,False,
0.1454,1.0,True,300000.0,300000.0,300000.0,300000.0,309278.3505154639,9278.350515463913,6400.0,800.0,0.0,0.0,25.448603475417816,RUNNING,1.0,False,
0.14550000000000002,1.0,True,300000.0,300000.0,300000.0,300000.0,309278.3505154639,9278.350515463913,6400.0,800.0,0.0,0.0,25.44891125842341,RUNNING,1.0,False,
0.1456,1.0,True,300000.0,300000.0,300000.0,300000.0,309278.3505154639,9278.350515463913,6400.0,800.0,0.0,0.0,25.449219040403065,RUNNING,1.0,False,
0.1457,1.0,True,300000.0,300000.0,300000.0,300000.0,309278.3505154639,9278.350515463913,6400.0,800.0,0.0,0.0,25.44952682135678,RUNNING,1.0,False,
0.1458,1.0,True,300000.0,300000.0,300000.0,300000.0,309278.3505154639,9278.350515463913,6400.0,800.0,0.0,0.0,25.449834601284557,RUNNING,1.0,False,
0.1459,1.0,True,300000.0,300000.0,300000.0,300000.0,309278.3505154639,9278.350515463913,6400.0,800.0,0.0,0.0,25.450142380186403,RUNNING,1.0,False,
0.14600000000000002,1.0,True,300000.0,300000.0,300000.0,300000.0,309278.3505154639,9278.350515463913,6400.0,800.0,0.0,0.0,25.450450158062317,RUNNING,1.0,False,
0.1461,1.0,True,300000.0,300000.0,300000.0,300000.0,309278.3505154639,9278.350515463913,6400.0,800.0,0.0,0.0,25.450757934912307,RUNNING,1.0,False,
0.1462,1.0,True,300000.0,300000.0,300000.0,300000.0,309278.3505154639,9278.350515463913,6400.0,800.0,0.0,0.0,25.451065710736373,RUNNING,1.0,False,
0.1463,1.0,True,300000.0,300000.0,300000.0,300000.0,309278.3505154639,9278.350515463913,6400.0,800.0,0.0,0.0,25.451373485534518,RUNNING,1.0,False,
0.1464,1.0,True,300000.0,300000.0,300000.0,300000.0,309278.3505154639,9278.350515463913,6400.0,800.0,0.0,0.0,25.45168125930675,RUNNING,1.0,False,
0.14650000000000002,1.0,True,300000.0,300000.0,300000.0,300000.0,309278.3505154639,9278.350515463913,6400.0,800.0,0.0,0.0,25.451989032053067,RUNNING,1.0,False,
0.1466,1.0,True,300000.0,300000.0,300000.0,300000.0,309278.3505154639,9278.350515463913,6400.0,800.0,0.0,0.0,25.452296803773475,RUNNING,1.0,False,
0.1467,1.0,True,300000.0,300000.0,300000.0,300000.0,309278.3505154639,9278.350515463913,6400.0,800.0,0.0,0.0,25.452604574467976,RUNNING,1.0,False,
0.1468,1.0,True,300000.0,300000.0,300000.0,300000.0,309278.3505154639,9278.350515463913,6400.0,800.0,0.0,0.0,25.45291234413658,RUNNING,1.0,False,
0.1469,1.0,True,300000.0,300000.0,300000.0,300000.0,309278.3505154639,9278.350515463913,6400.0,800.0,0.0,0.0,25.45322011277928,RUNNING,1.0,False,
0.14700000000000002,1.0,True,300000.0,300000.0,300000.0,300000.0,309278.3505154639,9278.350515463913,6400.0,800.0,0.0,0.0,25.453527880396088,RUNNING,1.0,False,
0.1471,1.0,True,300000.0,300000.0,300000.0,300000.0,309278.3505154639,9278.350515463913,6400.0,800.0,0.0,0.0,25.453835646987002,RUNNING,1.0,False,
0.1472,1.0,True,300000.0,300000.0,300000.0,300000.0,309278.3505154639,9278.350515463913,6400.0,800.0,0.0,0.0,25.45414341255203,RUNNING,1.0,False,
0.14730000000000001,1.0,True,300000.0,300000.0,300000.0,300000.0,309278.3505154639,9278.350515463913,6400.0,800.0,0.0,0.0,25.45445117709117,RUNNING,1.0,False,
0.1474,1.0,True,300000.0,300000.0,300000.0,300000.0,309278.3505154639,9278.350515463913,6400.0,800.0,0.0,0.0,25.454758940604428,RUNNING,1.0,False,
0.14750000000000002,1.0,True,300000.0,300000.0,300000.0,300000.0,309278.3505154639,9278.350515463913,6400.0,800.0,0.0,0.0,25.45506670309181,RUNNING,1.0,False,
0.1476,1.0,True,300000.0,300000.0,300000.0,300000.0,309278.3505154639,9278.350515463913,6400.0,800.0,0.0,0.0,25.455374464553316,RUNNING,1.0,False,
0.1477,1.0,True,300000.0,300000.0,300000.0,300000.0,309278.3505154639,9278.350515463913,6400.0,800.0,0.0,0.0,25.455682224988948,RUNNING,1.0,False,
0.14780000000000001,1.0,True,300000.0,300000.0,300000.0,300000.0,309278.3505154639,9278.350515463913,6400.0,800.0,0.0,0.0,25.455989984398713,RUNNING,1.0,False,
0.1479,1.0,True,300000.0,300000.0,300000.0,300000.0,309278.3505154639,9278.350515463913,6400.0,800.0,0.0,0.0,25.456297742782613,RUNNING,1.0,False,
0.14800000000000002,1.0,True,300000.0,300000.0,300000.0,300000.0,309278.3505154639,9278.350515463913,6400.0,800.0,0.0,0.0,25.456605500140654,RUNNING,1.0,False,
0.1481,1.0,True,300000.0,300000.0,300000.0,300000.0,309278.3505154639,9278.350515463913,6400.0,800.0,0.0,0.0,25.456913256472834,RUNNING,1.0,False,
0.1482,1.0,True,300000.0,300000.0,300000.0,300000.0,309278.3505154639,9278.350515463913,6400.0,800.0,0.0,0.0,25.45722101177916,RUNNING,1.0,False,
0.14830000000000002,1.0,True,300000.0,300000.0,300000.0,300000.0,309278.3505154639,9278.350515463913,6400.0,800.0,0.0,0.0,25.45752876605964,RUNNING,1.0,False,
0.1484,1.0,True,300000.0,300000.0,300000.0,300000.0,309278.3505154639,9278.350515463913,6400.0,800.0,0.0,0.0,25.457836519314267,RUNNING,1.0,False,
0.14850000000000002,1.0,True,300000.0,300000.0,300000.0,300000.0,309278.3505154639,9278.350515463913,6400.0,800.0,0.0,0.0,25.458144271543052,RUNNING,1.0,False,
0.1486,1.0,True,300000.0,300000.0,300000.0,300000.0,309278.3505154639,9278.350515463913,6400.0,800.0,0.0,0.0,25.458452022745995,RUNNING,1.0,False,
0.1487,1.0,True,300000.0,300000.0,300000.0,300000.0,309278.3505154639,9278.350515463913,6400.0,800.0,0.0,0.0,25.458759772923102,RUNNING,1.0,False,
0.14880000000000002,1.0,True,300000.0,300000.0,300000.0,300000.0,309278.3505154639,9278.350515463913,6400.0,800.0,0.0,0.0,25.459067522074374,RUNNING,1.0,False,
0.1489,1.0,True,300000.0,300000.0,300000.0,300000.0,309278.3505154639,9278.350515463913,6400.0,800.0,0.0,0.0,25.459375270199818,RUNNING,1.0,False,
0.149,1.0,True,300000.0,300000.0,300000.0,300000.0,309278.3505154639,9278.350515463913,6400.0,800.0,0.0,0.0,25.459683017299433,RUNNING,1.0,False,
0.1491,1.0,True,300000.0,300000.0,300000.0,300000.0,309278.3505154639,9278.350515463913,6400.0,800.0,0.0,0.0,25.459990763373224,RUNNING,1.0,False,
0.1492,1.0,True,300000.0,300000.0,300000.0,300000.0,309278.3505154639,9278.350515463913,6400.0,800.0,0.0,0.0,25.460298508421193,RUNNING,1.0,False,
0.14930000000000002,1.0,True,300000.0,300000.0,300000.0,300000.0,309278.3505154639,9278.350515463913,6400.0,800.0,0.0,0.0,25.46060625244335,RUNNING,1.0,False,
0.1494,1.0,True,300000.0,300000.0,300000.0,300000.0,309278.3505154639,9278.350515463913,6400.0,800.0,0.0,0.0,25.46091399543969,RUNNING,1.0,False,
0.1495,1.0,True,300000.0,300000.0,300000.0,300000.0,309278.3505154639,9278.350515463913,6400.0,800.0,0.0,0.0,25.46122173741022,RUNNING,1.0,False,
0.1496,1.0,True,300000.0,300000.0,300000.0,300000.0,309278.3505154639,9278.350515463913,6400.0,800.0,0.0,0.0,25.461529478354944,RUNNING,1.0,False,
0.1497,1.0,True,300000.0,300000.0,300000.0,300000.0,309278.3505154639,9278.350515463913,6400.0,800.0,0.0,0.0,25.461837218273864,RUNNING,1.0,False,
0.14980000000000002,1.0,True,300000.0,300000.0,300000.0,300000.0,309278.3505154639,9278.350515463913,6400.0,800.0,0.0,0.0,25.462144957166984,RUNNING,1.0,False,
0.1499,1.0,True,300000.0,300000.0,300000.0,300000.0,309278.3505154639,9278.350515463913,6400.0,800.0,0.0,0.0,25.462452695034308,RUNNING,1.0,False,
0.15,1.0,True,300000.0,300000.0,300000.0,300000.0,309278.3505154639,9278.350515463913,6400.0,800.0,0.0,0.0,25.46276043187584,RUNNING,1.0,False,
0.1501,1.0,True,300000.0,300000.0,300000.0,300000.0,309278.3505154639,9278.350515463913,6400.0,800.0,0.0,0.0,25.46306816769158,RUNNING,1.0,False,
0.1502,1.0,True,300000.0,300000.0,300000.0,300000.0,309278.3505154639,9278.350515463913,6400.0,800.0,0.0,0.0,25.463375902481538,RUNNING,1.0,False,
0.15030000000000002,1.0,True,300000.0,300000.0,300000.0,300000.0,309278.3505154639,9278.350515463913,6400.0,800.0,0.0,0.0,25.46368363624571,RUNNING,1.0,False,
0.1504,1.0,True,300000.0,300000.0,300000.0,300000.0,309278.3505154639,9278.350515463913,6400.0,800.0,0.0,0.0,25.463991368984107,RUNNING,1.0,False,
0.1505,1.0,True,300000.0,300000.0,300000.0,300000.0,309278.3505154639,9278.350515463913,6400.0,800.0,0.0,0.0,25.464299100696728,RUNNING,1.0,False,
0.1506,1.0,True,300000.0,300000.0,300000.0,300000.0,309278.3505154639,9278.350515463913,6400.0,800.0,0.0,0.0,25.464606831383573,RUNNING,1.0,False,
0.1507,1.0,True,300000.0,300000.0,300000.0,300000.0,309278.3505154639,9278.350515463913,6400.0,800.0,0.0,0.0,25.46491456104465,RUNNING,1.0,False,
0.15080000000000002,1.0,True,300000.0,300000.0,300000.0,300000.0,309278.3505154639,9278.350515463913,6400.0,800.0,0.0,0.0,25.465222289679964,RUNNING,1.0,False,
0.1509,1.0,True,300000.0,300000.0,300000.0,300000.0,309278.3505154639,9278.350515463913,6400.0,800.0,0.0,0.0,25.465530017289513,RUNNING,1.0,False,
0.151,1.0,True,300000.0,300000.0,300000.0,300000.0,309278.3505154639,9278.350515463913,6400.0,800.0,0.0,0.0,25.465837743873305,RUNNING,1.0,False,
0.1511,1.0,True,300000.0,300000.0,300000.0,300000.0,309278.3505154639,9278.350515463913,6400.0,800.0,0.0,0.0,25.46614546943134,RUNNING,1.0,False,
0.1512,1.0,True,300000.0,300000.0,300000.0,300000.0,309278.3505154639,9278.350515463913,6400.0,800.0,0.0,0.0,25.466453193963623,RUNNING,1.0,False,
0.15130000000000002,1.0,True,300000.0,300000.0,300000.0,300000.0,309278.3505154639,9278.350515463913,6400.0,800.0,0.0,0.0,25.466760917470157,RUNNING,1.0,False,
0.1514,1.0,True,300000.0,300000.0,300000.0,300000.0,309278.3505154639,9278.350515463913,6400.0,800.0,0.0,0.0,25.46706863995095,RUNNING,1.0,False,
0.1515,1.0,True,300000.0,300000.0,300000.0,300000.0,309278.3505154639,9278.350515463913,6400.0,800.0,0.0,0.0,25.467376361405996,RUNNING,1.0,False,
0.1516,1.0,True,300000.0,300000.0,300000.0,300000.0,309278.3505154639,9278.350515463913,6400.0,800.0,0.0,0.0,25.46768408183531,RUNNING,1.0,False,
0.1517,1.0,True,300000.0,300000.0,300000.0,300000.0,309278.3505154639,9278.350515463913,6400.0,800.0,0.0,0.0,25.467991801238885,RUNNING,1.0,False,
0.15180000000000002,1.0,True,300000.0,300000.0,300000.0,300000.0,309278.3505154639,9278.350515463913,6400.0,800.0,0.0,0.0,25.46829951961673,RUNNING,1.0,False,
0.1519,1.0,True,300000.0,300000.0,300000.0,300000.0,309278.3505154639,9278.350515463913,6400.0,800.0,0.0,0.0,25.468607236968847,RUNNING,1.0,False,
0.152,1.0,True,300000.0,300000.0,300000.0,300000.0,309278.3505154639,9278.350515463913,6400.0,800.0,0.0,0.0,25.46891495329524,RUNNING,1.0,False,
0.1521,1.0,True,300000.0,300000.0,300000.0,300000.0,309278.3505154639,9278.350515463913,6400.0,800.0,0.0,0.0,25.46922266859591,RUNNING,1.0,False,
0.1522,1.0,True,300000.0,300000.0,300000.0,300000.0,309278.3505154639,9278.350515463913,6400.0,800.0,0.0,0.0,25.469530382870865,RUNNING,1.0,False,
0.15230000000000002,1.0,True,300000.0,300000.0,300000.0,300000.0,309278.3505154639,9278.350515463913,6400.0,800.0,0.0,0.0,25.469838096120103,RUNNING,1.0,False,
0.1524,1.0,True,300000.0,300000.0,300000.0,300000.0,309278.3505154639,9278.350515463913,6400.0,800.0,0.0,0.0,25.47014580834363,RUNNING,1.0,False,
0.1525,1.0,True,300000.0,300000.0,300000.0,300000.0,309278.3505154639,9278.350515463913,6400.0,800.0,0.0,0.0,25.47045351954145,RUNNING,1.0,False,
0.1526,1.0,True,300000.0,300000.0,300000.0,300000.0,309278.3505154639,9278.350515463913,6400.0,800.0,0.0,0.0,25.470761229713567,RUNNING,1.0,False,
0.1527,1.0,True,300000.0,300000.0,300000.0,300000.0,309278.3505154639,9278.350515463913,6400.0,800.0,0.0,0.0,25.471068938859982,RUNNING,1.0,False,
0.15280000000000002,1.0,True,300000.0,300000.0,300000.0,300000.0,309278.3505154639,9278.350515463913,6400.0,800.0,0.0,0.0,25.4713766469807,RUNNING,1.0,False,
0.1529,1.0,True,300000.0,300000.0,300000.0,300000.0,309278.3505154639,9278.350515463913,6400.0,800.0,0.0,0.0,25.471684354075727,RUNNING,1.0,False,
0.153,1.0,True,300000.0,300000.0,300000.0,300000.0,309278.3505154639,9278.350515463913,6400.0,800.0,0.0,0.0,25.471992060145062,RUNNING,1.0,False,
0.1531,1.0,True,300000.0,300000.0,300000.0,300000.0,309278.3505154639,9278.350515463913,6400.0,800.0,0.0,0.0,25.472299765188712,RUNNING,1.0,False,
0.1532,1.0,True,300000.0,300000.0,300000.0,300000.0,309278.3505154639,9278.350515463913,6400.0,800.0,0.0,0.0,25.472607469206675,RUNNING,1.0,False,
0.15330000000000002,1.0,True,300000.0,300000.0,300000.0,300000.0,309278.3505154639,9278.350515463913,6400.0,800.0,0.0,0.0,25.47291517219896,RUNNING,1.0,False,
0.1534,1.0,True,300000.0,300000.0,300000.0,300000.0,309278.3505154639,9278.350515463913,6400.0,800.0,0.0,0.0,25.473222874165568,RUNNING,1.0,False,
0.1535,1.0,True,300000.0,300000.0,300000.0,300000.0,309278.3505154639,9278.350515463913,6400.0,800.0,0.0,0.0,25.473530575106505,RUNNING,1.0,False,
0.15360000000000001,1.0,True,300000.0,300000.0,300000.0,300000.0,309278.3505154639,9278.350515463913,6400.0,800.0,0.0,0.0,25.47383827502177,RUNNING,1.0,False,
0.1537,1.0,True,300000.0,300000.0,300000.0,300000.0,309278.3505154639,9278.350515463913,6400.0,800.0,0.0,0.0,25.47414597391137,RUNNING,1.0,False,
0.15380000000000002,1.0,True,300000.0,300000.0,300000.0,300000.0,309278.3505154639,9278.350515463913,6400.0,800.0,0.0,0.0,25.474453671775304,RUNNING,1.0,False,
0.1539,1.0,True,300000.0,300000.0,300000.0,300000.0,309278.3505154639,9278.350515463913,6400.0,800.0,0.0,0.0,25.47476136861358,RUNNING,1.0,False,
0.154,1.0,True,300000.0,300000.0,300000.0,300000.0,309278.3505154639,9278.350515463913,6400.0,800.0,0.0,0.0,25.4750690644262,RUNNING,1.0,False,
0.15410000000000001,1.0,True,300000.0,300000.0,300000.0,300000.0,309278.3505154639,9278.350515463913,6400.0,800.0,0.0,0.0,25.47537675921317,RUNNING,1.0,False,
0.1542,1.0,True,300000.0,300000.0,300000.0,300000.0,309278.3505154639,9278.350515463913,6400.0,800.0,0.0,0.0,25.475684452974487,RUNNING,1.0,False,
0.15430000000000002,1.0,True,300000.0,300000.0,300000.0,300000.0,309278.3505154639,9278.350515463913,6400.0,800.0,0.0,0.0,25.47599214571016,RUNNING,1.0,False,
0.1544,1.0,True,300000.0,300000.0,300000.0,300000.0,309278.3505154639,9278.350515463913,6400.0,800.0,0.0,0.0,25.47629983742019,RUNNING,1.0,False,
0.1545,1.0,True,300000.0,300000.0,300000.0,300000.0,309278.3505154639,9278.350515463913,6400.0,800.0,0.0,0.0,25.47660752810458,RUNNING,1.0,False,
0.15460000000000002,1.0,True,300000.0,300000.0,300000.0,300000.0,309278.3505154639,9278.350515463913,6400.0,800.0,0.0,0.0,25.476915217763334,RUNNING,1.0,False,
0.1547,1.0,True,300000.0,300000.0,300000.0,300000.0,309278.3505154639,9278.350515463913,6400.0,800.0,0.0,0.0,25.477222906396456,RUNNING,1.0,False,
0.15480000000000002,1.0,True,300000.0,300000.0,300000.0,300000.0,309278.3505154639,9278.350515463913,6400.0,800.0,0.0,0.0,25.47753059400395,RUNNING,1.0,False,
0.1549,1.0,True,300000.0,300000.0,300000.0,300000.0,309278.3505154639,9278.350515463913,6400.0,800.0,0.0,0.0,25.47783828058582,RUNNING,1.0,False,
0.155,1.0,True,300000.0,300000.0,300000.0,300000.0,309278.3505154639,9278.350515463913,6400.0,800.0,0.0,0.0,25.47814596614207,RUNNING,1.0,False,
0.15510000000000002,1.0,True,300000.0,300000.0,300000.0,300000.0,309278.3505154639,9278.350515463913,6400.0,800.0,0.0,0.0,25.478453650672698,RUNNING,1.0,False,
0.1552,1.0,True,300000.0,300000.0,300000.0,300000.0,309278.3505154639,9278.350515463913,6400.0,800.0,0.0,0.0,25.47876133417771,RUNNING,1.0,False,
0.1553,1.0,True,300000.0,300000.0,300000.0,300000.0,309278.3505154639,9278.350515463913,6400.0,800.0,0.0,0.0,25.479069016657114,RUNNING,1.0,False,
0.1554,1.0,True,300000.0,300000.0,300000.0,300000.0,309278.3505154639,9278.350515463913,6400.0,800.0,0.0,0.0,25.479376698110908,RUNNING,1.0,False,
0.1555,1.0,True,300000.0,300000.0,300000.0,300000.0,309278.3505154639,9278.350515463913,6400.0,800.0,0.0,0.0,25.479684378539098,RUNNING,1.0,False,
0.15560000000000002,1.0,True,300000.0,300000.0,300000.0,300000.0,309278.3505154639,9278.350515463913,6400.0,800.0,0.0,0.0,25.479992057941686,RUNNING,1.0,False,
0.1557,1.0,True,300000.0,300000.0,300000.0,300000.0,309278.3505154639,9278.350515463913,6400.0,800.0,0.0,0.0,25.480299736318674,RUNNING,1.0,False,
0.1558,1.0,True,300000.0,300000.0,300000.0,300000.0,309278.3505154639,9278.350515463913,6400.0,800.0,0.0,0.0,25.480607413670068,RUNNING,1.0,False,
0.1559,1.0,True,300000.0,300000.0,300000.0,300000.0,309278.3505154639,9278.350515463913,6400.0,800.0,0.0,0.0,25.48091508999587,RUNNING,1.0,False,
0.156,1.0,True,300000.0,300000.0,300000.0,300000.0,309278.3505154639,9278.350515463913,6400.0,800.0,0.0,0.0,25.48122276529609,RUNNING,1.0,False,
0.15610000000000002,1.0,True,300000.0,300000.0,300000.0,300000.0,309278.3505154639,9278.350515463913,6400.0,800.0,0.0,0.0,25.48153043957072,RUNNING,1.0,False,
0.1562,1.0,True,300000.0,300000.0,300000.0,300000.0,309278.3505154639,9278.350515463913,6400.0,800.0,0.0,0.0,25.48183811281977,RUNNING,1.0,False,
0.1563,1.0,True,300000.0,300000.0,300000.0,300000.0,309278.3505154639,9278.350515463913,6400.0,800.0,0.0,0.0,25.482145785043244,RUNNING,1.0,False,
0.1564,1.0,True,300000.0,300000.0,300000.0,300000.0,309278.3505154639,9278.350515463913,6400.0,800.0,0.0,0.0,25.482453456241142,RUNNING,1.0,False,
0.1565,1.0,True,300000.0,300000.0,300000.0,300000.0,309278.3505154639,9278.350515463913,6400.0,800.0,0.0,0.0,25.48276112641347,RUNNING,1.0,False,
0.15660000000000002,1.0,True,300000.0,300000.0,300000.0,300000.0,309278.3505154639,9278.350515463913,6400.0,800.0,0.0,0.0,25.483068795560232,RUNNING,1.0,False,
0.1567,1.0,True,300000.0,300000.0,300000.0,300000.0,309278.3505154639,9278.350515463913,6400.0,800.0,0.0,0.0,25.48337646368143,RUNNING,1.0,False,
0.1568,1.0,True,300000.0,300000.0,300000.0,300000.0,309278.3505154639,9278.350515463913,6400.0,800.0,0.0,0.0,25.483684130777068,RUNNING,1.0,False,
0.1569,1.0,True,300000.0,300000.0,300000.0,300000.0,309278.3505154639,9278.350515463913,6400.0,800.0,0.0,0.0,25.483991796847146,RUNNING,1.0,False,
0.157,1.0,True,300000.0,300000.0,300000.0,300000.0,309278.3505154639,9278.350515463913,6400.0,800.0,0.0,0.0,25.484299461891673,RUNNING,1.0,False,
0.15710000000000002,1.0,True,300000.0,300000.0,300000.0,300000.0,309278.3505154639,9278.350515463913,6400.0,800.0,0.0,0.0,25.48460712591065,RUNNING,1.0,False,
0.1572,1.0,True,300000.0,300000.0,300000.0,300000.0,309278.3505154639,9278.350515463913,6400.0,800.0,0.0,0.0,25.484914788904078,RUNNING,1.0,False,
0.1573,1.0,True,300000.0,300000.0,300000.0,300000.0,309278.3505154639,9278.350515463913,6400.0,800.0,0.0,0.0,25.485222450871962,RUNNING,1.0,False,
0.1574,1.0,True,300000.0,300000.0,300000.0,300000.0,309278.3505154639,9278.350515463913,6400.0,800.0,0.0,0.0,25.48553011181431,RUNNING,1.0,False,
0.1575,1.0,True,300000.0,300000.0,300000.0,300000.0,309278.3505154639,9278.350515463913,6400.0,800.0,0.0,0.0,25.48583777173112,RUNNING,1.0,False,
0.15760000000000002,1.0,True,300000.0,300000.0,300000.0,300000.0,309278.3505154639,9278.350515463913,6400.0,800.0,0.0,0.0,25.486145430622397,RUNNING,1.0,False,
0.1577,1.0,True,300000.0,300000.0,300000.0,300000.0,309278.3505154639,9278.350515463913,6400.0,800.0,0.0,0.0,25.486453088488144,RUNNING,1.0,False,
0.1578,1.0,True,300000.0,300000.0,300000.0,300000.0,309278.3505154639,9278.350515463913,6400.0,800.0,0.0,0.0,25.486760745328365,RUNNING,1.0,False,
0.1579,1.0,True,300000.0,300000.0,300000.0,300000.0,309278.3505154639,9278.350515463913,6400.0,800.0,0.0,0.0,25.487068401143063,RUNNING,1.0,False,
0.158,1.0,True,300000.0,300000.0,300000.0,300000.0,309278.3505154639,9278.350515463913,6400.0,800.0,0.0,0.0,25.48737605593224,RUNNING,1.0,False,
0.15810000000000002,1.0,True,300000.0,300000.0,300000.0,300000.0,309278.3505154639,9278.350515463913,6400.0,800.0,0.0,0.0,25.487683709695904,RUNNING,1.0,False,
0.1582,1.0,True,300000.0,300000.0,300000.0,300000.0,309278.3505154639,9278.350515463913,6400.0,800.0,0.0,0.0,25.487991362434055,RUNNING,1.0,False,
0.1583,1.0,True,300000.0,300000.0,300000.0,300000.0,309278.3505154639,9278.350515463913,6400.0,800.0,0.0,0.0,25.488299014146698,RUNNING,1.0,False,
0.1584,1.0,True,300000.0,300000.0,300000.0,300000.0,309278.3505154639,9278.350515463913,6400.0,800.0,0.0,0.0,25.48860666483383,RUNNING,1.0,False,
0.1585,1.0,True,300000.0,300000.0,300000.0,300000.0,309278.3505154639,9278.350515463913,6400.0,800.0,0.0,0.0,25.488914314495464,RUNNING,1.0,False,
0.15860000000000002,1.0,True,300000.0,300000.0,300000.0,300000.0,309278.3505154639,9278.350515463913,6400.0,800.0,0.0,0.0,25.489221963131598,RUNNING,1.0,False,
0.1587,1.0,True,300000.0,300000.0,300000.0,300000.0,309278.3505154639,9278.350515463913,6400.0,800.0,0.0,0.0,25.489529610742238,RUNNING,1.0,False,
0.1588,1.0,True,300000.0,300000.0,300000.0,300000.0,309278.3505154639,9278.350515463913,6400.0,800.0,0.0,0.0,25.489837257327384,RUNNING,1.0,False,
0.1589,1.0,True,300000.0,300000.0,300000.0,300000.0,309278.3505154639,9278.350515463913,6400.0,800.0,0.0,0.0,25.490144902887042,RUNNING,1.0,False,
0.159,1.0,True,300000.0,300000.0,300000.0,300000.0,309278.3505154639,9278.350515463913,6400.0,800.0,0.0,0.0,25.490452547421214,RUNNING,1.0,False,
0.15910000000000002,1.0,True,300000.0,300000.0,300000.0,300000.0,309278.3505154639,9278.350515463913,6400.0,800.0,0.0,0.0,25.490760190929905,RUNNING,1.0,False,
0.1592,1.0,True,300000.0,300000.0,300000.0,300000.0,309278.3505154639,9278.350515463913,6400.0,800.0,0.0,0.0,25.491067833413116,RUNNING,1.0,False,
0.1593,1.0,True,300000.0,300000.0,300000.0,300000.0,309278.3505154639,9278.350515463913,6400.0,800.0,0.0,0.0,25.491375474870853,RUNNING,1.0,False,
0.15940000000000001,1.0,True,300000.0,300000.0,300000.0,300000.0,309278.3505154639,9278.350515463913,6400.0,800.0,0.0,0.0,25.49168311530312,RUNNING,1.0,False,
0.1595,1.0,True,300000.0,300000.0,300000.0,300000.0,309278.3505154639,9278.350515463913,6400.0,800.0,0.0,0.0,25.491990754709917,RUNNING,1.0,False,
0.15960000000000002,1.0,True,300000.0,300000.0,300000.0,300000.0,309278.3505154639,9278.350515463913,6400.0,800.0,0.0,0.0,25.49229839309125,RUNNING,1.0,False,
0.1597,1.0,True,300000.0,300000.0,300000.0,300000.0,309278.3505154639,9278.350515463913,6400.0,800.0,0.0,0.0,25.49260603044712,RUNNING,1.0,False,
0.1598,1.0,True,300000.0,300000.0,300000.0,300000.0,309278.3505154639,9278.350515463913,6400.0,800.0,0.0,0.0,25.492913666777536,RUNNING,1.0,False,
0.15990000000000001,1.0,True,300000.0,300000.0,300000.0,300000.0,309278.3505154639,9278.350515463913,6400.0,800.0,0.0,0.0,25.493221302082496,RUNNING,1.0,False,
0.16,1.0,True,300000.0,300000.0,300000.0,300000.0,309278.3505154639,9278.350515463913,6400.0,800.0,0.0,0.0,25.493528936362004,RUNNING,1.0,False,
0.16010000000000002,1.0,True,300000.0,300000.0,300000.0,300000.0,309278.3505154639,9278.350515463913,6400.0,800.0,0.0,0.0,25.493836569616064,RUNNING,1.0,False,
0.1602,1.0,True,300000.0,300000.0,300000.0,300000.0,309278.3505154639,9278.350515463913,6400.0,800.0,0.0,0.0,25.49414420184468,RUNNING,1.0,False,
0.1603,1.0,True,300000.0,300000.0,300000.0,300000.0,309278.3505154639,9278.350515463913,6400.0,800.0,0.0,0.0,25.494451833047854,RUNNING,1.0,False,
0.16040000000000001,1.0,True,300000.0,300000.0,300000.0,300000.0,309278.3505154639,9278.350515463913,6400.0,800.0,0.0,0.0,25.49475946322559,RUNNING,1.0,False,
0.1605,1.0,True,300000.0,300000.0,300000.0,300000.0,309278.3505154639,9278.350515463913,6400.0,800.0,0.0,0.0,25.495067092377894,RUNNING,1.0,False,
0.16060000000000002,1.0,True,300000.0,300000.0,300000.0,300000.0,309278.3505154639,9278.350515463913,6400.0,800.0,0.0,0.0,25.495374720504767,RUNNING,1.0,False,
0.1607,1.0,True,300000.0,300000.0,300000.0,300000.0,309278.3505154639,9278.350515463913,6400.0,800.0,0.0,0.0,25.495682347606213,RUNNING,1.0,False,
0.1608,1.0,True,300000.0,300000.0,300000.0,300000.0,309278.3505154639,9278.350515463913,6400.0,800.0,0.0,0.0,25.495989973682235,RUNNING,1.0,False,
0.16090000000000002,1.0,True,300000.0,300000.0,300000.0,300000.0,309278.3505154639,9278.350515463913,6400.0,800.0,0.0,0.0,25.496297598732838,RUNNING,1.0,False,
0.161,1.0,True,300000.0,300000.0,300000.0,300000.0,309278.3505154639,9278.350515463913,6400.0,800.0,0.0,0.0,25.496605222758024,RUNNING,1.0,False,
0.16110000000000002,1.0,True,300000.0,300000.0,300000.0,300000.0,309278.3505154639,9278.350515463913,6400.0,800.0,0.0,0.0,25.496912845757798,RUNNING,1.0,False,
0.1612,1.0,True,300000.0,300000.0,300000.0,300000.0,309278.3505154639,9278.350515463913,6400.0,800.0,0.0,0.0,25.49722046773216,RUNNING,1.0,False,
0.1613,1.0,True,300000.0,300000.0,300000.0,300000.0,309278.3505154639,9278.350515463913,6400.0,800.0,0.0,0.0,25.497528088681115,RUNNING,1.0,False,
0.16140000000000002,1.0,True,300000.0,300000.0,300000.0,300000.0,309278.3505154639,9278.350515463913,6400.0,800.0,0.0,0.0,25.49783570860467,RUNNING,1.0,False,
0.1615,1.0,True,300000.0,300000.0,300000.0,300000.0,309278.3505154639,9278.350515463913,6400.0,800.0,0.0,0.0,25.49814332750282,RUNNING,1.0,False,
0.16160000000000002,1.0,True,300000.0,300000.0,300000.0,300000.0,309278.3505154639,9278.350515463913,6400.0,800.0,0.0,0.0,25.498450945375577,RUNNING,1.0,False,
0.1617,1.0,True,300000.0,300000.0,300000.0,300000.0,309278.3505154639,9278.350515463913,6400.0,800.0,0.0,0.0,25.498758562222942,RUNNING,1.0,False,
0.1618,1.0,True,300000.0,300000.0,300000.0,300000.0,309278.3505154639,9278.350515463913,6400.0,800.0,0.0,0.0,25.499066178044917,RUNNING,1.0,False,
0.16190000000000002,1.0,True,300000.0,300000.0,300000.0,300000.0,309278.3505154639,9278.350515463913,6400.0,800.0,0.0,0.0,25.499373792841507,RUNNING,1.0,False,
0.162,1.0,True,300000.0,300000.0,300000.0,300000.0,309278.3505154639,9278.350515463913,6400.0,800.0,0.0,0.0,25.499681406612712,RUNNING,1.0,False,
0.1621,1.0,True,300000.0,300000.0,300000.0,300000.0,309278.3505154639,9278.350515463913,6400.0,800.0,0.0,0.0,25.499989019358537,RUNNING,1.0,False,
0.1622,1.0,True,300000.0,300000.0,300000.0,300000.0,309278.3505154639,9278.350515463913,6400.0,800.0,0.0,0.0,25.50029663107899,RUNNING,1.0,False,
0.1623,1.0,True,300000.0,300000.0,300000.0,300000.0,309278.3505154639,9278.350515463913,6400.0,800.0,0.0,0.0,25.500604241774067,RUNNING,1.0,False,
0.16240000000000002,1.0,True,300000.0,300000.0,300000.0,300000.0,309278.3505154639,9278.350515463913,6400.0,800.0,0.0,0.0,25.500911851443774,RUNNING,1.0,False,
0.1625,1.0,True,300000.0,300000.0,300000.0,300000.0,309278.3505154639,9278.350515463913,6400.0,800.0,0.0,0.0,25.50121946008812,RUNNING,1.0,False,
0.1626,1.0,True,300000.0,300000.0,300000.0,300000.0,309278.3505154639,9278.350515463913,6400.0,800.0,0.0,0.0,25.5015270677071,RUNNING,1.0,False,
0.1627,1.0,True,300000.0,300000.0,300000.0,300000.0,309278.3505154639,9278.350515463913,6400.0,800.0,0.0,0.0,25.501834674300724,RUNNING,1.0,False,
0.1628,1.0,True,300000.0,300000.0,300000.0,300000.0,309278.3505154639,9278.350515463913,6400.0,800.0,0.0,0.0,25.50214227986899,RUNNING,1.0,False,
0.16290000000000002,1.0,True,300000.0,300000.0,300000.0,300000.0,309278.3505154639,9278.350515463913,6400.0,800.0,0.0,0.0,25.502449884411906,RUNNING,1.0,False,
0.163,1.0,True,300000.0,300000.0,300000.0,300000.0,309278.3505154639,9278.350515463913,6400.0,800.0,0.0,0.0,25.502757487929472,RUNNING,1.0,False,
0.1631,1.0,True,300000.0,300000.0,300000.0,300000.0,309278.3505154639,9278.350515463913,6400.0,800.0,0.0,0.0,25.503065090421693,RUNNING,1.0,False,
0.1632,1.0,True,300000.0,300000.0,300000.0,300000.0,309278.3505154639,9278.350515463913,6400.0,800.0,0.0,0.0,25.503372691888572,RUNNING,1.0,False,
0.1633,1.0,True,300000.0,300000.0,300000.0,300000.0,309278.3505154639,9278.350515463913,6400.0,800.0,0.0,0.0,25.503680292330113,RUNNING,1.0,False,
0.16340000000000002,1.0,True,300000.0,300000.0,300000.0,300000.0,309278.3505154639,9278.350515463913,6400.0,800.0,0.0,0.0,25.50398789174632,RUNNING,1.0,False,
0.1635,1.0,True,300000.0,300000.0,300000.0,300000.0,309278.3505154639,9278.350515463913,6400.0,800.0,0.0,0.0,25.504295490137196,RUNNING,1.0,False,
0.1636,1.0,True,300000.0,300000.0,300000.0,300000.0,309278.3505154639,9278.350515463913,6400.0,800.0,0.0,0.0,25.504603087502744,RUNNING,1.0,False,
0.1637,1.0,True,300000.0,300000.0,300000.0,300000.0,309278.3505154639,9278.350515463913,6400.0,800.0,0.0,0.0,25.50491068384297,RUNNING,1.0,False,
0.1638,1.0,True,300000.0,300000.0,300000.0,300000.0,309278.3505154639,9278.350515463913,6400.0,800.0,0.0,0.0,25.505218279157873,RUNNING,1.0,False,
0.16390000000000002,1.0,True,300000.0,300000.0,300000.0,300000.0,309278.3505154639,9278.350515463913,6400.0,800.0,0.0,0.0,25.505525873447457,RUNNING,1.0,False,
0.164,1.0,True,300000.0,300000.0,300000.0,300000.0,309278.3505154639,9278.350515463913,6400.0,800.0,0.0,0.0,25.505833466711728,RUNNING,1.0,False,
0.1641,1.0,True,300000.0,300000.0,300000.0,300000.0,309278.3505154639,9278.350515463913,6400.0,800.0,0.0,0.0,25.50614105895069,RUNNING,1.0,False,
0.1642,1.0,True,300000.0,300000.0,300000.0,300000.0,309278.3505154639,9278.350515463913,6400.0,800.0,0.0,0.0,25.50644865016434,RUNNING,1.0,False,
0.1643,1.0,True,300000.0,300000.0,300000.0,300000.0,309278.3505154639,9278.350515463913,6400.0,800.0,0.0,0.0,25.50675624035269,RUNNING,1.0,False,
0.16440000000000002,1.0,True,300000.0,300000.0,300000.0,300000.0,309278.3505154639,9278.350515463913,6400.0,800.0,0.0,0.0,25.507063829515737,RUNNING,1.0,False,
0.1645,1.0,True,300000.0,300000.0,300000.0,300000.0,309278.3505154639,9278.350515463913,6400.0,800.0,0.0,0.0,25.507371417653488,RUNNING,1.0,False,
0.1646,1.0,True,300000.0,300000.0,300000.0,300000.0,309278.3505154639,9278.350515463913,6400.0,800.0,0.0,0.0,25.507679004765944,RUNNING,1.0,False,
0.1647,1.0,True,300000.0,300000.0,300000.0,300000.0,309278.3505154639,9278.350515463913,6400.0,800.0,0.0,0.0,25.50798659085311,RUNNING,1.0,False,
0.1648,1.0,True,300000.0,300000.0,300000.0,300000.0,309278.3505154639,9278.350515463913,6400.0,800.0,0.0,0.0,25.50829417591499,RUNNING,1.0,False,
0.16490000000000002,1.0,True,300000.0,300000.0,300000.0,300000.0,309278.3505154639,9278.350515463913,6400.0,800.0,0.0,0.0,25.508601759951585,RUNNING,1.0,False,
0.165,1.0,True,300000.0,300000.0,300000.0,300000.0,309278.3505154639,9278.350515463913,6400.0,800.0,0.0,0.0,25.5089093429629,RUNNING,1.0,False,
0.1651,1.0,True,300000.0,300000.0,300000.0,300000.0,309278.3505154639,9278.350515463913,6400.0,800.0,0.0,0.0,25.50921692494894,RUNNING,1.0,False,
0.1652,1.0,True,300000.0,300000.0,300000.0,300000.0,309278.3505154639,9278.350515463913,6400.0,800.0,0.0,0.0,25.509524505909706,RUNNING,1.0,False,
0.1653,1.0,True,300000.0,300000.0,300000.0,300000.0,309278.3505154639,9278.350515463913,6400.0,800.0,0.0,0.0,25.5098320858452,RUNNING,1.0,False,
0.16540000000000002,1.0,True,300000.0,300000.0,300000.0,300000.0,309278.3505154639,9278.350515463913,6400.0,800.0,0.0,0.0,25.510139664755428,RUNNING,1.0,False,
0.1655,1.0,True,300000.0,300000.0,300000.0,300000.0,309278.3505154639,9278.350515463913,6400.0,800.0,0.0,0.0,25.510447242640396,RUNNING,1.0,False,
0.1656,1.0,True,300000.0,300000.0,300000.0,300000.0,309278.3505154639,9278.350515463913,6400.0,800.0,0.0,0.0,25.510754819500104,RUNNING,1.0,False,
0.16570000000000001,1.0,True,300000.0,300000.0,300000.0,300000.0,309278.3505154639,9278.350515463913,6400.0,800.0,0.0,0.0,25.511062395334555,RUNNING,1.0,False,
0.1658,1.0,True,300000.0,300000.0,300000.0,300000.0,309278.3505154639,9278.350515463913,6400.0,800.0,0.0,0.0,25.511369970143754,RUNNING,1.0,False,
0.16590000000000002,1.0,True,300000.0,300000.0,300000.0,300000.0,309278.3505154639,9278.350515463913,6400.0,800.0,0.0,0.0,25.511677543927703,RUNNING,1.0,False,
0.166,1.0,True,300000.0,300000.0,300000.0,300000.0,309278.3505154639,9278.350515463913,6400.0,800.0,0.0,0.0,25.511985116686407,RUNNING,1.0,False,
0.1661,1.0,True,300000.0,300000.0,300000.0,300000.0,309278.3505154639,9278.350515463913,6400.0,800.0,0.0,0.0,25.512292688419866,RUNNING,1.0,False,
0.16620000000000001,1.0,True,300000.0,300000.0,300000.0,300000.0,309278.3505154639,9278.350515463913,6400.0,800.0,0.0,0.0,25.512600259128085,RUNNING,1.0,False,
0.1663,1.0,True,300000.0,300000.0,300000.0,300000.0,309278.3505154639,9278.350515463913,6400.0,800.0,0.0,0.0,25.51290782881107,RUNNING,1.0,False,
0.16640000000000002,1.0,True,300000.0,300000.0,300000.0,300000.0,309278.3505154639,9278.350515463913,6400.0,800.0,0.0,0.0,25.513215397468823,RUNNING,1.0,False,
0.1665,1.0,True,300000.0,300000.0,300000.0,300000.0,309278.3505154639,9278.350515463913,6400.0,800.0,0.0,0.0,25.513522965101348,RUNNING,1.0,False,
0.1666,1.0,True,300000.0,300000.0,300000.0,300000.0,309278.3505154639,9278.350515463913,6400.0,800.0,0.0,0.0,25.513830531708646,RUNNING,1.0,False,
0.16670000000000001,1.0,True,300000.0,300000.0,300000.0,300000.0,309278.3505154639,9278.350515463913,6400.0,800.0,0.0,0.0,25.514138097290722,RUNNING,1.0,False,
0.1668,1.0,True,300000.0,300000.0,300000.0,300000.0,309278.3505154639,9278.350515463913,6400.0,800.0,0.0,0.0,25.51444566184758,RUNNING,1.0,False,
0.16690000000000002,1.0,True,300000.0,300000.0,300000.0,300000.0,309278.3505154639,9278.350515463913,6400.0,800.0,0.0,0.0,25.514753225379224,RUNNING,1.0,False,
0.167,1.0,True,300000.0,300000.0,300000.0,300000.0,309278.3505154639,9278.350515463913,6400.0,800.0,0.0,0.0,25.515060787885655,RUNNING,1.0,False,
0.1671,1.0,True,300000.0,300000.0,300000.0,300000.0,309278.3505154639,9278.350515463913,6400.0,800.0,0.0,0.0,25.515368349366877,RUNNING,1.0,False,
0.16720000000000002,1.0,True,300000.0,300000.0,300000.0,300000.0,309278.3505154639,9278.350515463913,6400.0,800.0,0.0,0.0,25.515675909822896,RUNNING,1.0,False,
0.1673,1.0,True,300000.0,300000.0,300000.0,300000.0,309278.3505154639,9278.350515463913,6400.0,800.0,0.0,0.0,25.51598346925371,RUNNING,1.0,False,
0.16740000000000002,1.0,True,300000.0,300000.0,300000.0,300000.0,309278.3505154639,9278.350515463913,6400.0,800.0,0.0,0.0,25.516291027659328,RUNNING,1.0,False,
0.1675,1.0,True,300000.0,300000.0,300000.0,300000.0,309278.3505154639,9278.350515463913,6400.0,800.0,0.0,0.0,25.516598585039752,RUNNING,1.0,False,
0.1676,1.0,True,300000.0,300000.0,300000.0,300000.0,309278.3505154639,9278.350515463913,6400.0,800.0,0.0,0.0,25.516906141394983,RUNNING,1.0,False,
0.16770000000000002,1.0,True,300000.0,300000.0,300000.0,300000.0,309278.3505154639,9278.350515463913,6400.0,800.0,0.0,0.0,25.517213696725026,RUNNING,1.0,False,
0.1678,1.0,True,300000.0,300000.0,300000.0,300000.0,309278.3505154639,9278.350515463913,6400.0,800.0,0.0,0.0,25.517521251029887,RUNNING,1.0,False,
0.16790000000000002,1.0,True,300000.0,300000.0,300000.0,300000.0,309278.3505154639,9278.350515463913,6400.0,800.0,0.0,0.0,25.517828804309566,RUNNING,1.0,False,
0.168,1.0,True,300000.0,300000.0,300000.0,300000.0,309278.3505154639,9278.350515463913,6400.0,800.0,0.0,0.0,25.518136356564067,RUNNING,1.0,False,
0.1681,1.0,True,300000.0,300000.0,300000.0,300000.0,309278.3505154639,9278.350515463913,6400.0,800.0,0.0,0.0,25.518443907793394,RUNNING,1.0,False,
0.16820000000000002,1.0,True,300000.0,300000.0,300000.0,300000.0,309278.3505154639,9278.350515463913,6400.0,800.0,0.0,0.0,25.51875145799755,RUNNING,1.0,False,
0.1683,1.0,True,300000.0,300000.0,300000.0,300000.0,309278.3505154639,9278.350515463913,6400.0,800.0,0.0,0.0,25.519059007176537,RUNNING,1.0,False,
0.16840000000000002,1.0,True,300000.0,300000.0,300000.0,300000.0,309278.3505154639,9278.350515463913,6400.0,800.0,0.0,0.0,25.51936655533036,RUNNING,1.0,False,
0.1685,1.0,True,300000.0,300000.0,300000.0,300000.0,309278.3505154639,9278.350515463913,6400.0,800.0,0.0,0.0,25.519674102459025,RUNNING,1.0,False,
0.1686,1.0,True,300000.0,300000.0,300000.0,300000.0,309278.3505154639,9278.350515463913,6400.0,800.0,0.0,0.0,25.51998164856253,RUNNING,1.0,False,
0.16870000000000002,1.0,True,300000.0,300000.0,300000.0,300000.0,309278.3505154639,9278.350515463913,6400.0,800.0,0.0,0.0,25.520289193640885,RUNNING,1.0,False,
0.1688,1.0,True,300000.0,300000.0,300000.0,300000.0,309278.3505154639,9278.350515463913,6400.0,800.0,0.0,0.0,25.52059673769409,RUNNING,1.0,False,
0.1689,1.0,True,300000.0,300000.0,300000.0,300000.0,309278.3505154639,9278.350515463913,6400.0,800.0,0.0,0.0,25.520904280722146,RUNNING,1.0,False,
0.169,1.0,True,300000.0,300000.0,300000.0,300000.0,309278.3505154639,9278.350515463913,6400.0,800.0,0.0,0.0,25.52121182272506,RUNNING,1.0,False,
0.1691,1.0,True,300000.0,300000.0,300000.0,300000.0,309278.3505154639,9278.350515463913,6400.0,800.0,0.0,0.0,25.521519363702833,RUNNING,1.0,False,
0.16920000000000002,1.0,True,300000.0,300000.0,300000.0,300000.0,309278.3505154639,9278.350515463913,6400.0,800.0,0.0,0.0,25.52182690365547,RUNNING,1.0,False,
0.1693,1.0,True,300000.0,300000.0,300000.0,300000.0,309278.3505154639,9278.350515463913,6400.0,800.0,0.0,0.0,25.522134442582974,RUNNING,1.0,False,
0.1694,1.0,True,300000.0,300000.0,300000.0,300000.0,309278.3505154639,9278.350515463913,6400.0,800.0,0.0,0.0,25.522441980485347,RUNNING,1.0,False,
0.1695,1.0,True,300000.0,300000.0,300000.0,300000.0,309278.3505154639,9278.350515463913,6400.0,800.0,0.0,0.0,25.522749517362595,RUNNING,1.0,False,
0.1696,1.0,True,300000.0,300000.0,300000.0,300000.0,309278.3505154639,9278.350515463913,6400.0,800.0,0.0,0.0,25.523057053214718,RUNNING,1.0,False,
0.16970000000000002,1.0,True,300000.0,300000.0,300000.0,300000.0,309278.3505154639,9278.350515463913,6400.0,800.0,0.0,0.0,25.523364588041723,RUNNING,1.0,False,
0.1698,1.0,True,300000.0,300000.0,300000.0,300000.0,309278.3505154639,9278.350515463913,6400.0,800.0,0.0,0.0,25.52367212184361,RUNNING,1.0,False,
0.1699,1.0,True,300000.0,300000.0,300000.0,300000.0,309278.3505154639,9278.350515463913,6400.0,800.0,0.0,0.0,25.523979654620387,RUNNING,1.0,False,
0.17,1.0,True,300000.0,300000.0,300000.0,300000.0,309278.3505154639,9278.350515463913,6400.0,800.0,0.0,0.0,25.524287186372053,RUNNING,1.0,False,
0.1701,1.0,True,300000.0,300000.0,300000.0,300000.0,309278.3505154639,9278.350515463913,6400.0,800.0,0.0,0.0,25.524594717098616,RUNNING,1.0,False,
0.17020000000000002,1.0,True,300000.0,300000.0,300000.0,300000.0,309278.3505154639,9278.350515463913,6400.0,800.0,0.0,0.0,25.524902246800075,RUNNING,1.0,False,
0.1703,1.0,True,300000.0,300000.0,300000.0,300000.0,309278.3505154639,9278.350515463913,6400.0,800.0,0.0,0.0,25.525209775476434,RUNNING,1.0,False,
0.1704,1.0,True,300000.0,300000.0,300000.0,300000.0,309278.3505154639,9278.350515463913,6400.0,800.0,0.0,0.0,25.525517303127696,RUNNING,1.0,False,
0.1705,1.0,True,300000.0,300000.0,300000.0,300000.0,309278.3505154639,9278.350515463913,6400.0,800.0,0.0,0.0,25.52582482975387,RUNNING,1.0,False,
0.1706,1.0,True,300000.0,300000.0,300000.0,300000.0,309278.3505154639,9278.350515463913,6400.0,800.0,0.0,0.0,25.526132355354953,RUNNING,1.0,False,
0.17070000000000002,1.0,True,300000.0,300000.0,300000.0,300000.0,309278.3505154639,9278.350515463913,6400.0,800.0,0.0,0.0,25.52643987993095,RUNNING,1.0,False,
0.1708,1.0,True,300000.0,300000.0,300000.0,300000.0,309278.3505154639,9278.350515463913,6400.0,800.0,0.0,0.0,25.526747403481867,RUNNING,1.0,False,
0.1709,1.0,True,300000.0,300000.0,300000.0,300000.0,309278.3505154639,9278.350515463913,6400.0,800.0,0.0,0.0,25.527054926007704,RUNNING,1.0,False,
0.171,1.0,True,300000.0,300000.0,300000.0,300000.0,309278.3505154639,9278.350515463913,6400.0,800.0,0.0,0.0,25.527362447508466,RUNNING,1.0,False,
0.1711,1.0,True,300000.0,300000.0,300000.0,300000.0,309278.3505154639,9278.350515463913,6400.0,800.0,0.0,0.0,25.527669967984156,RUNNING,1.0,False,
0.17120000000000002,1.0,True,300000.0,300000.0,300000.0,300000.0,309278.3505154639,9278.350515463913,6400.0,800.0,0.0,0.0,25.52797748743478,RUNNING,1.0,False,
0.1713,1.0,True,300000.0,300000.0,300000.0,300000.0,309278.3505154639,9278.350515463913,6400.0,800.0,0.0,0.0,25.528285005860337,RUNNING,1.0,False,
0.1714,1.0,True,300000.0,300000.0,300000.0,300000.0,309278.3505154639,9278.350515463913,6400.0,800.0,0.0,0.0,25.528592523260834,RUNNING,1.0,False,
0.1715,1.0,True,300000.0,300000.0,300000.0,300000.0,309278.3505154639,9278.350515463913,6400.0,800.0,0.0,0.0,25.528900039636273,RUNNING,1.0,False,
0.1716,1.0,True,300000.0,300000.0,300000.0,300000.0,309278.3505154639,9278.350515463913,6400.0,800.0,0.0,0.0,25.529207554986655,RUNNING,1.0,False,
0.17170000000000002,1.0,True,300000.0,300000.0,300000.0,300000.0,309278.3505154639,9278.350515463913,6400.0,800.0,0.0,0.0,25.529515069311987,RUNNING,1.0,False,
0.1718,1.0,True,300000.0,300000.0,300000.0,300000.0,309278.3505154639,9278.350515463913,6400.0,800.0,0.0,0.0,25.529822582612272,RUNNING,1.0,False,
0.1719,1.0,True,300000.0,300000.0,300000.0,300000.0,309278.3505154639,9278.350515463913,6400.0,800.0,0.0,0.0,25.53013009488751,RUNNING,1.0,False,
0.17200000000000001,1.0,True,300000.0,300000.0,300000.0,300000.0,309278.3505154639,9278.350515463913,6400.0,800.0,0.0,0.0,25.53043760613771,RUNNING,1.0,False,
0.1721,1.0,True,300000.0,300000.0,300000.0,300000.0,309278.3505154639,9278.350515463913,6400.0,800.0,0.0,0.0,25.530745116362873,RUNNING,1.0,False,
0.17220000000000002,1.0,True,300000.0,300000.0,300000.0,300000.0,309278.3505154639,9278.350515463913,6400.0,800.0,0.0,0.0,25.531052625563,RUNNING,1.0,False,
0.1723,1.0,True,300000.0,300000.0,300000.0,300000.0,309278.3505154639,9278.350515463913,6400.0,800.0,0.0,0.0,25.531360133738097,RUNNING,1.0,False,
0.1724,1.0,True,300000.0,300000.0,300000.0,300000.0,309278.3505154639,9278.350515463913,6400.0,800.0,0.0,0.0,25.531667640888166,RUNNING,1.0,False,
0.17250000000000001,1.0,True,300000.0,300000.0,300000.0,300000.0,309278.3505154639,9278.350515463913,6400.0,800.0,0.0,0.0,25.531975147013213,RUNNING,1.0,False,
0.1726,1.0,True,300000.0,300000.0,300000.0,300000.0,309278.3505154639,9278.350515463913,6400.0,800.0,0.0,0.0,25.53228265211324,RUNNING,1.0,False,
0.17270000000000002,1.0,True,300000.0,300000.0,300000.0,300000.0,309278.3505154639,9278.350515463913,6400.0,800.0,0.0,0.0,25.532590156188245,RUNNING,1.0,False,
0.1728,1.0,True,300000.0,300000.0,300000.0,300000.0,309278.3505154639,9278.350515463913,6400.0,800.0,0.0,0.0,25.53289765923824,RUNNING,1.0,False,
0.1729,1.0,True,300000.0,300000.0,300000.0,300000.0,309278.3505154639,9278.350515463913,6400.0,800.0,0.0,0.0,25.533205161263226,RUNNING,1.0,False,
0.17300000000000001,1.0,True,300000.0,300000.0,300000.0,300000.0,309278.3505154639,9278.350515463913,6400.0,800.0,0.0,0.0,25.533512662263202,RUNNING,1.0,False,
0.1731,1.0,True,300000.0,300000.0,300000.0,300000.0,309278.3505154639,9278.350515463913,6400.0,800.0,0.0,0.0,25.533820162238175,RUNNING,1.0,False,
0.17320000000000002,1.0,True,300000.0,300000.0,300000.0,300000.0,309278.3505154639,9278.350515463913,6400.0,800.0,0.0,0.0,25.53412766118815,RUNNING,1.0,False,
0.1733,1.0,True,300000.0,300000.0,300000.0,300000.0,309278.3505154639,9278.350515463913,6400.0,800.0,0.0,0.0,25.53443515911313,RUNNING,1.0,False,
0.1734,1.0,True,300000.0,300000.0,300000.0,300000.0,309278.3505154639,9278.350515463913,6400.0,800.0,0.0,0.0,25.534742656013115,RUNNING,1.0,False,
0.17350000000000002,1.0,True,300000.0,300000.0,300000.0,300000.0,309278.3505154639,9278.350515463913,6400.0,800.0,0.0,0.0,25.53505015188811,RUNNING,1.0,False,
0.1736,1.0,True,300000.0,300000.0,300000.0,300000.0,309278.3505154639,9278.350515463913,6400.0,800.0,0.0,0.0,25.53535764673812,RUNNING,1.0,False,
0.17370000000000002,1.0,True,300000.0,300000.0,300000.0,300000.0,309278.3505154639,9278.350515463913,6400.0,800.0,0.0,0.0,25.535665140563147,RUNNING,1.0,False,
0.1738,1.0,True,300000.0,300000.0,300000.0,300000.0,309278.3505154639,9278.350515463913,6400.0,800.0,0.0,0.0,25.535972633363194,RUNNING,1.0,False,
0.1739,1.0,True,300000.0,300000.0,300000.0,300000.0,309278.3505154639,9278.350515463913,6400.0,800.0,0.0,0.0,25.536280125138266,RUNNING,1.0,False,
0.17400000000000002,1.0,True,300000.0,300000.0,300000.0,300000.0,309278.3505154639,9278.350515463913,6400.0,800.0,0.0,0.0,25.536587615888365,RUNNING,1.0,False,
0.1741,1.0,True,300000.0,300000.0,300000.0,300000.0,309278.3505154639,9278.350515463913,6400.0,800.0,0.0,0.0,25.536895105613493,RUNNING,1.0,False,
0.17420000000000002,1.0,True,300000.0,300000.0,300000.0,300000.0,309278.3505154639,9278.350515463913,6400.0,800.0,0.0,0.0,25.537202594313655,RUNNING,1.0,False,
0.1743,1.0,True,300000.0,300000.0,300000.0,300000.0,309278.3505154639,9278.350515463913,6400.0,800.0,0.0,0.0,25.537510081988856,RUNNING,1.0,False,
0.1744,1.0,True,300000.0,300000.0,300000.0,300000.0,309278.3505154639,9278.350515463913,6400.0,800.0,0.0,0.0,25.5378175686391,RUNNING,1.0,False,
0.17450000000000002,1.0,True,300000.0,300000.0,300000.0,300000.0,309278.3505154639,9278.350515463913,6400.0,800.0,0.0,0.0,25.538125054264384,RUNNING,1.0,False,
0.1746,1.0,True,300000.0,300000.0,300000.0,300000.0,309278.3505154639,9278.350515463913,6400.0,800.0,0.0,0.0,25.53843253886472,RUNNING,1.0,False,
0.17470000000000002,1.0,True,300000.0,300000.0,300000.0,300000.0,309278.3505154639,9278.350515463913,6400.0,800.0,0.0,0.0,25.538740022440106,RUNNING,1.0,False,
0.1748,1.0,True,300000.0,300000.0,300000.0,300000.0,309278.3505154639,9278.350515463913,6400.0,800.0,0.0,0.0,25.539047504990545,RUNNING,1.0,False,
0.1749,1.0,True,300000.0,300000.0,300000.0,300000.0,309278.3505154639,9278.350515463913,6400.0,800.0,0.0,0.0,25.539354986516045,RUNNING,1.0,False,
0.17500000000000002,1.0,True,300000.0,300000.0,300000.0,300000.0,309278.3505154639,9278.350515463913,6400.0,800.0,0.0,0.0,25.539662467016605,RUNNING,1.0,False,
0.1751,1.0,True,300000.0,300000.0,300000.0,300000.0,309278.3505154639,9278.350515463913,6400.0,800.0,0.0,0.0,25.53996994649223,RUNNING,1.0,False,
0.1752,1.0,True,300000.0,300000.0,300000.0,300000.0,309278.3505154639,9278.350515463913,6400.0,800.0,0.0,0.0,25.540277424942925,RUNNING,1.0,False,
0.1753,1.0,True,300000.0,300000.0,300000.0,300000.0,309278.3505154639,9278.350515463913,6400.0,800.0,0.0,0.0,25.54058490236869,RUNNING,1.0,False,
0.1754,1.0,True,300000.0,300000.0,300000.0,300000.0,309278.3505154639,9278.350515463913,6400.0,800.0,0.0,0.0,25.54089237876953,RUNNING,1.0,False,
0.17550000000000002,1.0,True,300000.0,300000.0,300000.0,300000.0,309278.3505154639,9278.350515463913,6400.0,800.0,0.0,0.0,25.54119985414545,RUNNING,1.0,False,
0.1756,1.0,True,300000.0,300000.0,300000.0,300000.0,309278.3505154639,9278.350515463913,6400.0,800.0,0.0,0.0,25.54150732849645,RUNNING,1.0,False,
0.1757,1.0,True,300000.0,300000.0,300000.0,300000.0,309278.3505154639,9278.350515463913,6400.0,800.0,0.0,0.0,25.54181480182254,RUNNING,1.0,False,
0.1758,1.0,True,300000.0,300000.0,300000.0,300000.0,309278.3505154639,9278.350515463913,6400.0,800.0,0.0,0.0,25.542122274123717,RUNNING,1.0,False,
0.1759,1.0,True,300000.0,300000.0,300000.0,300000.0,309278.3505154639,9278.350515463913,6400.0,800.0,0.0,0.0,25.542429745399986,RUNNING,1.0,False,
0.17600000000000002,1.0,True,300000.0,300000.0,300000.0,300000.0,309278.3505154639,9278.350515463913,6400.0,800.0,0.0,0.0,25.54273721565135,RUNNING,1.0,False,
0.1761,1.0,True,300000.0,300000.0,300000.0,300000.0,309278.3505154639,9278.350515463913,6400.0,800.0,0.0,0.0,25.543044684877813,RUNNING,1.0,False,
0.1762,1.0,True,300000.0,300000.0,300000.0,300000.0,309278.3505154639,9278.350515463913,6400.0,800.0,0.0,0.0,25.54335215307938,RUNNING,1.0,False,
0.1763,1.0,True,300000.0,300000.0,300000.0,300000.0,309278.3505154639,9278.350515463913,6400.0,800.0,0.0,0.0,25.54365962025605,RUNNING,1.0,False,
0.1764,1.0,True,300000.0,300000.0,300000.0,300000.0,309278.3505154639,9278.350515463913,6400.0,800.0,0.0,0.0,25.543967086407832,RUNNING,1.0,False,
0.17650000000000002,1.0,True,300000.0,300000.0,300000.0,300000.0,309278.3505154639,9278.350515463913,6400.0,800.0,0.0,0.0,25.544274551534727,RUNNING,1.0,False,
0.1766,1.0,True,300000.0,300000.0,300000.0,300000.0,309278.3505154639,9278.350515463913,6400.0,800.0,0.0,0.0,25.54458201563674,RUNNING,1.0,False,
0.1767,1.0,True,300000.0,300000.0,300000.0,300000.0,309278.3505154639,9278.350515463913,6400.0,800.0,0.0,0.0,25.54488947871387,RUNNING,1.0,False,
0.1768,1.0,True,300000.0,300000.0,300000.0,300000.0,309278.3505154639,9278.350515463913,6400.0,800.0,0.0,0.0,25.54519694076612,RUNNING,1.0,False,
0.1769,1.0,True,300000.0,300000.0,300000.0,300000.0,309278.3505154639,9278.350515463913,6400.0,800.0,0.0,0.0,25.5455044017935,RUNNING,1.0,False,
0.17700000000000002,1.0,True,300000.0,300000.0,300000.0,300000.0,309278.3505154639,9278.350515463913,6400.0,800.0,0.0,0.0,25.54581186179601,RUNNING,1.0,False,
0.1771,1.0,True,300000.0,300000.0,300000.0,300000.0,309278.3505154639,9278.350515463913,6400.0,800.0,0.0,0.0,25.546119320773652,RUNNING,1.0,False,
0.1772,1.0,True,300000.0,300000.0,300000.0,300000.0,309278.3505154639,9278.350515463913,6400.0,800.0,0.0,0.0,25.54642677872643,RUNNING,1.0,False,
0.1773,1.0,True,300000.0,300000.0,300000.0,300000.0,309278.3505154639,9278.350515463913,6400.0,800.0,0.0,0.0,25.546734235654352,RUNNING,1.0,False,
0.1774,1.0,True,300000.0,300000.0,300000.0,300000.0,309278.3505154639,9278.350515463913,6400.0,800.0,0.0,0.0,25.547041691557414,RUNNING,1.0,False,
0.17750000000000002,1.0,True,300000.0,300000.0,300000.0,300000.0,309278.3505154639,9278.350515463913,6400.0,800.0,0.0,0.0,25.547349146435625,RUNNING,1.0,False,
0.1776,1.0,True,300000.0,300000.0,300000.0,300000.0,309278.3505154639,9278.350515463913,6400.0,800.0,0.0,0.0,25.547656600288985,RUNNING,1.0,False,
0.1777,1.0,True,300000.0,300000.0,300000.0,300000.0,309278.3505154639,9278.350515463913,6400.0,800.0,0.0,0.0,25.5479640531175,RUNNING,1.0,False,
0.1778,1.0,True,300000.0,300000.0,300000.0,300000.0,309278.3505154639,9278.350515463913,6400.0,800.0,0.0,0.0,25.54827150492117,RUNNING,1.0,False,
0.1779,1.0,True,300000.0,300000.0,300000.0,300000.0,309278.3505154639,9278.350515463913,6400.0,800.0,0.0,0.0,25.548578955700005,RUNNING,1.0,False,
0.17800000000000002,1.0,True,300000.0,300000.0,300000.0,300000.0,309278.3505154639,9278.350515463913,6400.0,800.0,0.0,0.0,25.548886405454002,RUNNING,1.0,False,
0.1781,1.0,True,300000.0,300000.0,300000.0,300000.0,309278.3505154639,9278.350515463913,6400.0,800.0,0.0,0.0,25.549193854183166,RUNNING,1.0,False,
0.1782,1.0,True,300000.0,300000.0,300000.0,300000.0,309278.3505154639,9278.350515463913,6400.0,800.0,0.0,0.0,25.5495013018875,RUNNING,1.0,False,
0.17830000000000001,1.0,True,300000.0,300000.0,300000.0,300000.0,309278.3505154639,9278.350515463913,6400.0,800.0,0.0,0.0,25.54980874856701,RUNNING,1.0,False,
0.1784,1.0,True,300000.0,300000.0,300000.0,300000.0,309278.3505154639,9278.350515463913,6400.0,800.0,0.0,0.0,25.550116194221697,RUNNING,1.0,False,
0.17850000000000002,1.0,True,300000.0,300000.0,300000.0,300000.0,309278.3505154639,9278.350515463913,6400.0,800.0,0.0,0.0,25.550423638851566,RUNNING,1.0,False,
0.1786,1.0,True,300000.0,300000.0,300000.0,300000.0,309278.3505154639,9278.350515463913,6400.0,800.0,0.0,0.0,25.55073108245662,RUNNING,1.0,False,
0.1787,1.0,True,300000.0,300000.0,300000.0,300000.0,309278.3505154639,9278.350515463913,6400.0,800.0,0.0,0.0,25.55103852503686,RUNNING,1.0,False,
0.17880000000000001,1.0,True,300000.0,300000.0,300000.0,300000.0,309278.3505154639,9278.350515463913,6400.0,800.0,0.0,0.0,25.55134596659229,RUNNING,1.0,False,
0.1789,1.0,True,300000.0,300000.0,300000.0,300000.0,309278.3505154639,9278.350515463913,6400.0,800.0,0.0,0.0,25.551653407122917,RUNNING,1.0,False,
0.17900000000000002,1.0,True,300000.0,300000.0,300000.0,300000.0,309278.3505154639,9278.350515463913,6400.0,800.0,0.0,0.0,25.55196084662874,RUNNING,1.0,False,
0.1791,1.0,True,300000.0,300000.0,300000.0,300000.0,309278.3505154639,9278.350515463913,6400.0,800.0,0.0,0.0,25.55226828510977,RUNNING,1.0,False,
0.1792,1.0,True,300000.0,300000.0,300000.0,300000.0,309278.3505154639,9278.350515463913,6400.0,800.0,0.0,0.0,25.552575722566,RUNNING,1.0,False,
0.17930000000000001,1.0,True,300000.0,300000.0,300000.0,300000.0,309278.3505154639,9278.350515463913,6400.0,800.0,0.0,0.0,25.552883158997442,RUNNING,1.0,False,
0.1794,1.0,True,300000.0,300000.0,300000.0,300000.0,309278.3505154639,9278.350515463913,6400.0,800.0,0.0,0.0,25.553190594404093,RUNNING,1.0,False,
0.17950000000000002,1.0,True,300000.0,300000.0,300000.0,300000.0,309278.3505154639,9278.350515463913,6400.0,800.0,0.0,0.0,25.55349802878596,RUNNING,1.0,False,
0.1796,1.0,True,300000.0,300000.0,300000.0,300000.0,309278.3505154639,9278.350515463913,6400.0,800.0,0.0,0.0,25.553805462143046,RUNNING,1.0,False,
0.1797,1.0,True,300000.0,300000.0,300000.0,300000.0,309278.3505154639,9278.350515463913,6400.0,800.0,0.0,0.0,25.554112894475356,RUNNING,1.0,False,
0.17980000000000002,1.0,True,300000.0,300000.0,300000.0,300000.0,309278.3505154639,9278.350515463913,6400.0,800.0,0.0,0.0,25.55442032578289,RUNNING,1.0,False,
0.1799,1.0,True,300000.0,300000.0,300000.0,300000.0,309278.3505154639,9278.350515463913,6400.0,800.0,0.0,0.0,25.554727756065652,RUNNING,1.0,False,
0.18000000000000002,1.0,True,300000.0,300000.0,300000.0,300000.0,309278.3505154639,9278.350515463913,6400.0,800.0,0.0,0.0,25.555035185323646,RUNNING,1.0,False,
0.1801,1.0,True,300000.0,300000.0,300000.0,300000.0,309278.3505154639,9278.350515463913,6400.0,800.0,0.0,0.0,25.555342613556878,RUNNING,1.0,False,
0.1802,1.0,True,300000.0,300000.0,300000.0,300000.0,309278.3505154639,9278.350515463913,6400.0,800.0,0.0,0.0,25.555650040765347,RUNNING,1.0,False,
0.18030000000000002,1.0,True,300000.0,300000.0,300000.0,300000.0,309278.3505154639,9278.350515463913,6400.0,800.0,0.0,0.0,25.55595746694906,RUNNING,1.0,False,
0.1804,1.0,True,300000.0,300000.0,300000.0,300000.0,309278.3505154639,9278.350515463913,6400.0,800.0,0.0,0.0,25.556264892108018,RUNNING,1.0,False,
0.18050000000000002,1.0,True,300000.0,300000.0,300000.0,300000.0,309278.3505154639,9278.350515463913,6400.0,800.0,0.0,0.0,25.556572316242228,RUNNING,1.0,False,
0.1806,1.0,True,300000.0,300000.0,300000.0,300000.0,309278.3505154639,9278.350515463913,6400.0,800.0,0.0,0.0,25.55687973935169,RUNNING,1.0,False,
0.1807,1.0,True,300000.0,300000.0,300000.0,300000.0,309278.3505154639,9278.350515463913,6400.0,800.0,0.0,0.0,25.557187161436406,RUNNING,1.0,False,
0.18080000000000002,1.0,True,300000.0,300000.0,300000.0,300000.0,309278.3505154639,9278.350515463913,6400.0,800.0,0.0,0.0,25.557494582496382,RUNNING,1.0,False,
0.1809,1.0,True,300000.0,300000.0,300000.0,300000.0,309278.3505154639,9278.350515463913,6400.0,800.0,0.0,0.0,25.557802002531623,RUNNING,1.0,False,
0.18100000000000002,1.0,True,300000.0,300000.0,300000.0,300000.0,309278.3505154639,9278.350515463913,6400.0,800.0,0.0,0.0,25.55810942154213,RUNNING,1.0,False,
0.1811,1.0,True,300000.0,300000.0,300000.0,300000.0,309278.3505154639,9278.350515463913,6400.0,800.0,0.0,0.0,25.558416839527908,RUNNING,1.0,False,
0.1812,1.0,True,300000.0,300000.0,300000.0,300000.0,309278.3505154639,9278.350515463913,6400.0,800.0,0.0,0.0,25.558724256488958,RUNNING,1.0,False,
0.18130000000000002,1.0,True,300000.0,300000.0,300000.0,300000.0,309278.3505154639,9278.350515463913,6400.0,800.0,0.0,0.0,25.559031672425284,RUNNING,1.0,False,
0.1814,1.0,True,300000.0,300000.0,300000.0,300000.0,309278.3505154639,9278.350515463913,6400.0,800.0,0.0,0.0,25.55933908733689,RUNNING,1.0,False,
0.18150000000000002,1.0,True,300000.0,300000.0,300000.0,300000.0,309278.3505154639,9278.350515463913,6400.0,800.0,0.0,0.0,25.55964650122378,RUNNING,1.0,False,
0.1816,1.0,True,300000.0,300000.0,300000.0,300000.0,309278.3505154639,9278.350515463913,6400.0,800.0,0.0,0.0,25.55995391408596,RUNNING,1.0,False,
0.1817,1.0,True,300000.0,300000.0,300000.0,300000.0,309278.3505154639,9278.350515463913,6400.0,800.0,0.0,0.0,25.560261325923427,RUNNING,1.0,False,
0.18180000000000002,1.0,True,300000.0,300000.0,300000.0,300000.0,309278.3505154639,9278.350515463913,6400.0,800.0,0.0,0.0,25.56056873673619,RUNNING,1.0,False,
0.1819,1.0,True,300000.0,300000.0,300000.0,300000.0,309278.3505154639,9278.350515463913,6400.0,800.0,0.0,0.0,25.56087614652425,RUNNING,1.0,False,
0.182,1.0,True,300000.0,300000.0,300000.0,300000.0,309278.3505154639,9278.350515463913,6400.0,800.0,0.0,0.0,25.561183555287613,RUNNING,1.0,False,
0.1821,1.0,True,300000.0,300000.0,300000.0,300000.0,309278.3505154639,9278.350515463913,6400.0,800.0,0.0,0.0,25.561490963026277,RUNNING,1.0,False,
0.1822,1.0,True,300000.0,300000.0,300000.0,300000.0,309278.3505154639,9278.350515463913,6400.0,800.0,0.0,0.0,25.56179836974025,RUNNING,1.0,False,
0.18230000000000002,1.0,True,300000.0,300000.0,300000.0,300000.0,309278.3505154639,9278.350515463913,6400.0,800.0,0.0,0.0,25.562105775429533,RUNNING,1.0,False,
0.1824,1.0,True,300000.0,300000.0,300000.0,300000.0,309278.3505154639,9278.350515463913,6400.0,800.0,0.0,0.0,25.56241318009413,RUNNING,1.0,False,
0.1825,1.0,True,300000.0,300000.0,300000.0,300000.0,309278.3505154639,9278.350515463913,6400.0,800.0,0.0,0.0,25.562720583734045,RUNNING,1.0,False,
0.1826,1.0,True,300000.0,300000.0,300000.0,300000.0,309278.3505154639,9278.350515463913,6400.0,800.0,0.0,0.0,25.56302798634928,RUNNING,1.0,False,
0.1827,1.0,True,300000.0,300000.0,300000.0,300000.0,309278.3505154639,9278.350515463913,6400.0,800.0,0.0,0.0,25.56333538793984,RUNNING,1.0,False,
0.18280000000000002,1.0,True,300000.0,300000.0,300000.0,300000.0,309278.3505154639,9278.350515463913,6400.0,800.0,0.0,0.0,25.563642788505728,RUNNING,1.0,False,
0.1829,1.0,True,300000.0,300000.0,300000.0,300000.0,309278.3505154639,9278.350515463913,6400.0,800.0,0.0,0.0,25.56395018804695,RUNNING,1.0,False,
0.183,1.0,True,300000.0,300000.0,300000.0,300000.0,309278.3505154639,9278.350515463913,6400.0,800.0,0.0,0.0,25.564257586563503,RUNNING,1.0,False,
0.1831,1.0,True,300000.0,300000.0,300000.0,300000.0,309278.3505154639,9278.350515463913,6400.0,800.0,0.0,0.0,25.564564984055398,RUNNING,1.0,False,
0.1832,1.0,True,300000.0,300000.0,300000.0,300000.0,309278.3505154639,9278.350515463913,6400.0,800.0,0.0,0.0,25.564872380522633,RUNNING,1.0,False,
0.18330000000000002,1.0,True,300000.0,300000.0,300000.0,300000.0,309278.3505154639,9278.350515463913,6400.0,800.0,0.0,0.0,25.565179775965213,RUNNING,1.0,False,
0.1834,1.0,True,300000.0,300000.0,300000.0,300000.0,309278.3505154639,9278.350515463913,6400.0,800.0,0.0,0.0,25.565487170383143,RUNNING,1.0,False,
0.1835,1.0,True,300000.0,300000.0,300000.0,300000.0,309278.3505154639,9278.350515463913,6400.0,800.0,0.0,0.0,25.565794563776425,RUNNING,1.0,False,
0.1836,1.0,True,300000.0,300000.0,300000.0,300000.0,309278.3505154639,9278.350515463913,6400.0,800.0,0.0,0.0,25.56610195614506,RUNNING,1.0,False,
0.1837,1.0,True,300000.0,300000.0,300000.0,300000.0,309278.3505154639,9278.350515463913,6400.0,800.0,0.0,0.0,25.566409347489056,RUNNING,1.0,False,
0.18380000000000002,1.0,True,300000.0,300000.0,300000.0,300000.0,309278.3505154639,9278.350515463913,6400.0,800.0,0.0,0.0,25.566716737808413,RUNNING,1.0,False,
0.1839,1.0,True,300000.0,300000.0,300000.0,300000.0,309278.3505154639,9278.350515463913,6400.0,800.0,0.0,0.0,25.567024127103135,RUNNING,1.0,False,
0.184,1.0,True,300000.0,300000.0,300000.0,300000.0,309278.3505154639,9278.350515463913,6400.0,800.0,0.0,0.0,25.567331515373226,RUNNING,1.0,False,
0.1841,1.0,True,300000.0,300000.0,300000.0,300000.0,309278.3505154639,9278.350515463913,6400.0,800.0,0.0,0.0,25.56763890261869,RUNNING,1.0,False,
0.1842,1.0,True,300000.0,300000.0,300000.0,300000.0,309278.3505154639,9278.350515463913,6400.0,800.0,0.0,0.0,25.56794628883953,RUNNING,1.0,False,
0.18430000000000002,1.0,True,300000.0,300000.0,300000.0,300000.0,309278.3505154639,9278.350515463913,6400.0,800.0,0.0,0.0,25.56825367403575,RUNNING,1.0,False,
0.1844,1.0,True,300000.0,300000.0,300000.0,300000.0,309278.3505154639,9278.350515463913,6400.0,800.0,0.0,0.0,25.56856105820735,RUNNING,1.0,False,
0.1845,1.0,True,300000.0,300000.0,300000.0,300000.0,309278.3505154639,9278.350515463913,6400.0,800.0,0.0,0.0,25.56886844135434,RUNNING,1.0,False,
0.18460000000000001,1.0,True,300000.0,300000.0,300000.0,300000.0,309278.3505154639,9278.350515463913,6400.0,800.0,0.0,0.0,25.56917582347672,RUNNING,1.0,False,
0.1847,1.0,True,300000.0,300000.0,300000.0,300000.0,309278.3505154639,9278.350515463913,6400.0,800.0,0.0,0.0,25.56948320457449,RUNNING,1.0,False,
0.18480000000000002,1.0,True,300000.0,300000.0,300000.0,300000.0,309278.3505154639,9278.350515463913,6400.0,800.0,0.0,0.0,25.569790584647656,RUNNING,1.0,False,
0.1849,1.0,True,300000.0,300000.0,300000.0,300000.0,309278.3505154639,9278.350515463913,6400.0,800.0,0.0,0.0,25.570097963696224,RUNNING,1.0,False,
0.185,1.0,True,300000.0,300000.0,300000.0,300000.0,309278.3505154639,9278.350515463913,6400.0,800.0,0.0,0.0,25.570405341720193,RUNNING,1.0,False,
0.18510000000000001,1.0,True,300000.0,300000.0,300000.0,300000.0,309278.3505154639,9278.350515463913,6400.0,800.0,0.0,0.0,25.57071271871957,RUNNING,1.0,False,
0.1852,1.0,True,300000.0,300000.0,300000.0,300000.0,309278.3505154639,9278.350515463913,6400.0,800.0,0.0,0.0,25.571020094694354,RUNNING,1.0,False,
0.18530000000000002,1.0,True,300000.0,300000.0,300000.0,300000.0,309278.3505154639,9278.350515463913,6400.0,800.0,0.0,0.0,25.571327469644554,RUNNING,1.0,False,
0.1854,1.0,True,300000.0,300000.0,300000.0,300000.0,309278.3505154639,9278.350515463913,6400.0,800.0,0.0,0.0,25.57163484357017,RUNNING,1.0,False,
0.1855,1.0,True,300000.0,300000.0,300000.0,300000.0,309278.3505154639,9278.350515463913,6400.0,800.0,0.0,0.0,25.571942216471207,RUNNING,1.0,False,
0.18560000000000001,1.0,True,300000.0,300000.0,300000.0,300000.0,309278.3505154639,9278.350515463913,6400.0,800.0,0.0,0.0,25.572249588347667,RUNNING,1.0,False,
0.1857,1.0,True,300000.0,300000.0,300000.0,300000.0,309278.3505154639,9278.350515463913,6400.0,800.0,0.0,0.0,25.572556959199556,RUNNING,1.0,False,
0.18580000000000002,1.0,True,300000.0,300000.0,300000.0,300000.0,309278.3505154639,9278.350515463913,6400.0,800.0,0.0,0.0,25.572864329026874,RUNNING,1.0,False,
0.1859,1.0,True,300000.0,300000.0,300000.0,300000.0,309278.3505154639,9278.350515463913,6400.0,800.0,0.0,0.0,25.573171697829626,RUNNING,1.0,False,
0.186,1.0,True,300000.0,300000.0,300000.0,300000.0,309278.3505154639,9278.350515463913,6400.0,800.0,0.0,0.0,25.573479065607813,RUNNING,1.0,False,
0.18610000000000002,1.0,True,300000.0,300000.0,300000.0,300000.0,309278.3505154639,9278.350515463913,6400.0,800.0,0.0,0.0,25.573786432361445,RUNNING,1.0,False,
0.1862,1.0,True,300000.0,300000.0,300000.0,300000.0,309278.3505154639,9278.350515463913,6400.0,800.0,0.0,0.0,25.57409379809052,RUNNING,1.0,False,
0.18630000000000002,1.0,True,300000.0,300000.0,300000.0,300000.0,309278.3505154639,9278.350515463913,6400.0,800.0,0.0,0.0,25.57440116279504,RUNNING,1.0,False,
0.1864,1.0,True,300000.0,300000.0,300000.0,300000.0,309278.3505154639,9278.350515463913,6400.0,800.0,0.0,0.0,25.574708526475014,RUNNING,1.0,False,
0.1865,1.0,True,300000.0,300000.0,300000.0,300000.0,309278.3505154639,9278.350515463913,6400.0,800.0,0.0,0.0,25.57501588913044,RUNNING,1.0,False,
0.18660000000000002,1.0,True,300000.0,300000.0,300000.0,300000.0,309278.3505154639,9278.350515463913,6400.0,800.0,0.0,0.0,25.575323250761326,RUNNING,1.0,False,
0.1867,1.0,True,300000.0,300000.0,300000.0,300000.0,309278.3505154639,9278.350515463913,6400.0,800.0,0.0,0.0,25.57563061136767,RUNNING,1.0,False,
0.18680000000000002,1.0,True,300000.0,300000.0,300000.0,300000.0,309278.3505154639,9278.350515463913,6400.0,800.0,0.0,0.0,25.575937970949482,RUNNING,1.0,False,
0.1869,1.0,True,300000.0,300000.0,300000.0,300000.0,309278.3505154639,9278.350515463913,6400.0,800.0,0.0,0.0,25.57624532950676,RUNNING,1.0,False,
0.187,1.0,True,300000.0,300000.0,300000.0,300000.0,309278.3505154639,9278.350515463913,6400.0,800.0,0.0,0.0,25.576552687039513,RUNNING,1.0,False,
0.18710000000000002,1.0,True,300000.0,300000.0,300000.0,300000.0,309278.3505154639,9278.350515463913,6400.0,800.0,0.0,0.0,25.57686004354774,RUNNING,1.0,False,
0.1872,1.0,True,300000.0,300000.0,300000.0,300000.0,309278.3505154639,9278.350515463913,6400.0,800.0,0.0,0.0,25.577167399031442,RUNNING,1.0,False,
0.18730000000000002,1.0,True,300000.0,300000.0,300000.0,300000.0,309278.3505154639,9278.350515463913,6400.0,800.0,0.0,0.0,25.577474753490627,RUNNING,1.0,False,
0.1874,1.0,True,300000.0,300000.0,300000.0,300000.0,309278.3505154639,9278.350515463913,6400.0,800.0,0.0,0.0,25.577782106925298,RUNNING,1.0,False,
0.1875,1.0,True,300000.0,300000.0,300000.0,300000.0,309278.3505154639,9278.350515463913,6400.0,800.0,0.0,0.0,25.578089459335455,RUNNING,1.0,False,
0.18760000000000002,1.0,True,300000.0,300000.0,300000.0,300000.0,309278.3505154639,9278.350515463913,6400.0,800.0,0.0,0.0,25.578396810721106,RUNNING,1.0,False,
0.1877,1.0,True,300000.0,300000.0,300000.0,300000.0,309278.3505154639,9278.350515463913,6400.0,800.0,0.0,0.0,25.578704161082253,RUNNING,1.0,False,
0.18780000000000002,1.0,True,300000.0,300000.0,300000.0,300000.0,309278.3505154639,9278.350515463913,6400.0,800.0,0.0,0.0,25.579011510418898,RUNNING,1.0,False,
0.1879,1.0,True,300000.0,300000.0,300000.0,300000.0,309278.3505154639,9278.350515463913,6400.0,800.0,0.0,0.0,25.579318858731046,RUNNING,1.0,False,
0.188,1.0,True,300000.0,300000.0,300000.0,300000.0,309278.3505154639,9278.350515463913,6400.0,800.0,0.0,0.0,25.5796262060187,RUNNING,1.0,False,
0.18810000000000002,1.0,True,300000.0,300000.0,300000.0,300000.0,309278.3505154639,9278.350515463913,6400.0,800.0,0.0,0.0,25.57993355228186,RUNNING,1.0,False,
0.1882,1.0,True,300000.0,300000.0,300000.0,300000.0,309278.3505154639,9278.350515463913,6400.0,800.0,0.0,0.0,25.580240897520536,RUNNING,1.0,False,
0.1883,1.0,True,300000.0,300000.0,300000.0,300000.0,309278.3505154639,9278.350515463913,6400.0,800.0,0.0,0.0,25.580548241734725,RUNNING,1.0,False,
0.1884,1.0,True,300000.0,300000.0,300000.0,300000.0,309278.3505154639,9278.350515463913,6400.0,800.0,0.0,0.0,25.580855584924436,RUNNING,1.0,False,
0.1885,1.0,True,300000.0,300000.0,300000.0,300000.0,309278.3505154639,9278.350515463913,6400.0,800.0,0.0,0.0,25.581162927089668,RUNNING,1.0,False,
0.18860000000000002,1.0,True,300000.0,300000.0,300000.0,300000.0,309278.3505154639,9278.350515463913,6400.0,800.0,0.0,0.0,25.581470268230426,RUNNING,1.0,False,
0.1887,1.0,True,300000.0,300000.0,300000.0,300000.0,309278.3505154639,9278.350515463913,6400.0,800.0,0.0,0.0,25.581777608346712,RUNNING,1.0,False,
0.1888,1.0,True,300000.0,300000.0,300000.0,300000.0,309278.3505154639,9278.350515463913,6400.0,800.0,0.0,0.0,25.582084947438535,RUNNING,1.0,False,
0.1889,1.0,True,300000.0,300000.0,300000.0,300000.0,309278.3505154639,9278.350515463913,6400.0,800.0,0.0,0.0,25.582392285505893,RUNNING,1.0,False,
0.189,1.0,True,300000.0,300000.0,300000.0,300000.0,309278.3505154639,9278.350515463913,6400.0,800.0,0.0,0.0,25.58269962254879,RUNNING,1.0,False,
0.18910000000000002,1.0,True,300000.0,300000.0,300000.0,300000.0,309278.3505154639,9278.350515463913,6400.0,800.0,0.0,0.0,25.583006958567232,RUNNING,1.0,False,
0.1892,1.0,True,300000.0,300000.0,300000.0,300000.0,309278.3505154639,9278.350515463913,6400.0,800.0,0.0,0.0,25.58331429356122,RUNNING,1.0,False,
0.1893,1.0,True,300000.0,300000.0,300000.0,300000.0,309278.3505154639,9278.350515463913,6400.0,800.0,0.0,0.0,25.583621627530757,RUNNING,1.0,False,
0.1894,1.0,True,300000.0,300000.0,300000.0,300000.0,309278.3505154639,9278.350515463913,6400.0,800.0,0.0,0.0,25.58392896047585,RUNNING,1.0,False,
0.1895,1.0,True,300000.0,300000.0,300000.0,300000.0,309278.3505154639,9278.350515463913,6400.0,800.0,0.0,0.0,25.584236292396497,RUNNING,1.0,False,
0.18960000000000002,1.0,True,300000.0,300000.0,300000.0,300000.0,309278.3505154639,9278.350515463913,6400.0,800.0,0.0,0.0,25.584543623292703,RUNNING,1.0,False,
0.1897,1.0,True,300000.0,300000.0,300000.0,300000.0,309278.3505154639,9278.350515463913,6400.0,800.0,0.0,0.0,25.584850953164473,RUNNING,1.0,False,
0.1898,1.0,True,300000.0,300000.0,300000.0,300000.0,309278.3505154639,9278.350515463913,6400.0,800.0,0.0,0.0,25.58515828201181,RUNNING,1.0,False,
0.1899,1.0,True,300000.0,300000.0,300000.0,300000.0,309278.3505154639,9278.350515463913,6400.0,800.0,0.0,0.0,25.58546560983472,RUNNING,1.0,False,
0.19,1.0,True,300000.0,300000.0,300000.0,300000.0,309278.3505154639,9278.350515463913,6400.0,800.0,0.0,0.0,25.5857729366332,RUNNING,1.0,False,
0.19010000000000002,1.0,True,300000.0,300000.0,300000.0,300000.0,309278.3505154639,9278.350515463913,6400.0,800.0,0.0,0.0,25.58608026240726,RUNNING,1.0,False,
0.1902,1.0,True,300000.0,300000.0,300000.0,300000.0,309278.3505154639,9278.350515463913,6400.0,800.0,0.0,0.0,25.586387587156903,RUNNING,1.0,False,
0.1903,1.0,True,300000.0,300000.0,300000.0,300000.0,309278.3505154639,9278.350515463913,6400.0,800.0,0.0,0.0,25.586694910882127,RUNNING,1.0,False,
0.1904,1.0,True,300000.0,300000.0,300000.0,300000.0,309278.3505154639,9278.350515463913,6400.0,800.0,0.0,0.0,25.58700223358294,RUNNING,1.0,False,
0.1905,1.0,True,300000.0,300000.0,300000.0,300000.0,309278.3505154639,9278.350515463913,6400.0,800.0,0.0,0.0,25.587309555259342,RUNNING,1.0,False,
0.19060000000000002,1.0,True,300000.0,300000.0,300000.0,300000.0,309278.3505154639,9278.350515463913,6400.0,800.0,0.0,0.0,25.58761687591134,RUNNING,1.0,False,
0.1907,1.0,True,300000.0,300000.0,300000.0,300000.0,309278.3505154639,9278.350515463913,6400.0,800.0,0.0,0.0,25.587924195538935,RUNNING,1.0,False,
0.1908,1.0,True,300000.0,300000.0,300000.0,300000.0,309278.3505154639,9278.350515463913,6400.0,800.0,0.0,0.0,25.588231514142134,RUNNING,1.0,False,
0.19090000000000001,1.0,True,300000.0,300000.0,300000.0,300000.0,309278.3505154639,9278.350515463913,6400.0,800.0,0.0,0.0,25.588538831720935,RUNNING,1.0,False,
0.191,1.0,True,300000.0,300000.0,300000.0,300000.0,309278.3505154639,9278.350515463913,6400.0,800.0,0.0,0.0,25.588846148275344,RUNNING,1.0,False,
0.19110000000000002,1.0,True,300000.0,300000.0,300000.0,300000.0,309278.3505154639,9278.350515463913,6400.0,800.0,0.0,0.0,25.589153463805367,RUNNING,1.0,False,
0.1912,1.0,True,300000.0,300000.0,300000.0,300000.0,309278.3505154639,9278.350515463913,6400.0,800.0,0.0,0.0,25.589460778311004,RUNNING,1.0,False,
0.1913,1.0,True,300000.0,300000.0,300000.0,300000.0,309278.3505154639,9278.350515463913,6400.0,800.0,0.0,0.0,25.58976809179226,RUNNING,1.0,False,
0.19140000000000001,1.0,True,300000.0,300000.0,300000.0,300000.0,309278.3505154639,9278.350515463913,6400.0,800.0,0.0,0.0,25.590075404249134,RUNNING,1.0,False,
0.1915,1.0,True,300000.0,300000.0,300000.0,300000.0,309278.3505154639,9278.350515463913,6400.0,800.0,0.0,0.0,25.590382715681635,RUNNING,1.0,False,
0.19160000000000002,1.0,True,300000.0,300000.0,300000.0,300000.0,309278.3505154639,9278.350515463913,6400.0,800.0,0.0,0.0,25.590690026089764,RUNNING,1.0,False,
0.1917,1.0,True,300000.0,300000.0,300000.0,300000.0,309278.3505154639,9278.350515463913,6400.0,800.0,0.0,0.0,25.590997335473524,RUNNING,1.0,False,
0.1918,1.0,True,300000.0,300000.0,300000.0,300000.0,309278.3505154639,9278.350515463913,6400.0,800.0,0.0,0.0,25.59130464383292,RUNNING,1.0,False,
0.19190000000000002,1.0,True,300000.0,300000.0,300000.0,300000.0,309278.3505154639,9278.350515463913,6400.0,800.0,0.0,0.0,25.591611951167955,RUNNING,1.0,False,
0.192,1.0,True,300000.0,300000.0,300000.0,300000.0,309278.3505154639,9278.350515463913,6400.0,800.0,0.0,0.0,25.591919257478633,RUNNING,1.0,False,
0.19210000000000002,1.0,True,300000.0,300000.0,300000.0,300000.0,309278.3505154639,9278.350515463913,6400.0,800.0,0.0,0.0,25.592226562764957,RUNNING,1.0,False,
0.1922,1.0,True,300000.0,300000.0,300000.0,300000.0,309278.3505154639,9278.350515463913,6400.0,800.0,0.0,0.0,25.59253386702693,RUNNING,1.0,False,
0.1923,1.0,True,300000.0,300000.0,300000.0,300000.0,309278.3505154639,9278.350515463913,6400.0,800.0,0.0,0.0,25.592841170264556,RUNNING,1.0,False,
0.19240000000000002,1.0,True,300000.0,300000.0,300000.0,300000.0,309278.3505154639,9278.350515463913,6400.0,800.0,0.0,0.0,25.593148472477836,RUNNING,1.0,False,
0.1925,1.0,True,300000.0,300000.0,300000.0,300000.0,309278.3505154639,9278.350515463913,6400.0,800.0,0.0,0.0,25.593455773666776,RUNNING,1.0,False,
0.19260000000000002,1.0,True,300000.0,300000.0,300000.0,300000.0,309278.3505154639,9278.350515463913,6400.0,800.0,0.0,0.0,25.59376307383138,RUNNING,1.0,False,
0.1927,1.0,True,300000.0,300000.0,300000.0,300000.0,309278.3505154639,9278.350515463913,6400.0,800.0,0.0,0.0,25.59407037297165,RUNNING,1.0,False,
0.1928,1.0,True,300000.0,300000.0,300000.0,300000.0,309278.3505154639,9278.350515463913,6400.0,800.0,0.0,0.0,25.59437767108759,RUNNING,1.0,False,
0.19290000000000002,1.0,True,300000.0,300000.0,300000.0,300000.0,309278.3505154639,9278.350515463913,6400.0,800.0,0.0,0.0,25.5946849681792,RUNNING,1.0,False,
0.193,1.0,True,300000.0,300000.0,300000.0,300000.0,309278.3505154639,9278.350515463913,6400.0,800.0,0.0,0.0,25.59499226424649,RUNNING,1.0,False,
0.19310000000000002,1.0,True,300000.0,300000.0,300000.0,300000.0,309278.3505154639,9278.350515463913,6400.0,800.0,0.0,0.0,25.595299559289458,RUNNING,1.0,False,
0.1932,1.0,True,300000.0,300000.0,300000.0,300000.0,309278.3505154639,9278.350515463913,6400.0,800.0,0.0,0.0,25.59560685330811,RUNNING,1.0,False,
0.1933,1.0,True,300000.0,300000.0,300000.0,300000.0,309278.3505154639,9278.350515463913,6400.0,800.0,0.0,0.0,25.595914146302448,RUNNING,1.0,False,
0.19340000000000002,1.0,True,300000.0,300000.0,300000.0,300000.0,309278.3505154639,9278.350515463913,6400.0,800.0,0.0,0.0,25.596221438272476,RUNNING,1.0,False,
0.1935,1.0,True,300000.0,300000.0,300000.0,300000.0,309278.3505154639,9278.350515463913,6400.0,800.0,0.0,0.0,25.596528729218196,RUNNING,1.0,False,
0.19360000000000002,1.0,True,300000.0,300000.0,300000.0,300000.0,309278.3505154639,9278.350515463913,6400.0,800.0,0.0,0.0,25.596836019139616,RUNNING,1.0,False,
0.1937,1.0,True,300000.0,300000.0,300000.0,300000.0,309278.3505154639,9278.350515463913,6400.0,800.0,0.0,0.0,25.597143308036735,RUNNING,1.0,False,
0.1938,1.0,True,300000.0,300000.0,300000.0,300000.0,309278.3505154639,9278.350515463913,6400.0,800.0,0.0,0.0,25.597450595909557,RUNNING,1.0,False,
0.19390000000000002,1.0,True,300000.0,300000.0,300000.0,300000.0,309278.3505154639,9278.350515463913,6400.0,800.0,0.0,0.0,25.597757882758085,RUNNING,1.0,False,
0.194,1.0,True,300000.0,300000.0,300000.0,300000.0,309278.3505154639,9278.350515463913,6400.0,800.0,0.0,0.0,25.598065168582323,RUNNING,1.0,False,
0.19410000000000002,1.0,True,300000.0,300000.0,300000.0,300000.0,309278.3505154639,9278.350515463913,6400.0,800.0,0.0,0.0,25.598372453382275,RUNNING,1.0,False,
0.1942,1.0,True,300000.0,300000.0,300000.0,300000.0,309278.3505154639,9278.350515463913,6400.0,800.0,0.0,0.0,25.598679737157948,RUNNING,1.0,False,
0.1943,1.0,True,300000.0,300000.0,300000.0,300000.0,309278.3505154639,9278.350515463913,6400.0,800.0,0.0,0.0,25.59898701990934,RUNNING,1.0,False,
0.19440000000000002,1.0,True,300000.0,300000.0,300000.0,300000.0,309278.3505154639,9278.350515463913,6400.0,800.0,0.0,0.0,25.59929430163646,RUNNING,1.0,False,
0.1945,1.0,True,300000.0,300000.0,300000.0,300000.0,309278.3505154639,9278.350515463913,6400.0,800.0,0.0,0.0,25.5996015823393,RUNNING,1.0,False,
0.19460000000000002,1.0,True,300000.0,300000.0,300000.0,300000.0,309278.3505154639,9278.350515463913,6400.0,800.0,0.0,0.0,25.599908862017873,RUNNING,1.0,False,
0.1947,1.0,True,300000.0,300000.0,300000.0,300000.0,309278.3505154639,9278.350515463913,6400.0,800.0,0.0,0.0,25.60021614067218,RUNNING,1.0,False,
0.1948,1.0,True,300000.0,300000.0,300000.0,300000.0,309278.3505154639,9278.350515463913,6400.0,800.0,0.0,0.0,25.600523418302227,RUNNING,1.0,False,
0.19490000000000002,1.0,True,300000.0,300000.0,300000.0,300000.0,309278.3505154639,9278.350515463913,6400.0,800.0,0.0,0.0,25.600830694908016,RUNNING,1.0,False,
0.195,1.0,True,300000.0,300000.0,300000.0,300000.0,309278.3505154639,9278.350515463913,6400.0,800.0,0.0,0.0,25.60113797048955,RUNNING,1.0,False,
0.1951,1.0,True,300000.0,300000.0,300000.0,300000.0,309278.3505154639,9278.350515463913,6400.0,800.0,0.0,0.0,25.60144524504683,RUNNING,1.0,False,
0.1952,1.0,True,300000.0,300000.0,300000.0,300000.0,309278.3505154639,9278.350515463913,6400.0,800.0,0.0,0.0,25.60175251857986,RUNNING,1.0,False,
0.1953,1.0,True,300000.0,300000.0,300000.0,300000.0,309278.3505154639,9278.350515463913,6400.0,800.0,0.0,0.0,25.60205979108865,RUNNING,1.0,False,
0.19540000000000002,1.0,True,300000.0,300000.0,300000.0,300000.0,309278.3505154639,9278.350515463913,6400.0,800.0,0.0,0.0,25.602367062573194,RUNNING,1.0,False,
0.1955,1.0,True,300000.0,300000.0,300000.0,300000.0,309278.3505154639,9278.350515463913,6400.0,800.0,0.0,0.0,25.6026743330335,RUNNING,1.0,False,
0.1956,1.0,True,300000.0,300000.0,300000.0,300000.0,309278.3505154639,9278.350515463913,6400.0,800.0,0.0,0.0,25.602981602469573,RUNNING,1.0,False,
0.1957,1.0,True,300000.0,300000.0,300000.0,300000.0,309278.3505154639,9278.350515463913,6400.0,800.0,0.0,0.0,25.603288870881414,RUNNING,1.0,False,
0.1958,1.0,True,300000.0,300000.0,300000.0,300000.0,309278.3505154639,9278.350515463913,6400.0,800.0,0.0,0.0,25.603596138269026,RUNNING,1.0,False,
0.19590000000000002,1.0,True,300000.0,300000.0,300000.0,300000.0,309278.3505154639,9278.350515463913,6400.0,800.0,0.0,0.0,25.603903404632415,RUNNING,1.0,False,
0.196,1.0,True,300000.0,300000.0,300000.0,300000.0,309278.3505154639,9278.350515463913,6400.0,800.0,0.0,0.0,25.604210669971582,RUNNING,1.0,False,
0.1961,1.0,True,300000.0,300000.0,300000.0,300000.0,309278.3505154639,9278.350515463913,6400.0,800.0,0.0,0.0,25.60451793428653,RUNNING,1.0,False,
0.1962,1.0,True,300000.0,300000.0,300000.0,300000.0,309278.3505154639,9278.350515463913,6400.0,800.0,0.0,0.0,25.604825197577266,RUNNING,1.0,False,
0.1963,1.0,True,300000.0,300000.0,300000.0,300000.0,309278.3505154639,9278.350515463913,6400.0,800.0,0.0,0.0,25.60513245984379,RUNNING,1.0,False,
0.19640000000000002,1.0,True,300000.0,300000.0,300000.0,300000.0,309278.3505154639,9278.350515463913,6400.0,800.0,0.0,0.0,25.605439721086107,RUNNING,1.0,False,
0.1965,1.0,True,300000.0,300000.0,300000.0,300000.0,309278.3505154639,9278.350515463913,6400.0,800.0,0.0,0.0,25.60574698130422,RUNNING,1.0,False,
0.1966,1.0,True,300000.0,300000.0,300000.0,300000.0,309278.3505154639,9278.350515463913,6400.0,800.0,0.0,0.0,25.60605424049813,RUNNING,1.0,False,
0.1967,1.0,True,300000.0,300000.0,300000.0,300000.0,309278.3505154639,9278.350515463913,6400.0,800.0,0.0,0.0,25.60636149866784,RUNNING,1.0,False,
0.1968,1.0,True,300000.0,300000.0,300000.0,300000.0,309278.3505154639,9278.350515463913,6400.0,800.0,0.0,0.0,25.60666875581336,RUNNING,1.0,False,
0.19690000000000002,1.0,True,300000.0,300000.0,300000.0,300000.0,309278.3505154639,9278.350515463913,6400.0,800.0,0.0,0.0,25.606976011934687,RUNNING,1.0,False,
0.197,1.0,True,300000.0,300000.0,300000.0,300000.0,309278.3505154639,9278.350515463913,6400.0,800.0,0.0,0.0,25.60728326703183,RUNNING,1.0,False,
0.1971,1.0,True,300000.0,300000.0,300000.0,300000.0,309278.3505154639,9278.350515463913,6400.0,800.0,0.0,0.0,25.607590521104786,RUNNING,1.0,False,
0.19720000000000001,1.0,True,300000.0,300000.0,300000.0,300000.0,309278.3505154639,9278.350515463913,6400.0,800.0,0.0,0.0,25.607897774153564,RUNNING,1.0,False,
0.1973,1.0,True,300000.0,300000.0,300000.0,300000.0,309278.3505154639,9278.350515463913,6400.0,800.0,0.0,0.0,25.608205026178165,RUNNING,1.0,False,
0.19740000000000002,1.0,True,300000.0,300000.0,300000.0,300000.0,309278.3505154639,9278.350515463913,6400.0,800.0,0.0,0.0,25.608512277178594,RUNNING,1.0,False,
0.1975,1.0,True,300000.0,300000.0,300000.0,300000.0,309278.3505154639,9278.350515463913,6400.0,800.0,0.0,0.0,25.608819527154854,RUNNING,1.0,False,
0.1976,1.0,True,300000.0,300000.0,300000.0,300000.0,309278.3505154639,9278.350515463913,6400.0,800.0,0.0,0.0,25.609126776106944,RUNNING,1.0,False,
0.19770000000000001,1.0,True,300000.0,300000.0,300000.0,300000.0,309278.3505154639,9278.350515463913,6400.0,800.0,0.0,0.0,25.609434024034872,RUNNING,1.0,False,
0.1978,1.0,True,300000.0,300000.0,300000.0,300000.0,309278.3505154639,9278.350515463913,6400.0,800.0,0.0,0.0,25.609741270938642,RUNNING,1.0,False,
0.19790000000000002,1.0,True,300000.0,300000.0,300000.0,300000.0,309278.3505154639,9278.350515463913,6400.0,800.0,0.0,0.0,25.610048516818253,RUNNING,1.0,False,
0.198,1.0,True,300000.0,300000.0,300000.0,300000.0,309278.3505154639,9278.350515463913,6400.0,800.0,0.0,0.0,25.610355761673713,RUNNING,1.0,False,
0.1981,1.0,True,300000.0,300000.0,300000.0,300000.0,309278.3505154639,9278.350515463913,6400.0,800.0,0.0,0.0,25.61066300550502,RUNNING,1.0,False,
0.19820000000000002,1.0,True,300000.0,300000.0,300000.0,300000.0,309278.3505154639,9278.350515463913,6400.0,800.0,0.0,0.0,25.610970248312185,RUNNING,1.0,False,
0.1983,1.0,True,300000.0,300000.0,300000.0,300000.0,309278.3505154639,9278.350515463913,6400.0,800.0,0.0,0.0,25.611277490095205,RUNNING,1.0,False,
0.19840000000000002,1.0,True,300000.0,300000.0,300000.0,300000.0,309278.3505154639,9278.350515463913,6400.0,800.0,0.0,0.0,25.611584730854087,RUNNING,1.0,False,
0.1985,1.0,True,300000.0,300000.0,300000.0,300000.0,309278.3505154639,9278.350515463913,6400.0,800.0,0.0,0.0,25.611891970588832,RUNNING,1.0,False,
0.1986,1.0,True,300000.0,300000.0,300000.0,300000.0,309278.3505154639,9278.350515463913,6400.0,800.0,0.0,0.0,25.612199209299447,RUNNING,1.0,False,
0.19870000000000002,1.0,True,300000.0,300000.0,300000.0,300000.0,309278.3505154639,9278.350515463913,6400.0,800.0,0.0,0.0,25.612506446985932,RUNNING,1.0,False,
0.1988,1.0,True,300000.0,300000.0,300000.0,300000.0,309278.3505154639,9278.350515463913,6400.0,800.0,0.0,0.0,25.61281368364829,RUNNING,1.0,False,
0.19890000000000002,1.0,True,300000.0,300000.0,300000.0,300000.0,309278.3505154639,9278.350515463913,6400.0,800.0,0.0,0.0,25.613120919286526,RUNNING,1.0,False,
0.199,1.0,True,300000.0,300000.0,300000.0,300000.0,309278.3505154639,9278.350515463913,6400.0,800.0,0.0,0.0,25.613428153900646,RUNNING,1.0,False,
0.1991,1.0,True,300000.0,300000.0,300000.0,300000.0,309278.3505154639,9278.350515463913,6400.0,800.0,0.0,0.0,25.61373538749065,RUNNING,1.0,False,
0.19920000000000002,1.0,True,300000.0,300000.0,300000.0,300000.0,309278.3505154639,9278.350515463913,6400.0,800.0,0.0,0.0,25.61404262005654,RUNNING,1.0,False,
0.1993,1.0,True,300000.0,300000.0,300000.0,300000.0,309278.3505154639,9278.350515463913,6400.0,800.0,0.0,0.0,25.614349851598323,RUNNING,1.0,False,
0.19940000000000002,1.0,True,300000.0,300000.0,300000.0,300000.0,309278.3505154639,9278.350515463913,6400.0,800.0,0.0,0.0,25.614657082116,RUNNING,1.0,False,
0.1995,1.0,True,300000.0,300000.0,300000.0,300000.0,309278.3505154639,9278.350515463913,6400.0,800.0,0.0,0.0,25.614964311609576,RUNNING,1.0,False,
0.1996,1.0,True,300000.0,300000.0,300000.0,300000.0,309278.3505154639,9278.350515463913,6400.0,800.0,0.0,0.0,25.615271540079053,RUNNING,1.0,False,
0.19970000000000002,1.0,True,300000.0,300000.0,300000.0,300000.0,309278.3505154639,9278.350515463913,6400.0,800.0,0.0,0.0,25.615578767524436,RUNNING,1.0,False,
0.1998,1.0,True,300000.0,300000.0,300000.0,300000.0,309278.3505154639,9278.350515463913,6400.0,800.0,0.0,0.0,25.615885993945728,RUNNING,1.0,False,
0.19990000000000002,1.0,True,300000.0,300000.0,300000.0,300000.0,309278.3505154639,9278.350515463913,6400.0,800.0,0.0,0.0,25.61619321934293,RUNNING,1.0,False,
0.2,0.0,False,300000.0,300000.0,0.0,300000.0,309278.3505154639,9278.350515463913,6400.0,800.0,0.0,0.0,25.616500443716046,RUNNING,1.0,False,
0.2001,0.0,False,300000.0,300000.0,0.0,298500.0,307731.9587628866,9231.958762886585,6400.0,800.0,0.0,0.0,25.616807667065082,RUNNING,1.0,False,
0.20020000000000002,0.0,False,300000.0,300018.7515161229,0.0,297007.5,306193.2989690722,9185.798969072173,6399.85,799.9906249450677,0.009375054932320381,0.0,25.617113342998287,RUNNING,1.0,False,
0.2003,0.0,False,300000.0,300056.16144730354,0.0,295522.4625,304662.33247422683,9139.869974226807,6399.55075,799.9719213822445,0.028078617755454616,0.0,25.61741747925278,RUNNING,1.0,False,
0.20040000000000002,0.0,False,300000.0,300112.13780751766,0.0,294044.8501875,303139.0208118557,9094.17062435567,6399.102996250001,799.9439353010936,0.05606469890642529,0.0,25.61772008352699,RUNNING,1.0,False,
0.2005,0.0,False,300000.0,300186.5897128662,0.0,292574.6259365625,301623.3257077964,9048.699771233893,6398.507481268751,799.9067121401564,0.09328785984359911,0.0,25.618021163480858,RUNNING,1.0,False,
0.2006,0.0,False,300000.0,300279.4273689126,0.0,291111.7528068797,300115.20907925745,9003.456272377749,6397.764943862407,799.8602967932842,0.13970320671580794,0.0,25.61832072673602,RUNNING,1.0,False,
0.20070000000000002,0.0,False,300000.0,300390.5620582718,0.0,289656.1940428453,298614.6330338611,8958.438991015835,6396.876119143095,799.8047336158429,0.19526638415709385,0.0,25.61861878087601,RUNNING,1.0,False,
0.2008,0.0,False,300000.0,300519.9061284386,0.0,288207.91307263105,297121.55986869184,8913.646796060784,6395.8417385473795,799.7400664307984,0.25993356920162114,0.0,25.61891533344644,RUNNING,1.0,False,
0.20090000000000002,0.0,False,300000.0,300667.3729798564,0.0,286766.8735072679,295635.95206934836,8869.078562080453,6394.662529854642,799.6663385346817,0.33366146531830054,0.0,25.6192103919552,RUNNING,1.0,False,
0.201,0.0,False,300000.0,300832.877054219,0.0,285333.03913973155,294157.7723090016,8824.733169270039,6393.339217205369,799.5835927034377,0.4164072965622836,0.0,25.619503963872628,RUNNING,1.0,False,
0.2011,0.0,False,300000.0,301016.3338230015,0.0,283906.3739440329,292686.98344745656,8780.609503423679,6391.872521119342,799.4918711981594,0.5081288018405985,0.0,25.619796056631724,RUNNING,1.0,False,
0.20120000000000002,0.0,False,300000.0,301217.65977621346,0.0,282486.84207431274,291223.5485302193,8736.706455906562,6390.263158513746,799.3912157707105,0.6087842292895402,0.0,25.620086677628315,RUNNING,1.0,False,
0.2013,0.0,False,300000.0,301436.7724113743,0.0,281074.40786394116,289767.4307875682,8693.022923627053,6388.511842721177,799.2816676692377,0.7183323307623368,0.0,25.620375834221253,RUNNING,1.0,False,
0.20140000000000002,0.0,False,300000.0,301673.5902227024,0.0,279669.03582462145,288318.5936336304,8649.557809008926,6386.619283507572,799.1632676435755,0.8367323564244771,0.0,25.620663533732593,RUNNING,1.0,False,
0.2015,0.0,False,300000.0,301928.0326905163,0.0,278270.69064549834,286877.0006654622,8606.310019963887,6384.5861870900335,799.0360559505456,0.963944049454426,0.0,25.62094978344778,RUNNING,1.0,False,
0.2016,0.0,False,300000.0,302200.0202708422,0.0,276879.33719227085,285442.6156621349,8563.278469864046,6382.413256154583,798.900072359152,1.0999276408480227,0.0,25.621234590615835,RUNNING,1.0,False,
0.20170000000000002,0.0,False,300000.0,302489.47438522434,0.0,275494.9405063095,284015.40258382424,8520.462077514734,6380.10118987381,798.7553561556762,1.2446438443238321,0.0,25.621517962449527,RUNNING,1.0,False,
0.2018,0.0,False,300000.0,302796.31741073664,0.0,274117.465803778,282595.3255709051,8477.859767127142,6377.65068392444,798.6019461486705,1.3980538513294505,0.0,25.62179990612557,RUNNING,1.0,False,
0.2019,0.0,False,300000.0,303120.4726701864,0.0,272746.8784747591,281182.34894305066,8435.470468291547,6375.062430504818,798.4398806738562,1.560119326143763,0.0,25.622080428784788,RUNNING,1.0,False,
0.202,0.0,False,300000.0,303461.86442251276,0.0,271383.1440823853,279776.43719833536,8393.293115950073,6372.337118352294,798.2691975989237,1.7308024010762892,0.0,25.6223595375323,RUNNING,1.0,False,
0.2021,0.0,False,300000.0,303820.4178533723,0.0,270026.22836197336,278377.5550123437,8351.32665037032,6369.475432760532,798.0899343282392,1.9100656717607762,0.0,25.622637239437708,RUNNING,1.0,False,
0.20220000000000002,0.0,False,300000.0,304196.0590659079,0.0,268676.0972201635,276985.667237282,8309.570017118473,6366.47805559673,797.9021278074605,2.097872192539512,0.0,25.622913541535254,RUNNING,1.0,False,
0.2023,0.0,False,300000.0,304588.7150717021,0.0,267332.7167340627,275600.7389010956,8268.022167032876,6363.345665318746,797.7058145280594,2.2941854719406365,0.0,25.62318845082402,RUNNING,1.0,False,
0.2024,0.0,False,300000.0,304998.3137819051,0.0,265996.05315039237,274222.7352065901,8226.682056197722,6360.078936992152,797.5010305317576,2.4989694682424215,0.0,25.623461974268086,RUNNING,1.0,False,
0.2025,0.0,False,300000.0,305424.7839985404,0.0,264666.0728846404,272851.62153055717,8185.548645916744,6356.6785423071915,797.2878114148737,2.7121885851263414,0.0,25.623734118796712,RUNNING,1.0,False,
0.2026,0.0,False,300000.0,305868.05540598003,0.0,263342.7425202172,271487.36342290434,8144.620902687137,6353.145149595655,797.066192332585,2.9338076674149534,0.0,25.624004891304512,RUNNING,1.0,False,
0.20270000000000002,0.0,False,300000.0,306328.0585625894,0.0,262026.02880761612,270129.9266057898,8103.8977981736825,6349.479423847677,796.8362080031051,3.163791996894929,0.0,25.62427429865163,RUNNING,1.0,False,
0.2028,0.0,False,300000.0,306804.72489253915,0.0,260715.89866357803,268779.27697276085,8063.378309182823,6345.682026728438,796.597892711777,3.4021072882229646,0.0,25.62454234766391,RUNNING,1.0,False,
0.2029,0.0,False,300000.0,307297.9866777771,0.0,259412.31917026013,267435.38058789703,8023.061417636898,6341.753616594796,796.3512803150878,3.64871968491218,0.0,25.624809045133055,RUNNING,1.0,False,
0.203,0.0,False,300000.0,307807.7770501625,0.0,258115.25757440884,266098.2036849576,7982.946110548743,6337.694848511822,796.0964042446004,3.9035957553995786,0.0,25.625074397816825,RUNNING,1.0,False,
0.2031,0.0,False,300000.0,308334.0299837573,0.0,256824.6812865368,264767.7126665328,7943.031379995984,6333.506374269263,795.833297510808,4.166702489191948,0.0,25.625338412439184,RUNNING,1.0,False,
0.20320000000000002,0.0,False,300000.0,308876.6802872712,0.0,255540.5578801041,263443.8741032001,7903.316223095986,6329.188842397916,795.5619927069114,4.438007293088617,0.0,25.625601095690477,RUNNING,1.0,False,
0.2033,0.0,False,300000.0,309435.6635966602,0.0,254262.85509070358,262126.6547326841,7863.799641980528,6324.742898185927,795.2825220125189,4.717477987481061,0.0,25.625862454227594,RUNNING,1.0,False,
0.2034,0.0,False,300000.0,310010.91636787367,0.0,252991.54081525007,260816.0214590207,7824.480643770628,6320.169183694997,794.9949171972734,5.005082802726633,0.0,25.626122494674146,RUNNING,1.0,False,
0.20350000000000001,0.0,False,300000.0,310602.37586974876,0.0,251726.58311117382,259511.9413517256,7785.358240551781,6315.468337776521,794.6992096244038,5.300790375596193,0.0,25.626381223620623,RUNNING,1.0,False,
0.2036,0.0,False,300000.0,311209.98017705133,0.0,250467.95019561794,258214.38164496695,7746.431449349009,6310.640996087639,794.3954302542053,5.60456974579472,0.0,25.626638647624564,RUNNING,1.0,False,
0.20370000000000002,0.0,False,300000.0,311833.6681636575,0.0,249215.61044463987,256923.30973674214,7707.699292102276,6305.687791107201,794.0836096474477,5.916390352552298,0.0,25.626894773210715,RUNNING,1.0,False,
0.2038,0.0,False,300000.0,312473.37949587585,0.0,247969.53239241667,255638.69318805845,7669.160795641772,6300.609352151665,793.7637779687144,6.2362220312855925,0.0,25.627149606871207,RUNNING,1.0,False,
0.2039,0.0,False,300000.0,313129.0546259093,0.0,246729.68473045458,254360.49972211814,7630.814991663559,6295.406305390907,793.4359649896711,6.564035010328894,0.0,25.627403155065704,RUNNING,1.0,False,
0.20400000000000001,0.0,False,300000.0,313800.63478545065,0.0,245496.0363068023,253088.69722350754,7592.6609167052375,6290.079273863952,793.1002000922678,6.899799907732245,0.0,25.627655424221576,RUNNING,1.0,False,
0.2041,0.0,False,300000.0,314488.06197941455,0.0,244268.55612526828,251823.25373738998,7554.697612121701,6284.628877494632,792.7565122718723,7.243487728127661,0.0,25.627906420734053,RUNNING,1.0,False,
0.20420000000000002,0.0,False,300000.0,315191.2789798004,0.0,243047.21334464193,250564.13746870303,7516.924124061101,6279.0557331071595,792.4049301403393,7.595069859660725,0.0,25.628156150966387,RUNNING,1.0,False,
0.2043,0.0,False,300000.0,315910.22931968485,0.0,241831.97727791872,249311.31678135952,7479.339503440802,6273.360454441624,792.0454819290129,7.954518070987092,0.0,25.62840462125002,RUNNING,1.0,False,
0.2044,0.0,False,300000.0,316644.85728734295,0.0,240622.81739152913,248064.7601974527,7441.94280592358,6267.5436521694155,791.6781954916667,8.321804508333344,0.0,25.628651837884732,RUNNING,1.0,False,
0.20450000000000002,0.0,False,300000.0,317395.1079204967,0.0,239419.70330457148,246824.43639646546,7404.733091893984,6261.605933908569,791.3030983073786,8.696901692621395,0.0,25.628897807138802,RUNNING,1.0,False,
0.2046,0.0,False,300000.0,318160.9270006865,0.0,238222.60478804863,245590.31421448314,7367.709426434507,6255.547904239026,790.9202174833455,9.079782516654518,0.0,25.629142535249176,RUNNING,1.0,False,
0.20470000000000002,0.0,False,300000.0,318942.2610477661,0.0,237031.4917641084,244362.3626434107,7330.870879302325,6249.370164717831,790.5295797576351,9.470420242364867,0.0,25.629386028421607,RUNNING,1.0,False,
0.2048,0.0,False,300000.0,319739.0573145202,0.0,235846.33430528783,243140.55083019365,7294.216524905816,6243.073313894242,790.1312115018773,9.86878849812274,0.0,25.629628292830823,RUNNING,1.0,False,
0.2049,0.0,False,300000.0,320551.26378139906,0.0,234667.1026337614,241924.84807604266,7257.745442281273,6236.657947324771,789.7251387238962,10.27486127610382,0.0,25.629869334620675,RUNNING,1.0,False,
0.20500000000000002,0.0,False,300000.0,321378.82915137283,0.0,233493.7671205926,240715.22383566247,7221.456715069886,6230.124657588147,789.3113870702833,10.688612929716669,0.0,25.630109159904304,RUNNING,1.0,False,
0.2051,0.0,False,300000.0,322221.7028449023,0.0,232326.29828498964,239511.64771648418,7185.349431494542,6223.474034300206,788.8899818289117,11.110018171088313,0.0,25.630347774764275,RUNNING,1.0,False,
0.20520000000000002,0.0,False,300000.0,323079.8349950248,0.0,231164.66679356468,238314.08947790175,7149.422684337071,6216.706664128705,788.4609479313928,11.539052068607248,0.0,25.63058518525274,RUNNING,1.0,False,
0.2053,0.0,False,300000.0,323953.17644255207,0.0,230008.84345959686,237122.51903051222,7113.675570915366,6209.823130808061,788.0243099554773,11.975690044522707,0.0,25.630821397391603,RUNNING,1.0,False,
0.2054,0.0,False,300000.0,324841.6787313831,0.0,228858.79924229888,235936.90643535968,7078.107193060801,6202.824015154021,787.5800921273989,12.41990787260113,0.0,25.631056417172644,RUNNING,1.0,False,
0.20550000000000002,0.0,False,300000.0,325745.29410392506,0.0,227714.50524608738,234757.2219031829,7042.716657095501,6195.709895078251,787.1283183241632,12.87168167583684,0.0,25.63129025055769,RUNNING,1.0,False,
0.2056,0.0,False,300000.0,326663.97549662576,0.0,226575.93271985694,233583.43579366695,7007.503073810018,6188.48134560286,786.6690120757814,13.330987924218562,0.0,25.631522903478757,RUNNING,1.0,False,
0.20570000000000002,0.0,False,300000.0,327597.67653561337,0.0,225443.05305625766,232415.51861469864,6972.4655584409775,6181.138938874846,786.2021965674508,13.797803432549244,0.0,25.631754381838206,RUNNING,1.0,False,
0.2058,0.0,False,300000.0,328546.3515324435,0.0,224315.83779097637,231253.44102162513,6937.603230648761,6173.683244180472,785.7278946416801,14.272105358319891,0.0,25.631984691508883,RUNNING,1.0,False,
0.2059,0.0,False,300000.0,329509.95547995315,0.0,223194.2586020215,230097.17381651702,6902.91521449553,6166.114827959569,785.2461288003634,14.753871199636592,0.0,25.632213838334266,RUNNING,1.0,False,
0.20600000000000002,0.0,False,300000.0,330488.4440482171,0.0,222078.2873090114,228946.68794743443,6868.400638423045,6158.434253819772,784.7569212068009,15.24307879319906,0.0,25.63244182812862,RUNNING,1.0,False,
0.2061,0.0,False,300000.0,331481.7735806109,0.0,220967.89587246632,227801.95450769726,6834.058635230933,6150.642082550673,784.260293687668,15.739706312332032,0.0,25.63266866667714,RUNNING,1.0,False,
0.20620000000000002,0.0,False,300000.0,332489.9010899738,0.0,219863.056393104,226662.94473515876,6799.8883420547645,6142.738872137919,783.756267734933,16.243732265067024,0.0,25.632894359736092,RUNNING,1.0,False,
0.2063,0.0,False,300000.0,333512.78425487573,0.0,218763.7411111385,225529.63001148298,6765.888900344493,6134.72517777723,783.2448645077241,16.75513549227594,0.0,25.633118913032963,RUNNING,1.0,False,
0.2064,0.0,False,300000.0,334550.3814159829,0.0,217669.9224055828,224401.98186142556,6732.059455842769,6126.601551888344,782.726104834146,17.273895165854015,0.0,25.633342332266597,RUNNING,1.0,False,
0.20650000000000002,0.0,False,300000.0,335602.6515725247,0.0,216581.5727935549,223279.97195211845,6698.399158563552,6118.368544128903,782.2000092130467,17.799990786953344,0.0,25.63356462310735,RUNNING,1.0,False,
0.2066,0.0,False,300000.0,336669.55437885807,0.0,215498.66492958713,222163.57209235788,6664.907162770745,6110.026701408258,781.6665978157348,18.333402184265196,0.0,25.633785791197226,RUNNING,1.0,False,
0.20670000000000002,0.0,False,300000.0,337751.05014112993,0.0,214421.17160493918,221052.75423189608,6631.582626956893,6101.5765679012175,781.1258904876485,18.874109512351538,0.0,25.634005842150014,RUNNING,1.0,False,
0.2068,0.0,False,300000.0,338847.09981403954,0.0,213349.06574691448,219947.4904607366,6598.424713822111,6093.018685061711,780.577906749974,19.422093250026023,0.0,25.63422478155144,RUNNING,1.0,False,
0.2069,0.0,False,300000.0,339957.66499769164,0.0,212282.3204181799,218847.7530084329,6565.432590252982,6084.353591636403,780.0226658012191,19.97733419878091,0.0,25.634442614959294,RUNNING,1.0,False,
0.20700000000000002,0.0,False,300000.0,341082.7079345511,0.0,211220.908816089,217753.51424339073,6532.605427301722,6075.581823678221,779.4601865187356,20.539813481264446,0.0,25.634659347903586,RUNNING,1.0,False,
0.2071,0.0,False,300000.0,342222.19150648755,0.0,210164.80427200857,216664.7466721738,6499.942400165222,6066.703914559829,778.8904874601967,21.10951253980329,0.0,25.63487498588667,RUNNING,1.0,False,
0.20720000000000002,0.0,False,300000.0,343376.0792319174,0.0,209113.9802506485,215581.4229388129,6467.4426881643885,6057.72039498703,778.3135868650264,21.686413134973577,0.0,25.635089534383386,RUNNING,1.0,False,
0.2073,0.0,False,300000.0,344544.33526303835,0.0,208068.41034939527,214503.51582411883,6435.105474723561,6048.631793012095,777.7295026557816,22.27049734421837,0.0,25.63530299884121,RUNNING,1.0,False,
0.2074,0.0,False,300000.0,345726.9243831555,0.0,207028.0682976483,213430.99824499825,6402.929947349941,6039.438634047035,777.1382524394893,22.861747560510707,0.0,25.635515384680374,RUNNING,1.0,False,
0.20750000000000002,0.0,False,300000.0,346923.8120041015,0.0,205992.92795616007,212363.8432537733,6370.915297613217,6030.1414408768,776.5398535089361,23.460146491063938,0.0,25.635726697294004,RUNNING,1.0,False,
0.2076,0.0,False,300000.0,348134.9641637478,0.0,204962.96331637926,211302.0240375044,6339.060721125134,6020.740733672415,775.9343228439128,24.06567715608719,0.0,25.635936942048268,RUNNING,1.0,False,
0.20770000000000002,0.0,False,300000.0,349360.34752360644,0.0,203938.14849979736,210245.5139173169,6307.365417519526,6011.237030004053,775.3216771124133,24.67832288758666,0.0,25.636146124282497,RUNNING,1.0,False,
0.2078,0.0,False,300000.0,350599.9293665235,0.0,202918.45775729837,209194.2863477303,6275.82859043192,6001.630844854033,774.7019326717879,25.29806732821214,0.0,25.636354249309335,RUNNING,1.0,False,
0.2079,0.0,False,300000.0,351853.6775944622,0.0,201903.86546851188,208148.31491599165,6244.449447479768,5991.922690629763,774.0751055698512,25.92489443014881,0.0,25.636561322414853,RUNNING,1.0,False,
0.20800000000000002,0.0,False,300000.0,353121.56072637526,0.0,200894.3461411693,207107.57334141165,6213.2272002423415,5982.113077176614,773.4412115459464,26.55878845405357,0.0,25.636767348858694,RUNNING,1.0,False,
0.2081,0.0,False,300000.0,354403.54789616895,0.0,199889.87441046347,206072.0354747046,6182.16106424114,5972.202511790731,772.8002660319631,27.199733968036867,0.0,25.636972333874205,RUNNING,1.0,False,
0.2082,0.0,False,300000.0,355699.60885075224,0.0,198890.42503841114,205041.67529733106,6151.2502589199285,5962.191499231777,772.1522841533124,27.847715846687606,0.0,25.637176282668566,RUNNING,1.0,False,
0.2083,0.0,False,300000.0,357009.71394817915,0.0,197895.97291321907,204016.4669208444,6120.494007625326,5952.080541735618,771.4972807298557,28.502719270144325,0.0,25.63737920042292,RUNNING,1.0,False,
0.2084,0.0,False,300000.0,358333.83415587584,0.0,196906.49304865298,202996.3845862402,6089.891537587217,5941.87013902694,770.8352702767913,29.164729723208666,0.0,25.637581092292507,RUNNING,1.0,False,
0.20850000000000002,0.0,False,300000.0,359671.9410489578,0.0,195921.9605834097,201981.40266330898,6059.44207989928,5931.560788331805,770.1662670054957,29.833732994504317,0.0,25.637781963406784,RUNNING,1.0,False,
0.2086,0.0,False,300000.0,361024.00680863444,0.0,194942.35078049265,200971.49564999243,6029.144869499782,5921.152984390146,769.490284824321,30.509715175679048,0.0,25.63798181886957,RUNNING,1.0,False,
0.2087,0.0,False,300000.0,362390.00422070106,0.0,193967.6390265902,199966.63817174247,5998.99914515228,5910.6472194681955,768.807337339349,31.192662660650967,0.0,25.638180663759158,RUNNING,1.0,False,
0.2088,0.0,False,300000.0,363769.9066741193,0.0,192997.80083145722,198966.80498088375,5969.0041494265315,5900.043983370854,768.1174378551012,31.88256214489877,0.0,25.63837850312845,RUNNING,1.0,False,
0.2089,0.0,False,300000.0,365163.6881596823,0.0,192032.81182729994,197971.97095597934,5939.159128679399,5889.343763454,767.4205993752057,32.57940062479429,0.0,25.638575342005087,RUNNING,1.0,False,
0.20900000000000002,0.0,False,300000.0,366571.32326877187,0.0,191072.64776816344,196982.11110119944,5909.463333035994,5878.54704463673,766.7168346030188,33.28316539698119,0.0,25.63877118539157,RUNNING,1.0,False,
0.2091,0.0,False,300000.0,367992.7871921974,0.0,190117.2845293226,195997.20054569343,5879.916016370815,5867.654309413546,766.0061559422056,33.99384405779438,0.0,25.638966038265387,RUNNING,1.0,False,
0.2092,0.0,False,300000.0,369428.05571912625,0.0,189166.698106676,195017.21454296494,5850.516436288948,5856.666037866478,765.2885754972746,34.711424502725436,0.0,25.639159905579138,RUNNING,1.0,False,
0.2093,0.0,False,300000.0,370877.1052360976,0.0,188220.86461614261,194042.1284702501,5821.263854107499,5845.582707677146,764.5641050740707,35.43589492592935,0.0,25.639352792260663,RUNNING,1.0,False,
0.2094,0.0,False,300000.0,372339.91272612696,0.0,187279.7602930619,193071.91782789887,5792.157534836966,5834.40479413876,763.832756180223,36.16724381977701,0.0,25.639544703213158,RUNNING,1.0,False,
0.20950000000000002,0.0,False,300000.0,373816.45576789515,0.0,186343.3614915966,192106.55823875937,5763.196747162787,5823.132770168066,763.0945400255505,36.90545997444951,0.0,25.63973564331531,RUNNING,1.0,False,
0.2096,0.0,False,300000.0,375306.7125350248,0.0,185411.6446841386,191146.02544756557,5734.380763426976,5811.767106317226,762.3494675224234,37.650532477576576,0.0,25.639925617421405,RUNNING,1.0,False,
0.2097,0.0,False,300000.0,376810.6617954461,0.0,184484.5864607179,190190.29532032774,5705.708859609847,5800.308270785639,761.5975492860805,38.40245071391951,0.0,25.64011463036146,RUNNING,1.0,False,
0.20980000000000001,0.0,False,300000.0,378328.2829108469,0.0,183562.1635284143,189239.3438437261,5677.180315311794,5788.756729431711,760.8387956349039,39.16120436509607,0.0,25.640302686941347,RUNNING,1.0,False,
0.2099,0.0,False,300000.0,379859.555836214,0.0,182644.35271077222,188293.14712450744,5648.794413735217,5777.112945784553,760.0732165906487,39.92678340935129,0.0,25.6404897919429,RUNNING,1.0,False,
0.21000000000000002,0.0,False,300000.0,381404.46111945814,0.0,181731.13094721836,187351.68138888493,5620.550441666564,5765.37738105563,759.30082187863,40.69917812136998,0.0,25.640675950124052,RUNNING,1.0,False,
0.2101,0.0,False,300000.0,382962.97990113153,0.0,180822.47529248227,186414.9229819405,5592.447689458233,5753.550494150352,758.5216209278647,41.47837907213534,0.0,25.64086116621894,RUNNING,1.0,False,
0.2102,0.0,False,300000.0,384535.0939142293,0.0,179918.36291601986,185482.8483670308,5564.485451010929,5741.6327416796,757.73562287117,42.264377128830006,0.0,25.641045444938033,RUNNING,1.0,False,
0.21030000000000001,0.0,False,300000.0,386120.7854840828,0.0,179018.77110143975,184555.43412519564,5536.663023755886,5729.624577971203,756.9428365452177,43.05716345478231,0.0,25.64122879096825,RUNNING,1.0,False,
0.2104,0.0,False,300000.0,387720.03752834036,0.0,178123.67724593254,183632.65695456963,5508.979708637082,5717.526455081346,756.143270490543,43.856729509456954,0.0,25.64141120897307,RUNNING,1.0,False,
0.21050000000000002,0.0,False,300000.0,389332.83355703723,0.0,177233.05885970287,182714.49366979676,5481.434810093895,5705.338822805939,755.33693295151,44.66306704849001,0.0,25.641592703592664,RUNNING,1.0,False,
0.2106,0.0,False,300000.0,390959.15767275647,0.0,176346.89356540435,181800.92120144778,5454.027636043436,5693.0621286919095,754.523831876231,45.47616812376896,0.0,25.64177327944399,RUNNING,1.0,False,
0.2107,0.0,False,300000.0,392598.99457087804,0.0,175465.15909757733,180891.91659544056,5426.757497863233,5680.69681804845,753.7039749164422,46.296025083557765,0.0,25.641952941120927,RUNNING,1.0,False,
0.21080000000000002,0.0,False,300000.0,394252.32953992,0.0,174587.83330208945,179987.45701246336,5399.623710373911,5668.243333958208,752.877369427333,47.12263057266705,0.0,25.642131693194386,RUNNING,1.0,False,
0.2109,0.0,False,300000.0,395919.14846197027,0.0,173714.894135579,179087.51972740103,5372.625591822027,5655.702117288417,752.0440224673298,47.955977532670204,0.0,25.642309540212423,RUNNING,1.0,False,
0.21100000000000002,0.0,False,300000.0,397599.43781320984,0.0,172846.3196649011,178192.082128764,5345.76246386292,5643.073606701975,751.2039407978352,48.79605920216477,0.0,25.64248648670035,RUNNING,1.0,False,
0.2111,0.0,False,300000.0,399293.1846645288,0.0,171982.0880665766,177301.1217181202,5319.0336515436065,5630.358238668466,750.3571308829194,49.642869117080636,0.0,25.642662537160856,RUNNING,1.0,False,
0.2112,0.0,False,300000.0,401000.37668223435,0.0,171122.1776262437,176414.6161095296,5292.438483285892,5617.556447475124,749.5035988889662,50.49640111103383,0.0,25.642837696074118,RUNNING,1.0,False,
0.21130000000000002,0.0,False,300000.0,402721.0021288522,0.0,170266.56673811248,175532.54302898195,5265.976290869468,5604.668665237748,748.6433506842726,51.356649315727395,0.0,25.643011967897905,RUNNING,1.0,False,
0.2114,0.0,False,300000.0,404455.0498640234,0.0,169415.2339044219,174654.88031383703,5239.646409415116,5591.695321911559,747.7763918386004,52.223608161399625,0.0,25.643185357067708,RUNNING,1.0,False,
0.21150000000000002,0.0,False,300000.0,406202.50934549543,0.0,168568.1577348998,173781.60591226784,5213.448177368031,5578.636845302001,746.9027276226806,53.09727237731943,0.0,25.64335786799683,RUNNING,1.0,False,
0.2116,0.0,False,300000.0,407963.3706302071,0.0,167725.3169462253,172912.6978827065,5187.380936481204,5565.493661075491,746.0223630076708,53.97763699232917,0.0,25.643529505076515,RUNNING,1.0,False,
0.2117,0.0,False,300000.0,409737.6243754724,0.0,166886.69036149417,172048.13439329297,5161.444031798805,5552.266192770114,745.1353026645639,54.86469733543606,0.0,25.643700272676046,RUNNING,1.0,False,
0.21180000000000002,0.0,False,300000.0,411525.2618402608,0.0,166052.2569096867,171187.8937213265,5135.636811639793,5538.954861806264,744.2415509635473,55.7584490364527,0.0,25.643870175142865,RUNNING,1.0,False,
0.2119,0.0,False,300000.0,413326.2748865757,0.0,165221.99562513825,170331.95425271985,5109.958627581596,5525.560087497232,743.3411119733141,56.65888802668587,0.0,25.64403921680267,RUNNING,1.0,False,
0.21200000000000002,0.0,False,300000.0,415140.65598093014,0.0,164395.88564701256,169480.29448145625,5084.40883444369,5512.082287059746,742.4339894603254,57.56601053967461,0.0,25.644207401959534,RUNNING,1.0,False,
0.2121,0.0,False,300000.0,416968.39819592604,0.0,163573.9062187775,168632.89300904897,5058.986790271476,5498.521875624447,741.5201868880204,58.47981311197964,0.0,25.644374734896008,RUNNING,1.0,False,
0.2122,0.0,False,300000.0,418809.49521193124,0.0,162756.0366876836,167789.7285440037,5033.691856320103,5484.879266246325,740.5997074159782,59.40029258402183,0.0,25.644541219873233,RUNNING,1.0,False,
0.21230000000000002,0.0,False,300000.0,420663.94131886074,0.0,161942.2565042452,166950.7799012837,5008.523397038516,5471.1548699150935,739.6725538990272,60.32744610097279,0.0,25.644706861131045,RUNNING,1.0,False,
0.2124,0.0,False,300000.0,422531.73141805956,0.0,161132.54522172397,166116.0260017773,4983.480780053331,5457.349095565518,738.7387288863038,61.26127111369624,0.0,25.644871662888075,RUNNING,1.0,False,
0.21250000000000002,0.0,False,300000.0,424412.86102429125,0.0,160326.88249561534,165285.4458717684,4958.563376153063,5443.4623500876905,737.7982346202579,62.20176537974214,0.0,25.645035629341866,RUNNING,1.0,False,
0.2126,0.0,False,300000.0,426307.3262678309,0.0,159525.24808313727,164459.01864240956,4933.770559272292,5429.4950383372525,736.8510730356069,63.14892696439313,0.0,25.645198764668972,RUNNING,1.0,False,
0.2127,0.0,False,300000.0,428215.1238966657,0.0,158727.6218427216,163636.72354919752,4909.101706475922,5415.447563145566,735.8972457582353,64.10275424176473,0.0,25.645361073025065,RUNNING,1.0,False,
0.21280000000000002,0.0,False,300000.0,430136.2512788021,0.0,157933.98373350798,162818.53993145152,4884.556197943544,5401.320325329838,734.9367541040411,65.06324589595886,0.0,25.645522558545036,RUNNING,1.0,False,
0.2129,0.0,False,300000.0,432070.706404685,0.0,157144.31381484043,162004.44723179427,4860.133416953846,5387.113723703189,733.9695990777267,66.03040092227332,0.0,25.645683225343106,RUNNING,1.0,False,
0.21300000000000002,0.0,False,300000.0,434018.4878897242,0.0,156358.59224576622,161194.4249956353,4835.832749869063,5372.828155084673,732.995781371535,67.00421862846497,0.0,25.64584307751292,RUNNING,1.0,False,
0.2131,0.0,False,300000.0,435979.5949769358,0.0,155576.79928453738,160388.45287065709,4811.653586119704,5358.46401430925,732.0153013639298,67.98469863607022,0.0,25.646002119127658,RUNNING,1.0,False,
0.2132,0.0,False,300000.0,437954.0275396967,0.0,154798.9152881147,159586.5106063038,4787.595318189124,5344.021694237704,731.0281591182178,68.97184088178221,0.0,25.64616035424013,RUNNING,1.0,False,
0.21330000000000002,0.0,False,300000.0,439941.78608461283,0.0,154024.92071167412,158788.5780532723,4763.657341598184,5329.501585766515,730.034354381115,69.96564561888499,0.0,25.64631778688289,RUNNING,1.0,False,
0.2134,0.0,False,300000.0,441942.87175450573,0.0,153254.79610811576,157994.63516300594,4739.839054890181,5314.904077837682,729.0338865812536,70.96611341874643,0.0,25.64647442106832,RUNNING,1.0,False,
0.21350000000000002,0.0,False,300000.0,443957.28633151687,0.0,152488.52212757518,157204.66198719092,4716.139859615738,5300.229557448493,728.0267548276295,71.97324517237053,0.0,25.646630260788747,RUNNING,1.0,False,
0.2136,0.0,False,300000.0,445985.0322403334,0.0,151726.07951693732,156418.63867725496,4692.559160317644,5285.478409661251,727.0129579079902,72.9870420920098,0.0,25.646785310016533,RUNNING,1.0,False,
0.2137,0.0,False,300000.0,448026.11255153356,0.0,150967.44911935262,155636.5454838687,4669.096364516066,5270.651017612945,725.9924942871617,74.00750571283834,0.0,25.646939572704177,RUNNING,1.0,False,
0.21380000000000002,0.0,False,300000.0,450080.53098505765,0.0,150212.61187375584,154858.36275644932,4645.750882693479,5255.74776252488,724.9653621053133,75.03463789468674,0.0,25.64709305278442,RUNNING,1.0,False,
0.2139,0.0,False,300000.0,452148.29191380425,0.0,149461.54881438706,154084.07094266708,4622.522128280019,5240.769023712256,723.9315591761597,76.06844082384032,0.0,25.647245754170335,RUNNING,1.0,False,
0.21400000000000002,0.0,False,300000.0,454229.40036735387,0.0,148714.24107031513,153313.65058795374,4599.409517638618,5225.715178593695,722.8910829850992,77.10891701490084,0.0,25.64739768075543,RUNNING,1.0,False,
0.2141,0.0,False,300000.0,456323.86203582323,0.0,147970.66986496354,152547.08233501395,4576.412470050418,5210.586602700726,721.8439306872868,78.15606931271316,0.0,25.647548836413748,RUNNING,1.0,False,
0.2142,0.0,False,300000.0,458431.68327384884,0.0,147230.81651563873,151784.3469233389,4553.530407700164,5195.383669687222,720.7900991056426,79.20990089435736,0.0,25.64769922499996,RUNNING,1.0,False,
0.21430000000000002,0.0,False,300000.0,460552.8711047078,0.0,146494.66243306053,151025.4251887222,4530.762755661679,5180.106751338786,719.7295847287915,80.27041527120855,0.0,25.64784885034947,RUNNING,1.0,False,
0.2144,0.0,False,300000.0,462687.4332245726,0.0,145762.18912089523,150270.2980627786,4508.108941883373,5164.756217582092,718.6623837089355,81.33761629106448,0.0,25.64799771627849,RUNNING,1.0,False,
0.21450000000000002,0.0,False,300000.0,464835.3780069055,0.0,145033.37817529077,149518.94657246472,4485.568397173949,5149.332436494182,717.5884918596578,82.41150814034222,0.0,25.648145826584166,RUNNING,1.0,False,
0.2146,0.0,False,300000.0,466996.7145069919,0.0,144308.2112844143,148771.3518396024,4463.140555188089,5133.835774311711,716.507904653655,83.49209534634497,0.0,25.64829318504465,RUNNING,1.0,False,
0.2147,0.0,False,300000.0,469171.45246662106,0.0,143586.67022799223,148027.49508040436,4440.82485241213,5118.266595440153,715.420617220398,84.57938277960204,0.0,25.648439795419208,RUNNING,1.0,False,
0.21480000000000002,0.0,False,300000.0,471359.6023189068,0.0,142868.73687685226,147287.35760500233,4418.620728150068,5102.625262462952,714.3266243437208,85.67337565627918,0.0,25.648585661448305,RUNNING,1.0,False,
0.2149,0.0,False,300000.0,473561.17519326374,0.0,142154.393192468,146550.92081697733,4396.527624509326,5086.912136150638,713.2259204593337,86.77407954066632,0.0,25.648730786853704,RUNNING,1.0,False,
0.215,0.0,False,300000.0,475776.1829205286,0.0,141443.62122650567,145818.16621289245,4374.544986386783,5071.1275754698845,712.1184996522618,87.88150034773821,0.0,25.648875175338564,RUNNING,1.0,False,
0.2151,0.0,False,300000.0,478004.6380382386,0.0,140736.40312037314,145089.07538182798,4352.672261454834,5055.271937592535,711.0043556542066,88.99564434579338,0.0,25.649018830587526,RUNNING,1.0,False,
0.2152,0.0,False,300000.0,480246.55379606783,0.0,140032.72110477128,144363.63000491884,4330.908900147566,5039.345577904573,709.883481840828,90.11651815917196,0.0,25.649161756266807,RUNNING,1.0,False,
0.21530000000000002,0.0,False,300000.0,482501.94416141993,0.0,139332.55749924743,143641.81185489427,4309.2543556468445,5023.34885001505,708.7558712289479,91.24412877105215,0.0,25.64930395602429,RUNNING,1.0,False,
0.2154,0.0,False,300000.0,484770.82382518763,0.0,138635.8947117512,142923.6027956198,4287.708083868609,5007.282105764974,707.6215164736707,92.37848352632932,0.0,25.649445433489625,RUNNING,1.0,False,
0.2155,0.0,False,300000.0,487053.20820767584,0.0,137942.71523819244,142208.9847816417,4266.269543449249,4991.14569523615,706.4804098654222,93.51959013457781,0.0,25.64958619227431,RUNNING,1.0,False,
0.2156,0.0,False,300000.0,489349.11346469575,0.0,137253.00166200148,141497.9398577335,4244.938195732015,4974.939966759969,705.3325433269026,94.66745667309738,0.0,25.649726235971784,RUNNING,1.0,False,
0.2157,0.0,False,300000.0,491658.55649383133,0.0,136566.73665369148,140790.45015844482,4223.7135047533375,4958.665266926169,704.1779084099536,95.8220915900464,0.0,25.649865568157523,RUNNING,1.0,False,
0.21580000000000002,0.0,False,300000.0,493981.5549408817,0.0,135883.90297042302,140086.4979076526,4202.594937229587,4942.321940591539,703.0164962923373,96.98350370766275,0.0,25.650004192389122,RUNNING,1.0,False,
0.2159,0.0,False,300000.0,496318.1272064837,0.0,135204.4834555709,139386.06541811433,4181.581962543423,4925.9103308885815,701.8482977744251,98.15170222557492,0.0,25.65014211220639,RUNNING,1.0,False,
0.216,0.0,False,300000.0,498668.2924529191,0.0,134528.46103829306,138689.13509102378,4160.6740527307265,4909.430779234139,700.6733032757948,99.32669672420525,0.0,25.650279331131433,RUNNING,1.0,False,
0.21610000000000001,0.0,False,300000.0,501032.0706111086,0.0,133855.8187331016,137995.68941556866,4139.870682467066,4892.883625337968,699.4915028317333,100.50849716826667,0.0,25.650415852668754,RUNNING,1.0,False,
0.2162,0.0,False,300000.0,503409.4823877964,0.0,133186.5396394361,137305.7109684908,4119.1713290547195,4876.269207211278,698.3028860896451,101.69711391035491,0.0,25.650551680305327,RUNNING,1.0,False,
0.21630000000000002,0.0,False,300000.0,505800.54927293235,0.0,132520.60694123892,136619.18241364838,4098.575472409459,4859.587861175221,697.1074423053609,102.8925576946391,0.0,25.650686817510696,RUNNING,1.0,False,
0.2164,0.0,False,300000.0,508205.2935472518,0.0,131858.00390653271,135936.0865015801,4078.0825950473954,4842.839921869346,695.9051603393486,104.09483966065136,0.0,25.65082126773705,RUNNING,1.0,False,
0.2165,0.0,False,300000.0,510623.7382900618,0.0,131198.71388700005,135256.40606907223,4057.6921820721764,4826.025722259999,694.6960286528201,105.30397134717987,0.0,25.650955034419326,RUNNING,1.0,False,
0.21660000000000001,0.0,False,300000.0,513055.907387234,0.0,130542.72031756505,134580.12403872685,4037.403721161798,4809.145593648699,693.4800353037352,106.51996469626476,0.0,25.65108812097528,RUNNING,1.0,False,
0.2167,0.0,False,300000.0,515501.82553941157,0.0,129890.00671597723,133907.22341853322,4017.21670255599,4792.199865680455,692.2571679426985,107.74283205730148,0.0,25.651220530805585,RUNNING,1.0,False,
0.21680000000000002,0.0,False,300000.0,517961.5182704346,0.0,129240.55668239735,133237.68730144057,3997.1306190432224,4775.188866352053,691.027413808747,108.97258619125296,0.0,25.651352267293902,RUNNING,1.0,False,
0.2169,0.0,False,300000.0,520435.01193598815,0.0,128594.35389898537,132571.49886493338,3977.144965948013,4758.112922020293,689.7907597250265,110.20924027497347,0.0,25.65148333380698,RUNNING,1.0,False,
0.217,0.0,False,300000.0,522922.333732478,0.0,127951.38212949045,131908.6413706087,3957.259241118256,4740.972357410192,688.5471920943539,111.45280790564607,0.0,25.65161373369473,RUNNING,1.0,False,
0.21710000000000002,0.0,False,300000.0,525423.5117061402,0.0,127311.625218843,131249.09816375567,3937.4729449126753,4723.76749562314,687.2966968946628,112.70330310533723,0.0,25.651743470290324,RUNNING,1.0,False,
0.2172,0.0,False,300000.0,527938.5747623893,0.0,126675.06709274878,130592.85267293689,3917.7855801881087,4706.498658145025,686.0392596743297,113.96074032567026,0.0,25.651872546910255,RUNNING,1.0,False,
0.21730000000000002,0.0,False,300000.0,530467.5526754115,0.0,126041.69175728504,129939.8884095722,3898.196652287166,4689.1661648542995,684.7748655473782,115.22513445262177,0.0,25.652000966854438,RUNNING,1.0,False,
0.2174,0.0,False,300000.0,533010.4760980062,0.0,125411.48329849861,129290.18896752434,3878.7056690257305,4671.770334030028,683.5034991885577,116.49650081144227,0.0,25.65212873340629,RUNNING,1.0,False,
0.2175,0.0,False,300000.0,535567.3765716864,0.0,124784.42588200612,128643.73802268672,3859.312140680602,4654.311482359877,682.2251448282947,117.77485517170533,0.0,25.652255849832812,RUNNING,1.0,False,
0.21760000000000002,0.0,False,300000.0,538138.2865370383,0.0,124160.5037525961,128000.5193325733,3840.0155799772037,4636.789924948078,680.9397862475123,119.0602137524877,0.0,25.652382319384667,RUNNING,1.0,False,
0.2177,0.0,False,300000.0,540723.2393443524,0.0,123539.70123383311,127360.51673591042,3820.815502077312,4619.205975323338,679.6474067723159,120.35259322768411,0.0,25.65250814529627,RUNNING,1.0,False,
0.21780000000000002,0.0,False,300000.0,543322.2692645285,0.0,122922.00272766394,126723.71415223088,3801.7114245669363,4601.559945446721,678.3479892685406,121.65201073145943,0.0,25.652633330785854,RUNNING,1.0,False,
0.2179,0.0,False,300000.0,545935.4115002616,0.0,122307.39271402563,126090.09558146972,3782.7028674440953,4583.852145719487,677.041516136159,122.95848386384102,0.0,25.65275787905557,RUNNING,1.0,False,
0.218,0.0,False,300000.0,548562.70219752,0.0,121695.85575045549,125459.64510356236,3763.7893531068694,4566.08288499089,675.7279693035423,124.2720306964577,0.0,25.652881793291556,RUNNING,1.0,False,
0.21810000000000002,0.0,False,300000.0,551204.1784573153,0.0,121087.37647170322,124832.34687804455,3744.9704063413374,4548.252470565936,674.4073302215758,125.59266977842424,0.0,25.653005076664016,RUNNING,1.0,False,
0.2182,0.0,False,300000.0,553859.8783477808,0.0,120481.9395893447,124208.18514365434,3726.2455543096294,4530.361208213107,673.0795798576203,126.92042014237973,0.0,25.653127732327306,RUNNING,1.0,False,
0.21830000000000002,0.0,False,300000.0,556529.8409165584,0.0,119879.52989139798,123587.14421793606,3707.6143265380815,4512.409402172041,671.7446986893191,128.25530131068092,0.0,25.653249763420007,RUNNING,1.0,False,
0.2184,0.0,False,300000.0,559214.1062035053,0.0,119280.13224194098,122969.20849684638,3689.0762549053907,4494.397355161181,670.402666698245,129.59733330175504,0.0,25.653371173065015,RUNNING,1.0,False,
0.2185,0.0,False,300000.0,561912.71525373,0.0,118683.73158073128,122354.36245436216,3670.630873630871,4476.3253683853745,669.0534633633828,130.94653663661722,0.0,25.6534919643696,RUNNING,1.0,False,
0.21860000000000002,0.0,False,300000.0,564625.7101309615,0.0,118090.31292282762,121742.59064209033,3652.277719262711,4458.193741543448,667.6970676544452,132.30293234555484,0.0,25.653612140425505,RUNNING,1.0,False,
0.2187,0.0,False,300000.0,567353.1339312682,0.0,117499.86135821349,121133.87768887989,3634.0163306664035,4440.002772835731,666.333458025014,133.666541974986,0.0,25.653731704309013,RUNNING,1.0,False,
0.21880000000000002,0.0,False,300000.0,570095.0307971273,0.0,116912.36205142242,120528.20830043548,3615.8462490130623,4421.752758971552,664.962612405506,135.03738759449402,0.0,25.653850659081023,RUNNING,1.0,False,
0.2189,0.0,False,300000.0,572851.4459318577,0.0,116327.8002411653,119925.5672589333,3597.7670177679975,4403.443995176694,663.5845081959565,136.41549180404354,0.0,25.653969007787126,RUNNING,1.0,False,
0.219,0.0,False,300000.0,575622.4256144299,0.0,115746.16123995947,119325.93942263864,3579.7781826791615,4385.0767752008105,662.1991222586157,137.80087774138428,0.0,25.65408675345769,RUNNING,1.0,False,
0.21910000000000002,0.0,False,300000.0,578408.0172146552,0.0,115167.43043375967,118729.30972552544,3561.87929176577,4366.651391324806,660.8064309103542,139.19356908964585,0.0,25.654203899107934,RUNNING,1.0,False,
0.2192,0.0,False,300000.0,581208.269208772,0.0,114591.59328159087,118135.66317689781,3544.069895306937,4348.168134368182,659.4064099148704,140.59359008512956,0.0,25.654320447737994,RUNNING,1.0,False,
0.21930000000000002,0.0,False,300000.0,584023.2311954336,0.0,114018.63531518292,117544.98486101333,3526.3495458304096,4329.627293696341,657.9990344746975,142.0009655253025,0.0,25.654436402333012,RUNNING,1.0,False,
0.2194,0.0,False,300000.0,586852.9539121174,0.0,113448.54213860701,116957.25993670826,3508.71779810125,4311.029157227859,656.5842792229996,143.4157207770004,0.0,25.6545517658632,RUNNING,1.0,False,
0.2195,0.0,False,300000.0,589697.4892519529,0.0,112881.29942791397,116372.47363702471,3491.1742091107444,4292.37401144172,655.1621182151574,144.83788178484258,0.0,25.654666541283916,RUNNING,1.0,False,
0.21960000000000002,0.0,False,300000.0,592556.8902809977,0.0,112316.8929307744,115790.61126883958,3473.718338065184,4273.662141384511,653.7325249201322,146.26747507986784,0.0,25.654780731535748,RUNNING,1.0,False,
0.2197,0.0,False,300000.0,595431.2112559612,0.0,111755.30846612052,115211.65821249539,3456.3497463748645,4254.893830677589,652.2954722116035,147.7045277883965,0.0,25.65489433954458,RUNNING,1.0,False,
0.21980000000000002,0.0,False,300000.0,598320.5076423911,0.0,111196.53192378992,114635.59992143292,3439.0679976429965,4236.069361524201,650.8509323588775,149.14906764112254,0.0,25.65500736822166,RUNNING,1.0,False,
0.2199,0.0,False,300000.0,601224.8361333428,0.0,110640.54926417097,114062.42192182575,3421.872657654778,4217.18901471658,649.3988770175523,150.6011229824477,0.0,25.65511982046369,RUNNING,1.0,False,
0.22,0.0,False,300000.0,604144.2546685347,0.0,110087.34651785012,113492.10981221663,3404.7632943665085,4198.253069642997,647.9392772199411,152.06072278005888,0.0,25.655231699152875,RUNNING,1.0,False,
0.22010000000000002,0.0,False,300000.0,607078.8224540144,0.0,109536.90978526087,112924.64926315554,3387.7394778946764,4179.2618042947815,646.4721033652404,153.5278966347596,0.0,25.655343007157022,RUNNING,1.0,False,
0.2202,0.0,False,300000.0,610028.5999823407,0.0,108989.22523633456,112360.02601683975,3370.8007805051893,4160.215495273307,644.9973252094389,155.00267479056106,0.0,25.655453747329595,RUNNING,1.0,False,
0.22030000000000002,0.0,False,300000.0,612993.6490533062,0.0,108444.27911015289,111798.22588675555,3353.9467766026646,4141.114417796941,643.5149118549577,156.48508814504225,0.0,25.65556392250979,RUNNING,1.0,False,
0.2204,0.0,False,300000.0,615974.0327952072,0.0,107902.05771460212,111239.23475732178,3337.1770427196607,4121.958845707956,642.0248317400159,157.97516825998412,0.0,25.6556735355226,RUNNING,1.0,False,
0.2205,0.0,False,300000.0,618969.8156866853,0.0,107362.54742602911,110683.03858353516,3320.491157506054,4102.749051479416,640.5270526277103,159.4729473722897,0.0,25.655782589178905,RUNNING,1.0,False,
0.22060000000000002,0.0,False,300000.0,621981.0635791494,0.0,106825.73468889896,110129.62339061749,3303.8887017185334,4083.485306222019,639.0215415948056,160.97845840519437,0.0,25.655891086275524,RUNNING,1.0,False,
0.2207,0.0,False,300000.0,625007.8437198071,0.0,106291.60601545445,109578.97527366439,3287.369258209932,4064.167879690909,637.5082650202199,162.49173497978006,0.0,25.655999029595293,RUNNING,1.0,False,
0.22080000000000002,0.0,False,300000.0,628050.2247753101,0.0,105760.14798537717,109031.08039729606,3270.9324119188823,4044.7970402924548,635.9871885732019,164.01281142679807,0.0,25.656106421907136,RUNNING,1.0,False,
0.2209,0.0,False,300000.0,631108.2768560442,0.0,105231.34724545029,108485.92499530959,3254.5777498592943,4025.3730550909927,634.4582772011878,165.5417227988122,0.0,25.656213265966127,RUNNING,1.0,False,
0.221,0.0,False,300000.0,634182.0715410766,0.0,104705.19050922304,107943.49537033304,3238.304861109995,4005.8961898155376,632.9214951173279,167.07850488267206,0.0,25.65631956451357,RUNNING,1.0,False,
0.22110000000000002,0.0,False,300000.0,637271.6819037843,0.0,104181.66455667693,107403.77789348137,3222.1133368044393,3986.3667088664597,631.3768057876738,168.6231942123262,0.0,25.65642532027706,RUNNING,1.0,False,
0.2212,0.0,False,300000.0,640377.1825381832,0.0,103660.75623389354,106866.75900401396,3206.0027701204235,3966.7848753221274,629.8241719180146,170.1758280819854,0.0,25.65653053597055,RUNNING,1.0,False,
0.22130000000000002,0.0,False,300000.0,643498.649585981,0.0,103142.45245272407,106332.4252089939,3189.9727562698245,3947.150950945517,628.2635554403515,171.73644455964848,0.0,25.656635214294433,RUNNING,1.0,False,
0.2214,0.0,False,300000.0,646636.1607643743,0.0,102626.74019046045,105800.76308294892,3174.0228924884723,3927.4651961907894,626.6949174990004,173.30508250099956,0.0,25.656739357935592,RUNNING,1.0,False,
0.2215,0.0,False,300000.0,649789.7953946189,0.0,102113.60648950815,105271.75926753417,3158.152778026022,3907.7278702098356,625.1182184363079,174.88178156369213,0.0,25.65684296956748,RUNNING,1.0,False,
0.22160000000000002,0.0,False,300000.0,652959.6344313899,0.0,101603.03845706061,104745.40047119651,3142.362014135899,3887.9392308587862,623.5334177779717,176.46658222202825,0.0,25.656946051850184,RUNNING,1.0,False,
0.2217,0.0,False,300000.0,656145.7604929664,0.0,101095.02326477531,104221.67346884053,3126.650204065212,3868.0995347044923,621.9404742179505,178.0595257820495,0.0,25.657048607430482,RUNNING,1.0,False,
0.2218,0.0,False,300000.0,659348.2578922582,0.0,100589.54814845143,103700.56510149632,3111.016953044891,3848.2090370309697,620.3393456029506,179.66065439704937,0.0,25.657150638941925,RUNNING,1.0,False,
0.22190000000000001,0.0,False,300000.0,662567.2126687124,0.0,100086.60040770918,103182.06227598885,3095.4618682796718,3828.267991845815,618.7299889164751,181.27001108352488,0.0,25.657252149004897,RUNNING,1.0,False,
0.222,0.0,False,300000.0,665802.7126211146,0.0,99586.16740567064,102666.15196460891,3079.984558938275,3808.2766518865856,617.1123602624231,182.88763973757693,0.0,25.657353140226675,RUNNING,1.0,False,
0.22210000000000002,0.0,False,300000.0,669054.8473413326,0.0,99088.23656864229,102152.82120478587,3064.5846361435833,3788.2352686271524,615.4864148482201,184.51358515177992,0.0,25.657453615201504,RUNNING,1.0,False,
0.2222,0.0,False,300000.0,672323.7082490157,0.0,98592.79538579908,101642.05709876194,3049.2617129628634,3768.1440922840166,613.8521069674696,186.14789303253042,0.0,25.657553576510658,RUNNING,1.0,False,
0.2223,0.0,False,300000.0,675609.3886272953,0.0,98099.83140887009,101133.84681326813,3034.0154043980438,3748.0033718225964,612.2093899821037,187.79061001789626,0.0,25.657653026722503,RUNNING,1.0,False,
0.22240000000000001,0.0,False,300000.0,678911.9836595114,0.0,97609.33225182573,100628.17757920179,3018.8453273760533,3727.8133549634836,610.5582163040215,189.44178369597853,0.0,25.65775196839256,RUNNING,1.0,False,
0.2225,0.0,False,300000.0,682231.5904670083,0.0,97121.28559056661,100125.03669130578,3003.751100739173,3707.5742881886663,608.8985373761926,191.10146262380738,0.0,25.657850404063577,RUNNING,1.0,False,
0.22260000000000002,0.0,False,300000.0,685568.3081480276,0.0,96635.67916261377,99624.41150784925,2988.732345235476,3687.286416747723,607.2303036532122,192.76969634678778,0.0,25.657948336265587,RUNNING,1.0,False,
0.2227,0.0,False,300000.0,688922.2378177415,0.0,96152.5007668007,99126.28945031001,2973.7886835093086,3666.949984663984,605.5534645812857,194.44653541871435,0.0,25.658045767515976,RUNNING,1.0,False,
0.2228,0.0,False,300000.0,692293.482649465,0.0,95671.7382629667,98630.65800305846,2958.919740091762,3646.5652347406644,603.8679685776242,196.1320314223758,0.0,25.658142700319534,RUNNING,1.0,False,
0.22290000000000001,0.0,False,300000.0,695682.147917089,0.0,95193.37957165187,98137.50471304316,2944.125141391298,3626.132408566961,602.1737630092298,197.8262369907702,0.0,25.658239137168536,RUNNING,1.0,False,
0.223,0.0,False,300000.0,699088.3410387724,0.0,94717.4126737936,97646.81718947794,2929.404515684335,3605.6517465241263,600.470794171051,199.529205828949,0.0,25.65833508054279,RUNNING,1.0,False,
0.22310000000000002,0.0,False,300000.0,702512.1716219463,0.0,94243.82561042464,97158.58310353056,2914.7574931059207,3585.123487791506,598.7590072634821,201.2409927365179,0.0,25.658430532909712,RUNNING,1.0,False,
0.2232,0.0,False,300000.0,705953.7515096681,0.0,93772.60648237252,96672.7901880129,2900.1837056403892,3564.547870352548,597.0383463691883,202.96165363081172,0.0,25.658525496724373,RUNNING,1.0,False,
0.2233,0.0,False,300000.0,709413.1948283802,0.0,93303.74344996066,96189.42623707285,2885.682787112193,3543.9251310007853,595.3087544292276,204.69124557077237,0.0,25.658619974429573,RUNNING,1.0,False,
0.22340000000000002,0.0,False,300000.0,712890.6180371218,0.0,92837.22473271086,95708.4791058875,2871.2543731766345,3523.2555053457813,593.5701732184477,206.42982678155226,0.0,25.658713968455896,RUNNING,1.0,False,
0.2235,0.0,False,300000.0,716386.1399782452,0.0,92373.0386090473,95229.93671035804,2856.8981013107405,3502.5392278190525,591.8225433201284,208.17745667987163,0.0,25.658807481221775,RUNNING,1.0,False,
0.22360000000000002,0.0,False,300000.0,719899.8819296967,0.0,91911.17341600207,94753.78702680627,2842.6136108041974,3481.7765316799573,590.0658040998442,209.93419590015583,0.0,25.65890051513355,RUNNING,1.0,False,
0.2237,0.0,False,300000.0,723431.9676589118,0.0,91451.61754892206,94280.01809167223,2828.400542750169,3460.9676490215575,588.2998936785182,211.70010632148183,0.0,25.658993072585524,RUNNING,1.0,False,
0.2238,0.0,False,300000.0,726982.5234783946,0.0,90994.35946117745,93808.61800121386,2814.2585400364187,3440.11281077645,586.5247489046349,213.47525109536514,0.0,25.65908515596004,RUNNING,1.0,False,
0.22390000000000002,0.0,False,300000.0,730551.678303034,0.0,90539.38766387156,93339.57491120779,2800.187247336231,3419.2122467225677,584.7403053255836,215.25969467441644,0.0,25.65917676762752,RUNNING,1.0,False,
0.224,0.0,False,300000.0,734139.5637092318,0.0,90086.6907255522,92872.87703665176,2786.186311099562,3398.2661854889548,582.9464971580973,217.05350284190274,0.0,25.65926790994654,RUNNING,1.0,False,
0.22410000000000002,0.0,False,300000.0,737746.313995905,0.0,89636.25727192443,92408.5126514685,2772.2553795440617,3377.27485456151,581.1432572577531,218.85674274224687,0.0,25.659358585263877,RUNNING,1.0,False,
0.2242,0.0,False,300000.0,741372.0662474367,0.0,89188.0759855648,91946.47008821115,2758.3941026463435,3356.2384802887022,579.3305170875001,220.66948291249992,0.0,25.659448795914578,RUNNING,1.0,False,
0.2243,0.0,False,300000.0,745016.960398649,0.0,88742.13560563698,91486.73773777009,2744.6021321331064,3335.157287887259,577.5082066851742,222.49179331482583,0.0,25.659538544222013,RUNNING,1.0,False,
0.22440000000000002,0.0,False,300000.0,748681.1393018791,0.0,88298.4249276088,91029.30404908123,2730.8791214724333,3314.0315014478224,575.6762546299632,224.32374537003682,0.0,25.659627832497936,RUNNING,1.0,False,
0.2245,0.0,False,300000.0,752364.7487962393,0.0,87856.93280297075,90574.15752883583,2717.224725865075,3292.861343940583,573.8345880077798,226.16541199222024,0.0,25.659716663042545,RUNNING,1.0,False,
0.22460000000000002,0.0,False,300000.0,756067.9377791448,0.0,87417.6481389559,90121.28674119165,2703.6386022357474,3271.64703722088,571.9831323754994,228.0168676245006,0.0,25.65980503814453,RUNNING,1.0,False,
0.2247,0.0,False,300000.0,759790.8582802039,0.0,86980.55989826113,89670.6803074857,2690.1204092245753,3250.388802034776,570.1218117240188,229.8781882759812,0.0,25.659892960081145,RUNNING,1.0,False,
0.2248,0.0,False,300000.0,763533.6655375592,0.0,86545.65709876982,89222.32690594827,2676.6698071784485,3229.086858024602,568.2505484400874,231.7494515599126,0.0,25.659980431118253,RUNNING,1.0,False,
0.22490000000000002,0.0,False,300000.0,767296.5180767864,0.0,86112.92881327597,88776.21527141852,2663.286458142553,3207.7414237344788,566.3692632668618,233.63073673313818,0.0,25.66006745351039,RUNNING,1.0,False,
0.225,0.0,False,300000.0,771079.5777924455,0.0,85682.36416920958,88332.33419506143,2649.9700258518424,3186.3527166158065,564.4778752631325,235.52212473686745,0.0,25.660154029500816,RUNNING,1.0,False,
0.22510000000000002,0.0,False,300000.0,774883.0100323998,0.0,85253.95234836354,87890.67252408613,2636.720175722585,3164.9209530327275,562.576301761168,237.423698238832,0.0,25.66024016132158,RUNNING,1.0,False,
0.2252,0.0,False,300000.0,778706.9836850136,0.0,84827.68258662173,87451.2191614657,2623.53657484398,3143.4463482675637,560.664458323119,239.335541676881,0.0,25.660325851193566,RUNNING,1.0,False,
0.2253,0.0,False,300000.0,782551.6712693481,0.0,84403.54417368861,87013.96306565836,2610.418891969748,3121.9291165262257,558.7422586959237,241.25774130407626,0.0,25.660411101326556,RUNNING,1.0,False,
0.22540000000000002,0.0,False,300000.0,786417.2490284827,0.0,83981.52645282017,86578.89325033007,2597.366797509909,3100.3694709435945,556.8096147646513,243.19038523534869,0.0,25.660495913919284,RUNNING,1.0,False,
0.2255,0.0,False,300000.0,790303.8970260916,0.0,83561.61882055606,86145.99878407842,2584.379963522355,3078.7676235888766,554.8664365042164,245.13356349578362,0.0,25.660580291159487,RUNNING,1.0,False,
0.22560000000000002,0.0,False,300000.0,794211.7992464158,0.0,83143.81072645327,85715.26879015802,2571.4580637047475,3057.123785470932,552.9126319293973,247.08736807060268,0.0,25.66066423522397,RUNNING,1.0,False,
0.2257,0.0,False,300000.0,798141.1436977752,0.0,82728.09167282101,85286.69244620723,2558.6007733862207,3035.438166543577,550.9481070430842,249.05189295691582,0.0,25.66074774827864,RUNNING,1.0,False,
0.2258,0.0,False,300000.0,802092.1225197713,0.0,82314.45121445692,84860.25898397621,2545.8077695192915,3013.710975710859,548.9727657826807,251.02723421731935,0.0,25.66083083247859,RUNNING,1.0,False,
0.22590000000000002,0.0,False,300000.0,806064.9320943473,0.0,81902.87895838464,84435.95768905633,2533.0787306716957,2991.942420832305,546.986509964579,253.013490035421,0.0,25.660913489968134,RUNNING,1.0,False,
0.226,0.0,False,300000.0,810059.7731608682,0.0,81493.36456359271,84013.77790061104,2520.4133370183263,2970.1327087281434,544.9892392266239,255.0107607733761,0.0,25.660995722880855,RUNNING,1.0,False,
0.22610000000000002,0.0,False,300000.0,814076.8509354029,0.0,81085.89774077474,83593.70901110799,2507.8112703332445,2948.2820451845027,542.9808509684759,257.0191490315241,0.0,25.66107753333968,RUNNING,1.0,False,
0.2262,0.0,False,300000.0,818116.3752343948,0.0,80680.46825207087,83175.74046605245,2495.272213981574,2926.3906349585804,540.9612402897809,259.0387597102191,0.0,25.661158923456913,RUNNING,1.0,False,
0.2263,0.0,False,300000.0,822178.5606029175,0.0,80277.06591081052,82759.86176372219,2482.795852911673,2904.4586817837876,538.9302999260468,261.0697000739532,0.0,25.6612398953343,RUNNING,1.0,False,
0.22640000000000002,0.0,False,300000.0,826263.6264477245,0.0,79875.68058125647,82346.06245490359,2470.381873647115,2882.4863883748685,536.887920182124,263.11207981787595,0.0,25.66132045106308,RUNNING,1.0,False,
0.2265,0.0,False,300000.0,830371.7971753118,0.0,79476.30217835019,81934.33214262906,2458.029964278874,2860.4739564329943,534.8339888631793,265.16601113682066,0.0,25.661400592724032,RUNNING,1.0,False,
0.22660000000000002,0.0,False,300000.0,834503.3023352255,0.0,79078.92066745844,81524.66048191593,2445.7398144574836,2838.4215866508293,532.768391203047,267.23160879695297,0.0,25.661480322387533,RUNNING,1.0,False,
0.2267,0.0,False,300000.0,838658.3767688563,0.0,78683.52606412115,81117.03717950634,2433.5111153851904,2816.329478717575,530.6910097898376,269.3089902101624,0.0,25.661559642113605,RUNNING,1.0,False,
0.2268,0.0,False,300000.0,842837.2607639813,0.0,78290.10843380055,80711.45199360882,2421.3435598082724,2794.197831323987,528.6017244886727,271.39827551132726,0.0,25.661638553951978,RUNNING,1.0,False,
0.22690000000000002,0.0,False,300000.0,847040.2002153222,0.0,77898.65789163155,80307.89473364077,2409.2368420092243,2772.0268421673672,526.5004123614118,273.4995876385882,0.0,25.661717059942124,RUNNING,1.0,False,
0.227,0.0,False,300000.0,851267.4467914103,0.0,77509.16460217339,79906.35525997257,2397.190657799176,2749.8167079565305,524.3869475832261,275.61305241677394,0.0,25.661795162113325,RUNNING,1.0,False,
0.22710000000000002,0.0,False,300000.0,855519.2581080601,0.0,77121.61877916253,79506.8234836727,2385.204704510179,2727.567624416748,522.2612013558683,277.73879864413175,0.0,25.66187286248471,RUNNING,1.0,False,
0.2272,0.0,False,300000.0,859795.8979087707,0.0,76736.01068526671,79109.28936625434,2373.278680987627,2705.279786294664,520.1230418174783,279.87695818252166,0.0,25.66195016306532,RUNNING,1.0,False,
0.2273,0.0,False,300000.0,864097.6362524006,0.0,76352.33063184038,78713.74291942306,2361.412287582687,2682.953387363191,517.9723339487535,282.02766605124646,0.0,25.662027065854144,RUNNING,1.0,False,
0.22740000000000002,0.0,False,300000.0,868424.7497084715,0.0,75970.56897868117,78320.17420482595,2349.6052261447767,2660.5886204263747,515.8089394753036,284.19106052469635,0.0,25.662103572840177,RUNNING,1.0,False,
0.2275,0.0,False,300000.0,872777.5215604805,0.0,75590.71613378776,77928.57333380182,2337.8572000140557,2638.185677324243,513.6327167660023,286.3672832339977,0.0,25.66217968600247,RUNNING,1.0,False,
0.22760000000000002,0.0,False,300000.0,877156.2420176312,0.0,75212.76255311882,77538.93046713281,2326.1679140139895,2615.744748937622,511.4435207271299,288.5564792728701,0.0,25.662255407310184,RUNNING,1.0,False,
0.2277,0.0,False,300000.0,881561.2084354023,0.0,74836.69874035323,77151.23581479714,2314.5370744439133,2593.2660251929337,509.241202692097,290.758797307903,0.0,25.662330738722627,RUNNING,1.0,False,
0.2278,0.0,False,300000.0,885992.7255454183,0.0,74462.51524665146,76765.47963572315,2302.964389071698,2570.7496950669693,507.0256103065179,292.9743896934821,0.0,25.662405682189313,RUNNING,1.0,False,
0.22790000000000002,0.0,False,300000.0,890451.1056950947,0.0,74090.20267041819,76381.65223754453,2291.449567126343,2548.1959465916343,504.79658740839704,295.20341259160296,0.0,25.66248023965001,RUNNING,1.0,False,
0.228,0.0,False,300000.0,894936.6690975754,0.0,73719.7516570661,75999.7439763568,2279.992319290701,2525.604966858676,502.55397390316955,297.44602609683045,0.0,25.66255441303478,RUNNING,1.0,False,
0.2281,0.0,False,300000.0,899449.7440925044,0.0,73351.15289878077,75619.74525647503,2268.5923576942587,2502.976942024383,500.2976056333253,299.7023943666747,0.0,25.662628204264045,RUNNING,1.0,False,
0.22820000000000001,0.0,False,300000.0,903990.6674182084,0.0,72984.39713428686,75241.64653019264,2257.2493959057756,2480.312057314261,498.0273142423276,301.9726857576724,0.0,25.662701615248622,RUNNING,1.0,False,
0.2283,0.0,False,300000.0,908559.7844959081,0.0,72619.47514861543,74865.43829754168,2245.963148926254,2457.6104970276897,495.74292703251854,304.25707296748146,0.0,25.66277464788977,RUNNING,1.0,False,
0.22840000000000002,0.0,False,300000.0,913157.4497266088,0.0,72256.37777287235,74491.11110605397,2234.733333181619,2434.8724445425514,493.4442668166843,306.5557331833157,0.0,25.66284730407924,RUNNING,1.0,False,
0.2285,0.0,False,300000.0,917784.0268013721,0.0,71895.09588400798,74118.65555052369,2223.5596665157063,2412.098082319839,491.1311517629317,308.8688482370683,0.0,25.66291958569933,RUNNING,1.0,False,
0.2286,0.0,False,300000.0,922439.8890257062,0.0,71535.62040458794,73748.06227277107,2212.4418681831303,2389.2875919082394,488.80339523250444,311.19660476749556,0.0,25.66299149462293,RUNNING,1.0,False,
0.22870000000000001,0.0,False,300000.0,927125.4196588715,0.0,71177.942302565,73379.32196140721,2201.379658842212,2366.4411539486982,486.4608056101435,313.5391943898565,0.0,25.663063032713552,RUNNING,1.0,False,
0.2288,0.0,False,300000.0,931841.012268943,0.0,70822.05259105218,73012.42535160019,2190.372760548009,2343.558948178955,484.10318612656897,315.89681387343103,0.0,25.663134201825404,RUNNING,1.0,False,
0.22890000000000002,0.0,False,300000.0,936587.0711045353,0.0,70467.94232809692,72647.36322484219,2179.4208967452723,2320.64115343806,481.73033467263195,318.26966532736805,0.0,25.663205003803416,RUNNING,1.0,False,
0.229,0.0,False,300000.0,941364.0114841494,0.0,70115.60261645644,72284.12640871797,2168.5237922615343,2297.6879476708696,479.342043604655,320.657956395345,0.0,25.663275440483293,RUNNING,1.0,False,
0.2291,0.0,False,300000.0,946172.2602041787,0.0,69765.02460337416,71922.7057766744,2157.6811733002396,2274.699507932515,476.9380995404451,323.0619004595549,0.0,25.663345513691567,RUNNING,1.0,False,
0.22920000000000001,0.0,False,300000.0,951012.2559666708,0.0,69416.19948035729,71563.09224779102,2146.892767433732,2251.6760103928527,474.5182831454287,325.4817168545713,0.0,25.663415225245632,RUNNING,1.0,False,
0.2293,0.0,False,300000.0,955884.4498280286,0.0,69069.1184829555,71205.27678655206,2136.1583035965596,2228.6176303408884,472.08236890831756,327.91763109168244,0.0,25.663484576953795,RUNNING,1.0,False,
0.22940000000000002,0.0,False,300000.0,960789.3056699173,0.0,68723.77289054073,70849.2504026193,2125.477512078578,2205.524542189184,469.6301249056734,330.3698750943266,0.0,25.663553570615324,RUNNING,1.0,False,
0.2295,0.0,False,300000.0,965727.3006937302,0.0,68380.15402608803,70495.00415060621,2114.8501245181833,2182.396919478238,467.16131255469327,332.83868744530673,0.0,25.66362220802049,RUNNING,1.0,False,
0.2296,0.0,False,300000.0,970698.925940072,0.0,68038.25325595759,70142.5291298532,2104.2758738956036,2159.234934880847,464.6756863534875,335.3243136465125,0.0,25.663690490950614,RUNNING,1.0,False,
0.22970000000000002,0.0,False,300000.0,975704.6868348205,0.0,67698.06198967781,69791.81648420393,2093.754494526118,2136.038760206443,462.17299360806913,337.82700639193087,0.0,25.66375842117811,RUNNING,1.0,False,
0.2298,0.0,False,300000.0,980745.1037634496,0.0,67359.57167972942,69442.85740178291,2083.2857220534934,2112.8085664054106,459.65297414521433,340.34702585478567,0.0,25.66382600046652,RUNNING,1.0,False,
0.22990000000000002,0.0,False,300000.0,985820.7126754156,0.0,67022.77382133077,69095.643114774,2072.8692934432183,2089.5445235733837,457.11536001029145,342.88463998970855,0.0,25.663893230570586,RUNNING,1.0,False,
0.23,0.0,False,300000.0,990932.0657205578,0.0,66687.65995222412,68750.16489920013,2062.5049469760124,2066.246800955517,454.5598751490849,345.4401248509151,0.0,25.663960113236264,RUNNING,1.0,False,
0.2301,0.0,False,300000.0,996079.7319196048,0.0,66354.22165246299,68406.41407470412,2052.1924222411326,2042.9155669507393,451.9862350725671,348.0137649274329,0.0,25.664026650200785,RUNNING,1.0,False,
0.23020000000000002,0.0,False,300000.0,1001264.2978710482,0.0,66022.45054420068,68064.3820043306,2041.9314601299266,2019.5509891159857,449.3941465034881,350.6058534965119,0.0,25.664092843192694,RUNNING,1.0,False,
0.2303,0.0,False,300000.0,1006486.3684968222,0.0,65692.33829147967,67724.06009430894,2031.72180282927,1996.1532341704058,446.7833070035636,353.2166929964364,0.0,25.66415869393189,RUNNING,1.0,False,
0.23040000000000002,0.0,False,300000.0,1011746.5678294252,0.0,65363.87660002227,67385.43979383739,2021.56319381512,1972.7224679995538,444.1534045799439,355.8465954200561,0.0,25.66422420412967,RUNNING,1.0,False,
0.2305,0.0,False,300000.0,1017045.5398433298,0.0,65037.05721702216,67048.51259486821,2011.455377846054,1949.258855659556,441.50411726953985,358.49588273046015,0.0,25.664289375488785,RUNNING,1.0,False,
0.2306,0.0,False,300000.0,1022383.9493337694,0.0,64711.87193093704,66713.27003189386,2001.398100956816,1925.7625613812584,438.8351126996629,361.1648873003371,0.0,25.66435420970346,RUNNING,1.0,False,
0.23070000000000002,0.0,False,300000.0,1027762.482846235,0.0,64388.31257128236,66379.70368173439,1991.3911104520303,1902.2337485743521,436.1460476233107,363.8539523766893,0.0,25.66441870845946,RUNNING,1.0,False,
0.2308,0.0,False,300000.0,1033181.8496603144,0.0,64066.37100842595,66047.80516332573,1981.4341548997763,1878.6725798314803,433.43656742728575,366.56343257271425,0.0,25.664482873434114,RUNNING,1.0,False,
0.23090000000000002,0.0,False,300000.0,1038642.7828317957,0.0,63746.03915338382,65717.5661375091,1971.5269841252812,1855.0792169323229,430.7063056111813,369.2936943888187,0.0,25.664546706296367,RUNNING,1.0,False,
0.231,0.0,False,300000.0,1044146.0402973193,0.0,63427.3089576169,65388.97830682155,1961.669349204647,1831.4538208476613,427.9548832350977,372.0451167649023,0.0,25.664610208706815,RUNNING,1.0,False,
0.2311,0.0,False,300000.0,1049692.4060462196,0.0,63110.17241282882,65062.03341528744,1951.8610024586233,1807.796551743423,425.18190833376514,374.81809166623486,0.0,25.66467338231776,RUNNING,1.0,False,
0.23120000000000002,0.0,False,300000.0,1055282.6913646252,0.0,62794.62155076468,64736.72324821101,1942.1016974463346,1784.1075689847057,422.38697529454026,377.61302470545974,0.0,25.664736228773233,RUNNING,1.0,False,
0.2313,0.0,False,300000.0,1060917.7361573358,0.0,62480.648443010854,64413.03963196996,1932.3911889591036,1760.3870311397823,419.56966419651724,380.43033580348276,0.0,25.664798749709053,RUNNING,1.0,False,
0.23140000000000002,0.0,False,300000.0,1066598.4103535041,0.0,62168.2452007958,64090.9744338101,1922.7292330143027,1736.6350959840834,416.7295401077398,383.2704598922602,0.0,25.664860946752853,RUNNING,1.0,False,
0.2315,0.0,False,300000.0,1072325.6154027064,0.0,61857.40397479182,63770.51956164106,1913.1155868492351,1712.851920504163,413.86615233722154,386.13384766277846,0.0,25.66492282152413,RUNNING,1.0,False,
0.2316,0.0,False,300000.0,1078100.2858686137,0.0,61548.11695491786,63451.666963832846,1903.5500089149864,1689.037660901642,410.97903363817016,389.02096636182984,0.0,25.664984375634287,RUNNING,1.0,False,
0.23170000000000002,0.0,False,300000.0,1083923.3911281594,0.0,61240.37637014327,63134.408629013684,1894.0322588704148,1665.192472597134,408.0676993584685,391.9323006415315,0.0,25.665045610686665,RUNNING,1.0,False,
0.2318,0.0,False,300000.0,1089795.9371848598,0.0,60934.174488292556,62818.73658586862,1884.5620975760612,1641.3165102341482,405.13164653408006,394.86835346591994,0.0,25.665106528276592,RUNNING,1.0,False,
0.23190000000000002,0.0,False,300000.0,1095718.9686058178,0.0,60629.50361585109,62504.642902939275,1875.1392870881828,1617.4099276829775,402.1703529206221,397.8296470793779,0.0,25.665167129991417,RUNNING,1.0,False,
0.232,0.0,False,300000.0,1101693.5705928681,0.0,60326.35609777184,62192.11968842457,1865.7635906527357,1593.4728780445625,399.18327595786906,400.81672404213094,0.0,25.665227417410552,RUNNING,1.0,False,
0.2321,0.0,False,300000.0,1107720.8711994046,0.0,60024.72431728298,61881.15908998245,1856.4347726994747,1569.5055136543397,396.1698516614231,403.8301483385769,0.0,25.665287392105515,RUNNING,1.0,False,
0.23220000000000002,0.0,False,300000.0,1113802.0437056106,0.0,59724.600695696565,61571.753294532544,1847.152598835979,1545.507986086068,393.1294934351871,406.8705065648129,0.0,25.665347055639966,RUNNING,1.0,False,
0.2323,0.0,False,300000.0,1119938.3091661565,0.0,59425.97769221808,61263.89452805988,1837.9168358417955,1521.4804461556378,390.06159079761204,409.93840920238796,0.0,25.66540640956974,RUNNING,1.0,False,
0.23240000000000002,0.0,False,300000.0,1126130.9391459199,0.0,59128.847803756995,60957.575055419584,1828.727251662589,1497.4230439248595,386.9655080139391,413.0344919860609,0.0,25.665465455442902,RUNNING,1.0,False,
0.2325,0.0,False,300000.0,1132381.2586609803,0.0,58833.20356473821,60652.787180142484,1819.5836154042772,1473.3359287052351,383.84058262581294,416.15941737418706,0.0,25.665524194799772,RUNNING,1.0,False,
0.2326,0.0,False,300000.0,1138690.649344031,0.0,58539.037546914515,60349.52324424177,1810.4856973272545,1449.219249061709,380.6861238686943,419.3138761313057,0.0,25.66558262917297,RUNNING,1.0,False,
0.23270000000000002,0.0,False,300000.0,1145060.5528555096,0.0,58246.342359179944,60047.775628020565,1801.4332688406212,1425.0731528164004,377.5014109664228,422.4985890335772,0.0,25.665640760087452,RUNNING,1.0,False,
0.2328,0.0,False,300000.0,1151492.4745641728,0.0,57955.11064738404,59747.536749880455,1792.4261024964144,1400.8977870523183,374.2856912910669,425.7143087089331,0.0,25.665698589060547,RUNNING,1.0,False,
0.23290000000000002,0.0,False,300000.0,1157987.9875236014,0.0,57665.33509414712,59448.799066131054,1783.4639719839324,1376.6932981170567,371.0381783748212,428.9618216251788,0.0,25.665756117602,RUNNING,1.0,False,
0.233,0.0,False,300000.0,1164548.7367742534,0.0,57377.008418676385,59151.5550708004,1774.546652124016,1352.4598316264714,367.75804975914144,432.24195024085856,0.0,25.66581334721401,RUNNING,1.0,False,
0.2331,0.0,False,300000.0,1171176.4440042507,0.0,57090.123376583004,58855.7972954464,1765.6739188633946,1328.197532468339,364.44444466452484,435.55555533547516,0.0,25.665870279391257,RUNNING,1.0,False,
0.23320000000000002,0.0,False,300000.0,1177872.9126061657,0.0,56804.672759700086,58561.51830896916,1756.8455492690773,1303.9065448059973,361.0964614623075,438.9035385376925,0.0,25.665926915620954,RUNNING,1.0,False,
0.2333,0.0,False,300000.0,1184640.0331717299,0.0,56520.649395901586,58268.710717424314,1748.0613215227277,1279.5870120819673,357.7131549275155,442.2868450724845,0.0,25.665983257382877,RUNNING,1.0,False,
0.23340000000000002,0.0,False,300000.0,1191479.7894717434,0.0,56238.046148922076,57977.367163837196,1739.32101491512,1255.2390770215575,354.2935332491347,445.7064667508653,0.0,25.666039306149404,RUNNING,1.0,False,
0.2335,0.0,False,300000.0,1198394.2649746132,0.0,55956.85591817747,57687.48032801801,1730.624409840544,1230.8628816364496,350.8365547710856,449.1634452289144,0.0,25.666095063385548,RUNNING,1.0,False,
0.2336,0.0,False,300000.0,1205385.6499640509,0.0,55677.07163858658,57399.04292637792,1721.9712877913407,1206.4585672282674,347.34112443364194,452.65887556635806,0.0,25.666150530548997,RUNNING,1.0,False,
0.23370000000000002,0.0,False,300000.0,1212456.2493246621,0.0,55398.686280393646,57112.047711746025,1713.3614313523794,1182.026274392126,343.8060898809278,456.1939101190722,0.0,25.666205709090153,RUNNING,1.0,False,
0.2338,0.0,False,300000.0,1219608.491073684,0.0,55121.692848991675,56826.4874731873,1704.7946241956233,1157.5661430201653,340.23023719536826,459.76976280463174,0.0,25.66626060045217,RUNNING,1.0,False,
0.23390000000000002,0.0,False,300000.0,1226844.9357282047,0.0,54846.08438474672,56542.35503582136,1696.270651074643,1133.0783123050644,336.6122862144316,463.3877137855684,0.0,25.666315206070973,RUNNING,1.0,False,
0.234,0.0,False,300000.0,1234168.2866101128,0.0,54571.853962822985,56259.64326064225,1687.7892978192685,1108.562920743539,332.9508853785403,467.0491146214597,0.0,25.666369527375323,RUNNING,1.0,False,
0.2341,0.0,False,300000.0,1241581.4012061693,0.0,54298.99469300887,55978.34504433904,1679.3503513301694,1084.0201061398213,329.2446060514616,470.7553939485384,0.0,25.666423565786825,RUNNING,1.0,False,
0.23420000000000002,0.0,False,300000.0,1249087.3037183555,0.0,54027.499719543826,55698.45331911735,1670.9535995735205,1059.4500056091222,325.4919362456038,474.5080637543962,0.0,25.666477322719984,RUNNING,1.0,False,
0.2343,0.0,False,300000.0,1256689.1989606153,0.0,53757.36222094611,55419.961052521765,1662.598831575655,1034.8527555810765,321.6912736741667,478.3087263258333,0.0,25.66653079958223,RUNNING,1.0,False,
0.23440000000000003,0.0,False,300000.0,1264390.487782901,0.0,53488.57540984138,55142.861247259156,1654.285837417774,1010.2284918031711,317.84091803969653,482.15908196030347,0.0,25.66658399777395,RUNNING,1.0,False,
0.23450000000000001,0.0,False,300000.0,1272194.78423289,0.0,53221.13253279217,54867.14694102286,1646.014408230687,985.5773493441552,313.93906245387103,486.06093754612897,0.0,25.66663691868854,RUNNING,1.0,False,
0.2346,0.0,False,300000.0,1280105.9347008702,0.0,52955.02687012821,54592.81120631775,1637.7843361895357,960.8994625974344,309.9837838657749,490.0162161342251,0.0,25.666689563712417,RUNNING,1.0,False,
0.23470000000000002,0.0,False,300000.0,1288128.0393353729,0.0,52690.25173577757,54319.84715028616,1629.5954145085852,936.1949652844472,305.973032354887,494.026967645113,0.0,25.666741934225076,RUNNING,1.0,False,
0.2348,0.0,False,300000.0,1296265.4760677605,0.0,52426.80047709868,54048.247914534724,1621.4474374360434,911.463990458025,301.9046191196857,498.0953808803143,0.0,25.666794031599114,RUNNING,1.0,False,
0.2349,0.0,False,300000.0,1304522.9276451955,0.0,52164.66647471319,53778.00667496205,1613.3402002488656,886.7066705057349,297.77620296218015,502.22379703781985,0.0,25.666845857200258,RUNNING,1.0,False,
0.23500000000000001,0.0,False,300000.0,1312905.4121457483,0.0,51903.84314233962,53509.116641587236,1605.273499247618,861.9231371532062,293.5852750314985,506.4147249685015,0.0,25.66689741238741,RUNNING,1.0,False,
0.2351,0.0,False,300000.0,1321418.317540229,0.0,51644.32392662792,53241.5710583793,1597.2471317513773,837.1135214674401,289.32914154426965,510.67085845573035,0.0,25.666948698512677,RUNNING,1.0,False,
0.23520000000000002,0.0,False,300000.0,1330067.4409768006,0.0,51386.10230699478,52975.3632030874,1589.2608960926227,812.2779538601029,285.00490414378885,514.9950958562112,0.0,25.666999716921406,RUNNING,1.0,False,
0.2353,0.0,False,300000.0,1338859.0336021455,0.0,51129.171795459806,52710.486387071964,1581.3145916121575,787.4165640908024,280.60943749111544,519.3905625088846,0.0,25.66705046895222,RUNNING,1.0,False,
0.2354,0.0,False,300000.0,1347799.851904073,0.0,50873.52593648251,52446.933955136614,1573.4080186541032,762.5294812703484,276.1393635956939,523.8606364043061,0.0,25.66710095593704,RUNNING,1.0,False,
0.23550000000000001,0.0,False,300000.0,1356897.2167744911,0.0,50619.1583068001,52184.699285360926,1565.540978560828,737.6168338639966,271.59102228608305,528.408977713917,0.0,25.66715117920114,RUNNING,1.0,False,
0.2356,0.0,False,300000.0,1366159.0817612403,0.0,50366.062515266094,51923.775788934116,1557.7132736680214,712.6787496946766,266.9604370865984,533.0395629134016,0.0,25.667201140063163,RUNNING,1.0,False,
0.23570000000000002,0.0,False,300000.0,1375594.1123193272,0.0,50114.23220268976,51664.15690998945,1549.9247072996877,687.7153559462032,262.2432755946667,537.7567244053332,0.0,25.66725083983515,RUNNING,1.0,False,
0.2358,0.0,False,300000.0,1385211.7783094991,0.0,49863.661041676314,51405.8361254395,1542.1750837631844,662.7267791664722,257.43480323500785,542.5651967649922,0.0,25.667300279822594,RUNNING,1.0,False,
0.2359,0.0,False,300000.0,1395022.4625561645,0.0,49614.34273646793,51148.8069448123,1534.4642083443687,637.7131452706398,252.52982898474386,547.4701710152561,0.0,25.667349461324452,RUNNING,1.0,False,
0.23600000000000002,0.0,False,300000.0,1405037.5890106729,0.0,49366.27102278559,50893.06291008824,1526.7918873026501,612.6745795442865,247.52264129656635,552.4773587034337,0.0,25.66739838563319,RUNNING,1.0,False,
0.2361,0.0,False,300000.0,1415269.7750303193,0.0,49119.439667671664,50638.5975955378,1519.1579278661375,587.611206646565,242.406931964943,557.5930680350571,0.0,25.667447054034817,RUNNING,1.0,False,
0.23620000000000002,0.0,False,300000.0,1425733.0135637713,0.0,48873.84246933331,50385.404607560115,1511.5621382268073,562.5231506133322,237.1757050402364,562.8242949597636,0.0,25.667495467808898,RUNNING,1.0,False,
0.2363,0.0,False,300000.0,1436442.892752541,0.0,48629.47325698664,50133.47758452231,1504.004327535673,537.4105348602656,231.82116703620176,568.1788329637982,0.0,25.667543628228614,RUNNING,1.0,False,
0.2364,0.0,False,300000.0,1447416.8627942454,0.0,48386.32589070171,49882.8101965997,1496.4843058979895,512.2734821859642,226.33459350836412,573.6654064916358,0.0,25.66759153656077,RUNNING,1.0,False,
0.23650000000000002,0.0,False,300000.0,1458674.5631305014,0.0,48144.3942612482,49633.3961456167,1489.001884368503,487.1121147750344,220.7061654723389,579.2938345276611,0.0,25.667639194065845,RUNNING,1.0,False,
0.2366,0.0,False,300000.0,1470238.2275170875,0.0,47903.672289941955,49385.22916488862,1481.556874946662,461.9265542011592,214.92476688393992,585.0752331160601,0.0,25.66768660199801,RUNNING,1.0,False,
0.23670000000000002,0.0,False,300000.0,1482133.1909139233,0.0,47664.15392849225,49138.30301906417,1474.1490905719256,436.7169214301534,208.9777312131973,591.0222687868027,0.0,25.66773376160517,RUNNING,1.0,False,
0.2368,0.0,False,300000.0,1494388.531347089,0.0,47425.83315884979,48892.61150396886,1466.7783451190699,411.4833368230026,202.8505205374151,597.1494794625848,0.0,25.667780674128984,RUNNING,1.0,False,
0.2369,0.0,False,300000.0,1507037.8934627376,0.0,47188.70399305554,48648.14844644901,1459.444453393473,386.2259201388876,196.52631379509657,603.4736862049034,0.0,25.66782734080491,RUNNING,1.0,False,
0.23700000000000002,0.0,False,300000.0,1520120.5609019464,0.0,46952.76047309026,48404.90770421676,1452.1472311265024,360.94479053819316,189.98547063872888,610.0145293612711,0.0,25.667873762862218,RUNNING,1.0,False,
0.2371,0.0,False,300000.0,1533682.8760709604,0.0,46717.99667072481,48162.88316569568,1444.8864949708732,335.6400665855022,183.20482160289947,616.7951783971005,0.0,25.667919941524048,RUNNING,1.0,False,
0.23720000000000002,0.0,False,300000.0,1547780.1556576283,0.0,46484.406687371185,47922.068749867205,1437.6620624960196,310.3118662525747,176.15671041790452,623.8432895820955,0.0,25.667965878007408,RUNNING,1.0,False,
0.2373,0.0,False,300000.0,1562479.3314955963,0.0,46251.98465393433,47682.45840611786,1430.473752183534,284.9603069213118,168.80767367667616,631.1923263233239,0.0,25.66801157352323,RUNNING,1.0,False,
0.2374,0.0,False,300000.0,1577862.6837617606,0.0,46020.72473066465,47444.04611408727,1423.321383422619,259.5855053867053,161.11657437604154,638.8834256239585,0.0,25.66805702927639,RUNNING,1.0,False,
0.23750000000000002,0.0,False,300000.0,1594033.2754830713,0.0,45790.62110701133,47206.82588351683,1416.204776505503,234.18757785977175,153.03188486709942,646.9681151329006,0.0,25.66810224646574,RUNNING,1.0,False,
0.2376,0.0,False,300000.0,1611123.1445563596,0.0,45561.66800147627,46970.79175409925,1409.1237526229816,208.76663997047288,144.4875911524837,655.5124088475163,0.0,25.668147226284134,RUNNING,1.0,False,
0.23770000000000002,0.0,False,300000.0,1629306.1848259387,0.0,45333.85966146889,46735.93779532875,1402.0781338598608,183.3228067706205,135.39675283056846,664.6032471694316,0.0,25.668191969918468,RUNNING,1.0,False,
0.2378,0.0,False,300000.0,1648819.485035451,0.0,45107.19036316154,46502.25810635211,1395.0677431905642,157.85619273676738,125.6408344196931,674.3591655803069,0.0,25.668236478549698,RUNNING,1.0,False,
0.2379,0.0,False,300000.0,1670001.1024236267,0.0,44881.654411345735,46269.74681582035,1388.0924044746134,132.36691177308353,115.05081997668836,684.9491800233117,0.0,25.668280753352875,RUNNING,1.0,False,
0.23800000000000002,0.0,False,300000.0,1693363.0353512992,0.0,44657.246139289,46038.398081741245,1381.1519424522412,106.8550772142181,103.37072951963631,696.6292704803636,0.0,25.668324795497178,RUNNING,1.0,False,
0.2381,0.0,False,300000.0,1719750.3790480774,0.0,44433.95990859256,45808.20609133253,1374.2461827399748,81.320801828147,90.17804712242719,709.8219528775728,0.0,25.66836860614594,RUNNING,1.0,False,
0.23820000000000002,0.0,False,300000.0,1750757.9395397173,0.0,44211.790109049594,45579.16506087587,1367.3749518262775,55.764197819006256,74.67542957292329,725.3245704270767,0.0,25.668412186456678,RUNNING,1.0,False,
0.2383,0.0,False,300000.0,1790229.318309097,0.0,43990.73115850435,45351.2692355715,1360.5380770671472,30.185376829911213,54.941220253932485,745.0587797460676,0.0,25.668455537581117,RUNNING,1.0,False,
0.2384,0.0,False,300000.0,1857294.1309998685,0.0,43770.777502711826,45124.512889393634,1353.7353866818084,4.584449945761648,21.411328650416927,778.588671349583,0.0,25.66849866066523,RUNNING,1.0,False,
0.23850000000000002,0.0,False,300000.0,1880118.5,0.0,43551.92361519827,44898.89032494667,1346.966709748398,1.0,10.0,790.0,0.0,25.66854155684925,RUNNING,1.0,False,
0.2386,0.0,False,300000.0,1880118.5,0.0,43334.163997122276,44674.39587332193,1340.2318761996576,1.0,10.0,790.0,0.0,25.66858422726772,RUNNING,1.0,False,
0.23870000000000002,0.0,False,300000.0,1880118.5,0.0,43117.49317713666,44451.023893955324,1333.5307168186628,1.0,10.0,790.0,0.0,25.668626673049502,RUNNING,1.0,False,
0.2388,0.0,False,300000.0,1880118.5,0.0,42901.905711250976,44228.76877448554,1326.8630632345667,1.0,10.0,790.0,0.0,25.66866889531782,RUNNING,1.0,False,
0.2389,0.0,False,300000.0,1880118.5,0.0,42687.39618269472,44007.624930613114,1320.2287479183942,1.0,10.0,790.0,0.0,25.668710895190276,RUNNING,1.0,False,
0.23900000000000002,0.0,False,300000.0,1880118.5,0.0,42473.95920178125,43787.58680596005,1313.6276041788005,1.0,10.0,790.0,0.0,25.66875267377889,RUNNING,1.0,False,
0.2391,0.0,False,300000.0,1880118.5,0.0,42261.58940577234,43568.64887193025,1307.059466157909,1.0,10.0,790.0,0.0,25.668794232190116,RUNNING,1.0,False,
0.23920000000000002,0.0,False,300000.0,1880118.5,0.0,42050.28145874348,43350.8056275706,1300.5241688271199,1.0,10.0,790.0,0.0,25.66883557152488,RUNNING,1.0,False,
0.2393,0.0,False,300000.0,1880118.5,0.0,41840.03005144976,43134.05159943274,1294.0215479829858,1.0,10.0,790.0,0.0,25.6688766928786,RUNNING,1.0,False,
0.2394,0.0,False,300000.0,1880118.5,0.0,41630.82990119251,42918.38134143558,1287.5514402430708,1.0,10.0,790.0,0.0,25.668917597341224,RUNNING,1.0,False,
0.23950000000000002,0.0,False,300000.0,1880118.5,0.0,41422.67575168655,42703.7894347284,1281.1136830418545,1.0,10.0,790.0,0.0,25.668958285997242,RUNNING,1.0,False,
0.2396,0.0,False,300000.0,1880118.5,0.0,41215.562372928114,42490.27048755476,1274.7081146266428,1.0,10.0,790.0,0.0,25.668998759925724,RUNNING,1.0,False,
0.23970000000000002,0.0,False,300000.0,1880118.5,0.0,41009.48456106347,42277.81913511698,1268.3345740535078,1.0,10.0,790.0,0.0,25.669039020200344,RUNNING,1.0,False,
0.2398,0.0,False,300000.0,1880118.5,0.0,40804.43713825815,42066.430039441395,1261.9929011832428,1.0,10.0,790.0,0.0,25.669079067889413,RUNNING,1.0,False,
0.2399,0.0,False,300000.0,1880118.5,0.0,40600.41495256686,41856.097889244185,1255.6829366773236,1.0,10.0,790.0,0.0,25.669118904055892,RUNNING,1.0,False,
0.24000000000000002,0.0,False,300000.0,1880118.5,0.0,40397.412877804025,41646.81739979797,1249.4045219939435,1.0,10.0,790.0,0.0,25.669158529757436,RUNNING,1.0,False,
0.2401,0.0,False,300000.0,1880118.5,0.0,40195.42581341501,41438.583312798975,1243.1574993839677,1.0,10.0,790.0,0.0,25.669197946046403,RUNNING,1.0,False,
0.24020000000000002,0.0,False,300000.0,1880118.5,0.0,39994.44868434793,41231.39039623498,1236.9417118870479,1.0,10.0,790.0,0.0,25.669237153969895,RUNNING,1.0,False,
0.2403,0.0,False,300000.0,1880118.5,0.0,39794.47644092619,41025.233444253805,1230.7570033276133,1.0,10.0,790.0,0.0,25.66927615456978,RUNNING,1.0,False,
0.2404,0.0,False,300000.0,1880118.5,0.0,39595.50405872156,40820.10727703254,1224.6032183109783,1.0,10.0,790.0,0.0,25.669314948882707,RUNNING,1.0,False,
0.24050000000000002,0.0,False,300000.0,1880118.5,0.0,39397.526538427956,40616.006740647375,1218.4802022194199,1.0,10.0,790.0,0.0,25.669353537940154,RUNNING,1.0,False,
0.2406,0.0,False,300000.0,1880118.5,0.0,39200.53890573582,40412.92670694414,1212.3878012083223,1.0,10.0,790.0,0.0,25.669391922768433,RUNNING,1.0,False,
0.24070000000000003,0.0,False,300000.0,1880118.5,0.0,39004.53621120714,40210.86207340942,1206.325862202284,1.0,10.0,790.0,0.0,25.66943010438873,RUNNING,1.0,False,
0.24080000000000001,0.0,False,300000.0,1880118.5,0.0,38809.5135301511,40009.80776304238,1200.294232891276,1.0,10.0,790.0,0.0,25.669468083817122,RUNNING,1.0,False,
0.2409,0.0,False,300000.0,1880118.5,0.0,38615.46596250035,39809.75872422716,1194.2927617268142,1.0,10.0,790.0,0.0,25.669505862064607,RUNNING,1.0,False,
0.24100000000000002,0.0,False,300000.0,1880118.5,0.0,38422.38863268785,39610.70993060603,1188.3212979181844,1.0,10.0,790.0,0.0,25.669543440137126,RUNNING,1.0,False,
0.2411,0.0,False,300000.0,1880118.5,0.0,38230.27668952441,39412.656380953005,1182.3796914285922,1.0,10.0,790.0,0.0,25.669580819035588,RUNNING,1.0,False,
0.2412,0.0,False,300000.0,1880118.5,0.0,38039.12530607679,39215.59309904824,1176.4677929714453,1.0,10.0,790.0,0.0,25.669617999755904,RUNNING,1.0,False,
0.24130000000000001,0.0,False,300000.0,1880118.5,0.0,37848.92967954641,39019.515133553,1170.585454006592,1.0,10.0,790.0,0.0,25.669654983289004,RUNNING,1.0,False,
0.2414,0.0,False,300000.0,1880118.5,0.0,37659.68503114868,38824.41755788524,1164.7325267365595,1.0,10.0,790.0,0.0,25.669691770620858,RUNNING,1.0,False,
0.24150000000000002,0.0,False,300000.0,1880118.5,0.0,37471.386605992935,38630.29547009581,1158.908864102872,1.0,10.0,790.0,0.0,25.669728362732513,RUNNING,1.0,False,
0.2416,0.0,False,300000.0,1880118.5,0.0,37284.02967296297,38437.14399274533,1153.1143197823621,1.0,10.0,790.0,0.0,25.669764760600106,RUNNING,1.0,False,
0.2417,0.0,False,300000.0,1880118.5,0.0,37097.609524598156,38244.95827278161,1147.3487481834527,1.0,10.0,790.0,0.0,25.6698009651949,RUNNING,1.0,False,
0.24180000000000001,0.0,False,300000.0,1880118.5,0.0,36912.12147697517,38053.7334814177,1141.6120044425334,1.0,10.0,790.0,0.0,25.66983697748329,RUNNING,1.0,False,
0.2419,0.0,False,300000.0,1880118.5,0.0,36727.56086959029,37863.464814010615,1135.9039444203227,1.0,10.0,790.0,0.0,25.669872798426844,RUNNING,1.0,False,
0.24200000000000002,0.0,False,300000.0,1880118.5,0.0,36543.92306524234,37674.14748994056,1130.2244246982154,1.0,10.0,790.0,0.0,25.669908428982332,RUNNING,1.0,False,
0.2421,0.0,False,300000.0,1880118.5,0.0,36361.20344991613,37485.776752490856,1124.573302574725,1.0,10.0,790.0,0.0,25.669943870101726,RUNNING,1.0,False,
0.2422,0.0,False,300000.0,1880118.5,0.0,36179.39743266655,37298.3478687284,1118.950436061852,1.0,10.0,790.0,0.0,25.669979122732244,RUNNING,1.0,False,
0.24230000000000002,0.0,False,300000.0,1880118.5,0.0,35998.50044550322,37111.85612938476,1113.355683881542,1.0,10.0,790.0,0.0,25.67001418781637,RUNNING,1.0,False,
0.2424,0.0,False,300000.0,1880118.5,0.0,35818.507943275705,36926.29684873784,1107.7889054621337,1.0,10.0,790.0,0.0,25.670049066291874,RUNNING,1.0,False,
0.24250000000000002,0.0,False,300000.0,1880118.5,0.0,35639.415403559324,36741.66536449415,1102.2499609348233,1.0,10.0,790.0,0.0,25.670083759091835,RUNNING,1.0,False,
0.2426,0.0,False,300000.0,1880118.5,0.0,35461.21832654153,36557.95703767168,1096.7387111301505,1.0,10.0,790.0,0.0,25.67011826714467,RUNNING,1.0,False,
0.2427,0.0,False,300000.0,1880118.5,0.0,35283.91223490882,36375.16725248332,1091.2550175744982,1.0,10.0,790.0,0.0,25.67015259137415,RUNNING,1.0,False,
0.24280000000000002,0.0,False,300000.0,1880118.5,0.0,35107.492673734276,36193.291416220905,1085.7987424866296,1.0,10.0,790.0,0.0,25.67018673269943,RUNNING,1.0,False,
0.2429,0.0,False,300000.0,1880118.5,0.0,34931.9552103656,36012.3249591398,1080.3697487741956,1.0,10.0,790.0,0.0,25.670220692035073,RUNNING,1.0,False,
0.24300000000000002,0.0,False,300000.0,1880118.5,0.0,34757.295434313775,35832.2633343441,1074.9679000303222,1.0,10.0,790.0,0.0,25.67025447029106,RUNNING,1.0,False,
0.2431,0.0,False,300000.0,1880118.5,0.0,34583.50895714221,35653.102017672376,1069.5930605301692,1.0,10.0,790.0,0.0,25.670288068372827,RUNNING,1.0,False,
0.2432,0.0,False,300000.0,1880118.5,0.0,34410.591412356494,35474.83650758402,1064.2450952275249,1.0,10.0,790.0,0.0,25.670321487181283,RUNNING,1.0,False,
0.24330000000000002,0.0,False,300000.0,1880118.5,0.0,34238.538455294714,35297.4623250461,1058.9238697513865,1.0,10.0,790.0,0.0,25.670354727612832,RUNNING,1.0,False,
0.2434,0.0,False,300000.0,1880118.5,0.0,34067.34576301824,35120.975013420866,1053.6292504026278,1.0,10.0,790.0,0.0,25.6703877905594,RUNNING,1.0,False,
0.24350000000000002,0.0,False,300000.0,1880118.5,0.0,33897.00903420315,34945.37013835376,1048.3611041506156,1.0,10.0,790.0,0.0,25.670420676908446,RUNNING,1.0,False,
0.2436,0.0,False,300000.0,1880118.5,0.0,33727.52398903213,34770.643287661995,1043.119298629863,1.0,10.0,790.0,0.0,25.670453387542995,RUNNING,1.0,False,
0.2437,0.0,False,300000.0,1880118.5,0.0,33558.88636908697,34596.79007122368,1037.9037021367112,1.0,10.0,790.0,0.0,25.67048592334166,RUNNING,1.0,False,
0.24380000000000002,0.0,False,300000.0,1880118.5,0.0,33391.09193724154,34423.806120867564,1032.714183626027,1.0,10.0,790.0,0.0,25.67051828517865,RUNNING,1.0,False,
0.2439,0.0,False,300000.0,1880118.5,0.0,33224.13647755533,34251.68709026323,1027.5506127078988,1.0,10.0,790.0,0.0,25.67055047392382,RUNNING,1.0,False,
0.24400000000000002,0.0,False,300000.0,1880118.5,0.0,33058.01579516755,34080.428654811905,1022.4128596443552,1.0,10.0,790.0,0.0,25.670582490442666,RUNNING,1.0,False,
0.2441,0.0,False,300000.0,1880118.5,0.0,32892.725716191715,33910.02651153785,1017.3007953461347,1.0,10.0,790.0,0.0,25.67061433559635,RUNNING,1.0,False,
0.2442,0.0,False,300000.0,1880118.5,0.0,32728.262087610758,33740.476378980165,1012.2142913694079,1.0,10.0,790.0,0.0,25.670646010241743,RUNNING,1.0,False,
0.24430000000000002,0.0,False,300000.0,1880118.5,0.0,32564.620777172702,33571.77399708526,1007.1532199125613,1.0,10.0,790.0,0.0,25.67067751523142,RUNNING,1.0,False,
0.2444,0.0,False,300000.0,1880118.5,0.0,32401.797673286837,33403.91512709983,1002.1174538129962,1.0,10.0,790.0,0.0,25.6707088514137,RUNNING,1.0,False,
0.24450000000000002,0.0,False,300000.0,1880118.5,0.0,32239.788684920404,33236.89555146434,997.1068665439343,1.0,10.0,790.0,0.0,25.670740019632657,RUNNING,1.0,False,
0.2446,0.0,False,300000.0,1880118.5,0.0,32078.5897414958,33070.71107370701,992.1213322112089,1.0,10.0,790.0,0.0,25.670771020728143,RUNNING,1.0,False,
0.2447,0.0,False,300000.0,1880118.5,0.0,31918.196792788323,32905.35751833848,987.1607255501585,1.0,10.0,790.0,0.0,25.670801855535814,RUNNING,1.0,False,
0.24480000000000002,0.0,False,300000.0,1880118.5,0.0,31758.60580882438,32740.830730746784,982.2249219224032,1.0,10.0,790.0,0.0,25.670832524887146,RUNNING,1.0,False,
0.2449,0.0,False,300000.0,1880118.5,0.0,31599.81277978026,32577.12657709305,977.3137973127923,1.0,10.0,790.0,0.0,25.67086302960946,RUNNING,1.0,False,
0.24500000000000002,0.0,False,300000.0,1880118.5,0.0,31441.81371588136,32414.240944207588,972.4272283262289,1.0,10.0,790.0,0.0,25.67089337052594,RUNNING,1.0,False,
0.2451,0.0,False,300000.0,1880118.5,0.0,31284.604647301952,32252.16973948655,967.565092184599,1.0,10.0,790.0,0.0,25.670923548455647,RUNNING,1.0,False,
0.2452,0.0,False,300000.0,1880118.5,0.0,31128.181624065444,32090.90889078912,962.7272667236757,1.0,10.0,790.0,0.0,25.67095356421356,RUNNING,1.0,False,
0.24530000000000002,0.0,False,300000.0,1880118.5,0.0,30972.540715945117,31930.454346335173,957.9136303900559,1.0,10.0,790.0,0.0,25.670983418610568,RUNNING,1.0,False,
0.2454,0.0,False,300000.0,1880118.5,0.0,30817.67801236539,31770.802074603496,953.1240622381047,1.0,10.0,790.0,0.0,25.67101311245352,RUNNING,1.0,False,
0.24550000000000002,0.0,False,300000.0,1880118.5,0.0,30663.589622303563,31611.948064230477,948.3584419269137,1.0,10.0,790.0,0.0,25.671042646545217,RUNNING,1.0,False,
0.2456,0.0,False,300000.0,1880118.5,0.0,30510.271674192045,31453.888323909327,943.6166497172817,1.0,10.0,790.0,0.0,25.67107202168446,RUNNING,1.0,False,
0.2457,0.0,False,300000.0,1880118.5,0.0,30357.720315821083,31296.61888228978,938.8985664686952,1.0,10.0,790.0,0.0,25.671101238666044,RUNNING,1.0,False,
0.24580000000000002,0.0,False,300000.0,1880118.5,0.0,30205.93171424198,31140.13578787833,934.2040736363524,1.0,10.0,790.0,0.0,25.671130298280797,RUNNING,1.0,False,
0.2459,0.0,False,300000.0,1880118.5,0.0,30054.90205567077,30984.43510893894,929.5330532681692,1.0,10.0,790.0,0.0,25.67115920131559,RUNNING,1.0,False,
0.24600000000000002,0.0,False,300000.0,1880118.5,0.0,29904.627545392414,30829.512933394242,924.8853880018287,1.0,10.0,790.0,0.0,25.67118794855336,RUNNING,1.0,False,
0.2461,0.0,False,300000.0,1880118.5,0.0,29755.10440766545,30675.36536872727,920.2609610618201,1.0,10.0,790.0,0.0,25.67121654077313,RUNNING,1.0,False,
0.2462,0.0,False,300000.0,1880118.5,0.0,29606.328885627125,30521.988541883635,915.6596562565101,1.0,10.0,790.0,0.0,25.67124497875003,RUNNING,1.0,False,
0.24630000000000002,0.0,False,300000.0,1880118.5,0.0,29458.29724119899,30369.37859917422,911.0813579752285,1.0,10.0,790.0,0.0,25.67127326325531,RUNNING,1.0,False,
0.2464,0.0,False,300000.0,1880118.5,0.0,29311.005754992995,30217.531706178346,906.525951185351,1.0,10.0,790.0,0.0,25.671301395056364,RUNNING,1.0,False,
0.24650000000000002,0.0,False,300000.0,1880118.5,0.0,29164.45072621803,30066.444047647456,901.9933214294251,1.0,10.0,790.0,0.0,25.671329374916752,RUNNING,1.0,False,
0.2466,0.0,False,300000.0,1880118.5,0.0,29018.62847258694,29916.11182740922,897.4833548222778,1.0,10.0,790.0,0.0,25.671357203596216,RUNNING,1.0,False,
0.2467,0.0,False,300000.0,1880118.5,0.0,28873.535330224007,29766.531268272174,892.9959380481669,1.0,10.0,790.0,0.0,25.6713848818507,RUNNING,1.0,False,
0.24680000000000002,0.0,False,300000.0,1880118.5,0.0,28729.167653572888,29617.698611930813,888.5309583579256,1.0,10.0,790.0,0.0,25.67141241043236,RUNNING,1.0,False,
0.2469,0.0,False,300000.0,1880118.5,0.0,28585.521815305023,29469.61011887116,884.0883035661354,1.0,10.0,790.0,0.0,25.671439790089604,RUNNING,1.0,False,
0.24700000000000003,0.0,False,300000.0,1880118.5,0.0,28442.5942062285,29322.262068276803,879.6678620483035,1.0,10.0,790.0,0.0,25.67146702156709,RUNNING,1.0,False,
0.24710000000000001,0.0,False,300000.0,1880118.5,0.0,28300.381235197357,29175.650757935422,875.2695227380646,1.0,10.0,790.0,0.0,25.671494105605753,RUNNING,1.0,False,
0.2472,0.0,False,300000.0,1880118.5,0.0,28158.87932902137,29029.77250414574,870.8931751243726,1.0,10.0,790.0,0.0,25.671521042942825,RUNNING,1.0,False,
0.24730000000000002,0.0,False,300000.0,1880118.5,0.0,28018.084932376263,28884.623641625014,866.5387092487508,1.0,10.0,790.0,0.0,25.671547834311852,RUNNING,1.0,False,
0.2474,0.0,False,300000.0,1880118.5,0.0,27877.994507714382,28740.20052341689,862.206015702508,1.0,10.0,790.0,0.0,25.67157448044271,RUNNING,1.0,False,
0.24750000000000003,0.0,False,300000.0,1880118.5,0.0,27738.60453517581,28596.499520799807,857.894985623996,1.0,10.0,790.0,0.0,25.671600982061634,RUNNING,1.0,False,
0.24760000000000001,0.0,False,300000.0,1880118.5,0.0,27599.911512499933,28453.517023195807,853.6055106958738,1.0,10.0,790.0,0.0,25.671627339891213,RUNNING,1.0,False,
0.2477,0.0,False,300000.0,1880118.5,0.0,27461.911954937434,28311.24943807983,849.3374831423971,1.0,10.0,790.0,0.0,25.671653554650437,RUNNING,1.0,False,
0.24780000000000002,0.0,False,300000.0,1880118.5,0.0,27324.602395162747,28169.69319088943,845.0907957266827,1.0,10.0,790.0,0.0,25.671679627054694,RUNNING,1.0,False,
0.2479,0.0,False,300000.0,1880118.5,0.0,27187.979383186932,28028.84472493498,840.8653417480491,1.0,10.0,790.0,0.0,25.671705557815795,RUNNING,1.0,False,
0.248,0.0,False,300000.0,1880118.5,0.0,27052.039486270998,27888.700501310308,836.6610150393099,1.0,10.0,790.0,0.0,25.671731347641995,RUNNING,1.0,False,
0.24810000000000001,0.0,False,300000.0,1880118.5,0.0,26916.779288839643,27749.256998803758,832.4777099641142,1.0,10.0,790.0,0.0,25.671756997238003,RUNNING,1.0,False,
0.2482,0.0,False,300000.0,1880118.5,0.0,26782.195392395446,27610.510713809737,828.3153214142912,1.0,10.0,790.0,0.0,25.67178250730501,RUNNING,1.0,False,
0.24830000000000002,0.0,False,300000.0,1880118.5,0.0,26648.284415433467,27472.458160240687,824.1737448072199,1.0,10.0,790.0,0.0,25.6718078785407,RUNNING,1.0,False,
0.2484,0.0,False,300000.0,1880118.5,0.0,26515.0429933563,27335.095869439483,820.052876083184,1.0,10.0,790.0,0.0,25.671833111639266,RUNNING,1.0,False,
0.2485,0.0,False,300000.0,1880118.5,0.0,26382.467778389517,27198.420390092288,815.9526117027708,1.0,10.0,790.0,0.0,25.67185820729143,RUNNING,1.0,False,
0.24860000000000002,0.0,False,300000.0,1880118.5,0.0,26250.55543949757,27062.428288141826,811.872848644256,1.0,10.0,790.0,0.0,25.67188316618446,RUNNING,1.0,False,
0.2487,0.0,False,300000.0,1880118.5,0.0,26119.30266230008,26927.116146701115,807.8134844010347,1.0,10.0,790.0,0.0,25.671907989002197,RUNNING,1.0,False,
0.24880000000000002,0.0,False,300000.0,1880118.5,0.0,25988.706148988582,26792.48056596761,803.7744169790276,1.0,10.0,790.0,0.0,25.671932676425048,RUNNING,1.0,False,
0.2489,0.0,False,300000.0,1880118.5,0.0,25858.76261824364,26658.518163137775,799.7555448941348,1.0,10.0,790.0,0.0,25.671957229130026,RUNNING,1.0,False,
0.249,0.0,False,300000.0,1880118.5,0.0,25729.46880515242,26525.225572322084,795.7567671696634,1.0,10.0,790.0,0.0,25.67198164779076,RUNNING,1.0,False,
0.24910000000000002,0.0,False,300000.0,1880118.5,0.0,25600.82146112666,26392.599444460473,791.7779833338136,1.0,10.0,790.0,0.0,25.672005933077504,RUNNING,1.0,False,
0.2492,0.0,False,300000.0,1880118.5,0.0,25472.817353821025,26260.636447238172,787.8190934171471,1.0,10.0,790.0,0.0,25.67203008565717,RUNNING,1.0,False,
0.24930000000000002,0.0,False,300000.0,1880118.5,0.0,25345.45326705192,26129.33326500198,783.8799979500618,1.0,10.0,790.0,0.0,25.672054106193333,RUNNING,1.0,False,
0.2494,0.0,False,300000.0,1880118.5,0.0,25218.72600071666,25998.68659867697,779.9605979603111,1.0,10.0,790.0,0.0,25.672077995346243,RUNNING,1.0,False,
0.2495,0.0,False,300000.0,1880118.5,0.0,25092.632370713076,25868.693165683584,776.0607949705081,1.0,10.0,790.0,0.0,25.672101753772857,RUNNING,1.0,False,
0.24960000000000002,0.0,False,300000.0,1880118.5,0.0,24967.169208859512,25739.349699855167,772.1804909956554,1.0,10.0,790.0,0.0,25.672125382126843,RUNNING,1.0,False,
0.2497,0.0,False,300000.0,1880118.5,0.0,24842.333362815214,25610.652951355893,768.3195885406785,1.0,10.0,790.0,0.0,25.672148881058604,RUNNING,1.0,False,
0.24980000000000002,0.0,False,300000.0,1880118.5,0.0,24718.121696001137,25482.59968659911,764.477990597974,1.0,10.0,790.0,0.0,25.672172251215287,RUNNING,1.0,False,
0.2499,0.0,False,300000.0,1880118.5,0.0,24594.531087521133,25355.186688166115,760.6556006449828,1.0,10.0,790.0,0.0,25.672195493240803,RUNNING,1.0,False,
0.25,0.0,False,300000.0,1880118.5,0.0,24471.558432083526,25228.410754725286,756.8523226417601,1.0,10.0,790.0,0.0,25.672218607775847,RUNNING,1.0,False,
0.2501,0.0,False,300000.0,1880118.5,0.0,24349.200639923107,25102.268700951656,753.068061028549,1.0,10.0,790.0,0.0,25.67224159545791,RUNNING,1.0,False,
0.25020000000000003,0.0,False,300000.0,1880118.5,0.0,24227.45463672349,24976.7573574469,749.3027207234081,1.0,10.0,790.0,0.0,25.67226445692129,RUNNING,1.0,False,
0.2503,0.0,False,300000.0,1880118.5,0.0,24106.317363539874,24851.873570659664,745.5562071197892,1.0,10.0,790.0,0.0,25.672287192797125,RUNNING,1.0,False,
0.2504,0.0,False,300000.0,1880118.5,0.0,23985.785776722176,24727.614202806366,741.8284260841901,1.0,10.0,790.0,0.0,25.672309803713386,RUNNING,1.0,False,
0.2505,0.0,False,300000.0,1880118.5,0.0,23865.856847838564,24603.976131792333,738.1192839537689,1.0,10.0,790.0,0.0,25.67233229029491,RUNNING,1.0,False,
0.2506,0.0,False,300000.0,1880118.5,0.0,23746.52756359937,24480.95625113337,734.4286875340003,1.0,10.0,790.0,0.0,25.67235465316341,RUNNING,1.0,False,
0.25070000000000003,0.0,False,300000.0,1880118.5,0.0,23627.794925781374,24358.551469877708,730.7565440963335,1.0,10.0,790.0,0.0,25.672376892937486,RUNNING,1.0,False,
0.2508,0.0,False,300000.0,1880118.5,0.0,23509.65595115247,24236.758712528317,727.1027613758488,1.0,10.0,790.0,0.0,25.672399010232645,RUNNING,1.0,False,
0.2509,0.0,False,300000.0,1880118.5,0.0,23392.107671396705,24115.574918965674,723.4672475689695,1.0,10.0,790.0,0.0,25.672421005661324,RUNNING,1.0,False,
0.251,0.0,False,300000.0,1880118.5,0.0,23275.14713303972,23994.997044370848,719.8499113311263,1.0,10.0,790.0,0.0,25.67244287983289,RUNNING,1.0,False,
0.2511,0.0,False,300000.0,1880118.5,0.0,23158.771397374523,23875.022059148992,716.2506617744693,1.0,10.0,790.0,0.0,25.672464633353666,RUNNING,1.0,False,
0.25120000000000003,0.0,False,300000.0,1880118.5,0.0,23042.977540387652,23755.64694885325,712.6694084655974,1.0,10.0,790.0,0.0,25.672486266826947,RUNNING,1.0,False,
0.2513,0.0,False,300000.0,1880118.5,0.0,22927.762652685713,23636.868714108983,709.1060614232701,1.0,10.0,790.0,0.0,25.672507780853007,RUNNING,1.0,False,
0.2514,0.0,False,300000.0,1880118.5,0.0,22813.123839422286,23518.684370538438,705.5605311161526,1.0,10.0,790.0,0.0,25.67252917602912,RUNNING,1.0,False,
0.2515,0.0,False,300000.0,1880118.5,0.0,22699.058220225175,23401.09094868575,702.0327284605737,1.0,10.0,790.0,0.0,25.67255045294957,RUNNING,1.0,False,
0.2516,0.0,False,300000.0,1880118.5,0.0,22585.56292912405,23284.085493942323,698.5225648182713,1.0,10.0,790.0,0.0,25.672571612205676,RUNNING,1.0,False,
0.25170000000000003,0.0,False,300000.0,1880118.5,0.0,22472.63511447843,23167.66506647261,695.02995199418,1.0,10.0,790.0,0.0,25.672592654385795,RUNNING,1.0,False,
0.2518,0.0,False,300000.0,1880118.5,0.0,22360.27193890604,23051.82674114025,691.5548022342082,1.0,10.0,790.0,0.0,25.672613580075346,RUNNING,1.0,False,
0.2519,0.0,False,300000.0,1880118.5,0.0,22248.47057921151,22936.567607434547,688.0970282230373,1.0,10.0,790.0,0.0,25.67263438985682,RUNNING,1.0,False,
0.252,0.0,False,300000.0,1880118.5,0.0,22137.228226315452,22821.884769397373,684.656543081921,1.0,10.0,790.0,0.0,25.672655084309795,RUNNING,1.0,False,
0.2521,0.0,False,300000.0,1880118.5,0.0,22026.542085183875,22707.775345550388,681.2332603665127,1.0,10.0,790.0,0.0,25.67267566401095,RUNNING,1.0,False,
0.25220000000000004,0.0,False,300000.0,1880118.5,0.0,21916.409374757957,22594.236468822637,677.8270940646798,1.0,10.0,790.0,0.0,25.67269612953408,RUNNING,1.0,False,
0.2523,0.0,False,300000.0,1880118.5,0.0,21806.827327884166,22481.265286478523,674.437958594357,1.0,10.0,790.0,0.0,25.67271648145012,RUNNING,1.0,False,
0.2524,0.0,False,300000.0,1880118.5,0.0,21697.793191244746,22368.85896004613,671.0657688013853,1.0,10.0,790.0,0.0,25.672736720327133,RUNNING,1.0,False,
0.2525,0.0,False,300000.0,1880118.5,0.0,21589.30422528852,22257.014665245897,667.7104399573764,1.0,10.0,790.0,0.0,25.67275684673036,RUNNING,1.0,False,
0.2526,0.0,False,300000.0,1880118.5,0.0,21481.357704162077,22145.72959191967,664.371887757592,1.0,10.0,790.0,0.0,25.6727768612222,RUNNING,1.0,False,
0.25270000000000004,0.0,False,300000.0,1880118.5,0.0,21373.950915641268,22035.00094396007,661.0500283188012,1.0,10.0,790.0,0.0,25.672796764362253,RUNNING,1.0,False,
0.2528,0.0,False,300000.0,1880118.5,0.0,21267.081161063063,21924.825939240272,657.7447781772098,1.0,10.0,790.0,0.0,25.672816556707318,RUNNING,1.0,False,
0.2529,0.0,False,300000.0,1880118.5,0.0,21160.745755257747,21815.20180954407,654.4560542863219,1.0,10.0,790.0,0.0,25.672836238811403,RUNNING,1.0,False,
0.253,0.0,False,300000.0,1880118.5,0.0,21054.942026481458,21706.12580049635,651.1837740148912,1.0,10.0,790.0,0.0,25.672855811225748,RUNNING,1.0,False,
0.2531,0.0,False,300000.0,1880118.5,0.0,20949.667316349052,21597.595171493867,647.9278551448151,1.0,10.0,790.0,0.0,25.672875274498846,RUNNING,1.0,False,
0.25320000000000004,0.0,False,300000.0,1880118.5,0.0,20844.918979767306,21489.6071956364,644.6882158690933,1.0,10.0,790.0,0.0,25.672894629176437,RUNNING,1.0,False,
0.2533,0.0,False,300000.0,1880118.5,0.0,20740.69438486847,21382.15915965822,641.464774789747,1.0,10.0,790.0,0.0,25.672913875801534,RUNNING,1.0,False,
0.2534,0.0,False,300000.0,1880118.5,0.0,20636.99091294413,21275.248363859926,638.2574509157967,1.0,10.0,790.0,0.0,25.67293301491444,RUNNING,1.0,False,
0.2535,0.0,False,300000.0,1880118.5,0.0,20533.80595837941,21168.87212204063,635.0661636612203,1.0,10.0,790.0,0.0,25.672952047052757,RUNNING,1.0,False,
0.2536,0.0,False,300000.0,1880118.5,0.0,20431.13692858751,21063.027761430425,631.8908328429134,1.0,10.0,790.0,0.0,25.67297097275139,RUNNING,1.0,False,
0.25370000000000004,0.0,False,300000.0,1880118.5,0.0,20328.981243944574,20957.712622623272,628.7313786786981,1.0,10.0,790.0,0.0,25.672989792542577,RUNNING,1.0,False,
0.2538,0.0,False,300000.0,1880118.5,0.0,20227.33633772485,20852.924059510155,625.5877217853049,1.0,10.0,790.0,0.0,25.67300850695589,RUNNING,1.0,False,
0.2539,0.0,False,300000.0,1880118.5,0.0,20126.199656036224,20748.659439212603,622.4597831763786,1.0,10.0,790.0,0.0,25.673027116518263,RUNNING,1.0,False,
0.254,0.0,False,300000.0,1880118.5,0.0,20025.568657756045,20644.91614201654,619.3474842604955,1.0,10.0,790.0,0.0,25.67304562175398,RUNNING,1.0,False,
0.2541,0.0,False,300000.0,1880118.5,0.0,19925.440814467263,20541.69156130646,616.2507468391959,1.0,10.0,790.0,0.0,25.67306402318472,RUNNING,1.0,False,
0.25420000000000004,0.0,False,300000.0,1880118.5,0.0,19825.813610394925,20438.983103499922,613.169493104997,1.0,10.0,790.0,0.0,25.673082321329534,RUNNING,1.0,False,
0.2543,0.0,False,300000.0,1880118.5,0.0,19726.68454234295,20336.788187982424,610.1036456394722,1.0,10.0,790.0,0.0,25.6731005167049,RUNNING,1.0,False,
0.2544,0.0,False,300000.0,1880118.5,0.0,19628.051119631236,20235.104247042513,607.0531274112764,1.0,10.0,790.0,0.0,25.673118609824698,RUNNING,1.0,False,
0.2545,0.0,False,300000.0,1880118.5,0.0,19529.91086403308,20133.9287258073,604.0178617742204,1.0,10.0,790.0,0.0,25.673136601200245,RUNNING,1.0,False,
0.2546,0.0,False,300000.0,1880118.5,0.0,19432.261309712914,20033.25908217826,600.9977724653472,1.0,10.0,790.0,0.0,25.6731544913403,RUNNING,1.0,False,
0.25470000000000004,0.0,False,300000.0,1880118.5,0.0,19335.10000316435,19933.09278676737,597.992783603022,1.0,10.0,790.0,0.0,25.673172280751075,RUNNING,1.0,False,
0.2548,0.0,False,300000.0,1880118.5,0.0,19238.424503148526,19833.427322833533,595.0028196850071,1.0,10.0,790.0,0.0,25.67318996993626,RUNNING,1.0,False,
0.2549,0.0,False,300000.0,1880118.5,0.0,19142.232380632784,19734.260186219366,592.027805586582,1.0,10.0,790.0,0.0,25.673207559397017,RUNNING,1.0,False,
0.255,0.0,False,300000.0,1880118.5,0.0,19046.52121872962,19635.588885288267,589.067666558647,1.0,10.0,790.0,0.0,25.673225049632006,RUNNING,1.0,False,
0.2551,0.0,False,300000.0,1880118.5,0.0,18951.288612635974,19537.410940861828,586.1223282258543,1.0,10.0,790.0,0.0,25.673242441137393,RUNNING,1.0,False,
0.25520000000000004,0.0,False,300000.0,1880118.5,0.0,18856.532169572794,19439.72388615752,583.1917165847262,1.0,10.0,790.0,0.0,25.673259734406862,RUNNING,1.0,False,
0.2553,0.0,False,300000.0,1880118.5,0.0,18762.24950872493,19342.525266726734,580.2757580018042,1.0,10.0,790.0,0.0,25.673276929931635,RUNNING,1.0,False,
0.2554,0.0,False,300000.0,1880118.5,0.0,18668.438261181305,19245.8126403931,577.374379211793,1.0,10.0,790.0,0.0,25.67329402820047,RUNNING,1.0,False,
0.2555,0.0,False,300000.0,1880118.5,0.0,18575.0960698754,19149.583577191133,574.4875073157345,1.0,10.0,790.0,0.0,25.673311029699683,RUNNING,1.0,False,
0.2556,0.0,False,300000.0,1880118.5,0.0,18482.220589526023,19053.83565930518,571.6150697791563,1.0,10.0,790.0,0.0,25.67332793491316,RUNNING,1.0,False,
0.25570000000000004,0.0,False,300000.0,1880118.5,0.0,18389.809486578393,18958.566481008653,568.7569944302595,1.0,10.0,790.0,0.0,25.67334474432237,RUNNING,1.0,False,
0.2558,0.0,False,300000.0,1880118.5,0.0,18297.8604391455,18863.77364860361,565.9132094581073,1.0,10.0,790.0,0.0,25.673361458406372,RUNNING,1.0,False,
0.2559,0.0,False,300000.0,1880118.5,0.0,18206.371136949772,18769.45478036059,563.0836434108169,1.0,10.0,790.0,0.0,25.673378077641825,RUNNING,1.0,False,
0.256,0.0,False,300000.0,1880118.5,0.0,18115.339281265024,18675.60750645879,560.2682251937658,1.0,10.0,790.0,0.0,25.673394602503013,RUNNING,1.0,False,
0.2561,0.0,False,300000.0,1880118.5,0.0,18024.762584858698,18582.229468926493,557.466884067795,1.0,10.0,790.0,0.0,25.673411033461843,RUNNING,1.0,False,
0.25620000000000004,0.0,False,300000.0,1880118.5,0.0,17934.638771934406,18489.31832158186,554.6795496474551,1.0,10.0,790.0,0.0,25.673427370987866,RUNNING,1.0,False,
0.25630000000000003,0.0,False,300000.0,1880118.5,0.0,17844.965578074734,18396.871729973955,551.9061518992203,1.0,10.0,790.0,0.0,25.673443615548283,RUNNING,1.0,False,
0.2564,0.0,False,300000.0,1880118.5,0.0,17755.74075018436,18304.887371324083,549.1466211397237,1.0,10.0,790.0,0.0,25.673459767607962,RUNNING,1.0,False,
0.2565,0.0,False,300000.0,1880118.5,0.0,17666.962046433437,18213.36293446746,546.4008880340225,1.0,10.0,790.0,0.0,25.673475827629442,RUNNING,1.0,False,
0.2566,0.0,False,300000.0,1880118.5,0.0,17578.627236201268,18122.296119795123,543.6688835938548,1.0,10.0,790.0,0.0,25.673491796072952,RUNNING,1.0,False,
0.25670000000000004,0.0,False,300000.0,1880118.5,0.0,17490.73410002026,18031.684639196148,540.9505391758867,1.0,10.0,790.0,0.0,25.67350767339642,RUNNING,1.0,False,
0.25680000000000003,0.0,False,300000.0,1880118.5,0.0,17403.28042952016,17941.526216000166,538.2457864800053,1.0,10.0,790.0,0.0,25.67352346005548,RUNNING,1.0,False,
0.2569,0.0,False,300000.0,1880118.5,0.0,17316.26402737256,17851.818584920165,535.5545575476062,1.0,10.0,790.0,0.0,25.673539156503498,RUNNING,1.0,False,
0.257,0.0,False,300000.0,1880118.5,0.0,17229.682707235697,17762.559491995566,532.8767847598683,1.0,10.0,790.0,0.0,25.67355476319156,RUNNING,1.0,False,
0.2571,0.0,False,300000.0,1880118.5,0.0,17143.53429369952,17673.746694535588,530.2124008360697,1.0,10.0,790.0,0.0,25.67357028056851,RUNNING,1.0,False,
0.25720000000000004,0.0,False,300000.0,1880118.5,0.0,17057.81662223102,17585.37796106291,527.5613388318889,1.0,10.0,790.0,0.0,25.673585709080935,RUNNING,1.0,False,
0.25730000000000003,0.0,False,300000.0,1880118.5,0.0,16972.527539119867,17497.451071257594,524.9235321377273,1.0,10.0,790.0,0.0,25.6736010491732,RUNNING,1.0,False,
0.2574,0.0,False,300000.0,1880118.5,0.0,16887.66490142427,17409.96381590131,522.29891447704,1.0,10.0,790.0,0.0,25.673616301287442,RUNNING,1.0,False,
0.2575,0.0,False,300000.0,1880118.5,0.0,16803.226576917146,17322.9139968218,519.6874199046542,1.0,10.0,790.0,0.0,25.673631465863586,RUNNING,1.0,False,
0.2576,0.0,False,300000.0,1880118.5,0.0,16719.21044403256,17236.29942683769,517.0889828051295,1.0,10.0,790.0,0.0,25.673646543339363,RUNNING,1.0,False,
0.2577,0.0,False,300000.0,1880118.5,0.0,16635.614391812396,17150.1179297035,514.5035378911052,1.0,10.0,790.0,0.0,25.673661534150312,RUNNING,1.0,False,
0.25780000000000003,0.0,False,300000.0,1880118.5,0.0,16552.436319853336,17064.367340054985,511.9310202016495,1.0,10.0,790.0,0.0,25.673676438729796,RUNNING,1.0,False,
0.2579,0.0,False,300000.0,1880118.5,0.0,16469.674138254068,16979.045503354708,509.3713651006401,1.0,10.0,790.0,0.0,25.673691257509006,RUNNING,1.0,False,
0.258,0.0,False,300000.0,1880118.5,0.0,16387.325767562797,16894.150275837936,506.8245082751382,1.0,10.0,790.0,0.0,25.673705990916986,RUNNING,1.0,False,
0.2581,0.0,False,300000.0,1880118.5,0.0,16305.389138724984,16809.67952445875,504.2903857337642,1.0,10.0,790.0,0.0,25.673720639380626,RUNNING,1.0,False,
0.2582,0.0,False,300000.0,1880118.5,0.0,16223.862193031358,16725.63112683645,501.7689338050932,1.0,10.0,790.0,0.0,25.673735203324686,RUNNING,1.0,False,
0.25830000000000003,0.0,False,300000.0,1880118.5,0.0,16142.7428820662,16642.00297120227,499.2600891360689,1.0,10.0,790.0,0.0,25.673749683171803,RUNNING,1.0,False,
0.2584,0.0,False,300000.0,1880118.5,0.0,16062.02916765587,16558.792956346257,496.7637886903867,1.0,10.0,790.0,0.0,25.673764079342497,RUNNING,1.0,False,
0.2585,0.0,False,300000.0,1880118.5,0.0,15981.719021817591,16475.998991564527,494.27996974693633,1.0,10.0,790.0,0.0,25.67377839225519,RUNNING,1.0,False,
0.2586,0.0,False,300000.0,1880118.5,0.0,15901.810426708504,16393.618996606707,491.80856989820313,1.0,10.0,790.0,0.0,25.673792622326207,RUNNING,1.0,False,
0.2587,0.0,False,300000.0,1880118.5,0.0,15822.301374574961,16311.650901623672,489.349527048711,1.0,10.0,790.0,0.0,25.673806769969797,RUNNING,1.0,False,
0.25880000000000003,0.0,False,300000.0,1880118.5,0.0,15743.189867702087,16230.092647115554,486.9027794134672,1.0,10.0,790.0,0.0,25.673820835598132,RUNNING,1.0,False,
0.2589,0.0,False,300000.0,1880118.5,0.0,15664.473918363577,16148.942183879977,484.4682655163997,1.0,10.0,790.0,0.0,25.673834819621327,RUNNING,1.0,False,
0.259,0.0,False,300000.0,1880118.5,0.0,15586.151548771759,16068.197472960577,482.0459241888184,1.0,10.0,790.0,0.0,25.673848722447445,RUNNING,1.0,False,
0.2591,0.0,False,300000.0,1880118.5,0.0,15508.2207910279,15987.856485595774,479.63569456787445,1.0,10.0,790.0,0.0,25.67386254448251,RUNNING,1.0,False,
0.2592,0.0,False,300000.0,1880118.5,0.0,15430.67968707276,15907.917203167794,477.23751609503415,1.0,10.0,790.0,0.0,25.673876286130515,RUNNING,1.0,False,
0.25930000000000003,0.0,False,300000.0,1880118.5,0.0,15353.526288637395,15828.377617151953,474.8513285145582,1.0,10.0,790.0,0.0,25.67388994779343,RUNNING,1.0,False,
0.2594,0.0,False,300000.0,1880118.5,0.0,15276.758657194208,15749.235729066195,472.4770718719865,1.0,10.0,790.0,0.0,25.67390352987122,RUNNING,1.0,False,
0.2595,0.0,False,300000.0,1880118.5,0.0,15200.374863908237,15670.489550420863,470.1146865126266,1.0,10.0,790.0,0.0,25.67391703276185,RUNNING,1.0,False,
0.2596,0.0,False,300000.0,1880118.5,0.0,15124.372989588695,15592.13710266876,467.7641130800639,1.0,10.0,790.0,0.0,25.673930456861292,RUNNING,1.0,False,
0.2597,0.0,False,300000.0,1880118.5,0.0,15048.751124640752,15514.176417155415,465.42529251466294,1.0,10.0,790.0,0.0,25.67394380256354,RUNNING,1.0,False,
0.25980000000000003,0.0,False,300000.0,1880118.5,0.0,14973.507369017549,15436.605535069639,463.09816605209016,1.0,10.0,790.0,0.0,25.673957070260613,RUNNING,1.0,False,
0.2599,0.0,False,300000.0,1880118.5,0.0,14898.639832172461,15359.42250739429,460.7826752218298,1.0,10.0,790.0,0.0,25.673970260342582,RUNNING,1.0,False,
0.26,0.0,False,300000.0,1880118.5,0.0,14824.146633011598,15282.625394857318,458.4787618457194,1.0,10.0,790.0,0.0,25.673983373197554,RUNNING,1.0,False,
0.2601,0.0,False,300000.0,1880118.5,0.0,14750.02589984654,15206.212267883031,456.18636803649133,1.0,10.0,790.0,0.0,25.673996409211707,RUNNING,1.0,False,
0.2602,0.0,False,300000.0,1880118.5,0.0,14676.275770347307,15130.181206543615,453.9054361963081,1.0,10.0,790.0,0.0,25.674009368769276,RUNNING,1.0,False,
0.26030000000000003,0.0,False,300000.0,1880118.5,0.0,14602.89439149557,15054.530300510898,451.63590901532734,1.0,10.0,790.0,0.0,25.674022252252588,RUNNING,1.0,False,
0.2604,0.0,False,300000.0,1880118.5,0.0,14529.879919538093,14979.257649008343,449.3777294702504,1.0,10.0,790.0,0.0,25.674035060042048,RUNNING,1.0,False,
0.2605,0.0,False,300000.0,1880118.5,0.0,14457.230519940402,14904.361360763301,447.1308408228997,1.0,10.0,790.0,0.0,25.674047792516163,RUNNING,1.0,False,
0.2606,0.0,False,300000.0,1880118.5,0.0,14384.9443673407,14829.839553959486,444.8951866187854,1.0,10.0,790.0,0.0,25.67406045005155,RUNNING,1.0,False,
0.2607,0.0,False,300000.0,1880118.5,0.0,14313.019645503997,14755.690356189687,442.6707106856902,1.0,10.0,790.0,0.0,25.674073033022935,RUNNING,1.0,False,
0.26080000000000003,0.0,False,300000.0,1880118.5,0.0,14241.454547276477,14681.911904408738,440.4573571322617,1.0,10.0,790.0,0.0,25.67408554180318,RUNNING,1.0,False,
0.2609,0.0,False,300000.0,1880118.5,0.0,14170.247274540094,14608.502344886694,438.2550703466004,1.0,10.0,790.0,0.0,25.674097976763278,RUNNING,1.0,False,
0.261,0.0,False,300000.0,1880118.5,0.0,14099.396038167393,14535.459833162262,436.06379499486866,1.0,10.0,790.0,0.0,25.674110338272367,RUNNING,1.0,False,
0.2611,0.0,False,300000.0,1880118.5,0.0,14028.899057976556,14462.78253399645,433.88347601989335,1.0,10.0,790.0,0.0,25.674122626697738,RUNNING,1.0,False,
0.2612,0.0,False,300000.0,1880118.5,0.0,13958.754562686674,14390.468621326469,431.71405863979453,1.0,10.0,790.0,0.0,25.67413484240485,RUNNING,1.0,False,
0.26130000000000003,0.0,False,300000.0,1880118.5,0.0,13888.960789873241,14318.516278219837,429.55548834659567,1.0,10.0,790.0,0.0,25.67414698575733,RUNNING,1.0,False,
0.2614,0.0,False,300000.0,1880118.5,0.0,13819.515985923876,14246.923696828739,427.40771090486305,1.0,10.0,790.0,0.0,25.674159057116988,RUNNING,1.0,False,
0.2615,0.0,False,300000.0,1880118.5,0.0,13750.418405994256,14175.689078344594,425.2706723503379,1.0,10.0,790.0,0.0,25.67417105684383,RUNNING,1.0,False,
0.2616,0.0,False,300000.0,1880118.5,0.0,13681.666313964284,14104.810632952871,423.14431898858675,1.0,10.0,790.0,0.0,25.67418298529605,RUNNING,1.0,False,
0.2617,0.0,False,300000.0,1880118.5,0.0,13613.257982394463,14034.286579788108,421.0285973936443,1.0,10.0,790.0,0.0,25.674194842830065,RUNNING,1.0,False,
0.26180000000000003,0.0,False,300000.0,1880118.5,0.0,13545.19169248249,13964.115146889166,418.92345440667486,1.0,10.0,790.0,0.0,25.6742066298005,RUNNING,1.0,False,
0.2619,0.0,False,300000.0,1880118.5,0.0,13477.46573402008,13894.294571154722,416.8288371346425,1.0,10.0,790.0,0.0,25.674218346560217,RUNNING,1.0,False,
0.262,0.0,False,300000.0,1880118.5,0.0,13410.07840534998,13824.823098298948,414.7446929489688,1.0,10.0,790.0,0.0,25.6742299934603,RUNNING,1.0,False,
0.2621,0.0,False,300000.0,1880118.5,0.0,13343.02801332323,13755.698982807455,412.67096948422477,1.0,10.0,790.0,0.0,25.67424157085009,RUNNING,1.0,False,
0.2622,0.0,False,300000.0,1880118.5,0.0,13276.312873256615,13686.920487893418,410.6076146368032,1.0,10.0,790.0,0.0,25.674253079077168,RUNNING,1.0,False,
0.26230000000000003,0.0,False,300000.0,1880118.5,0.0,13209.931308890331,13618.485885453949,408.55457656361796,1.0,10.0,790.0,0.0,25.67426451848739,RUNNING,1.0,False,
0.2624,0.0,False,300000.0,1880118.5,0.0,13143.881652345879,13550.393456026679,406.51180368079986,1.0,10.0,790.0,0.0,25.67427588942488,RUNNING,1.0,False,
0.2625,0.0,False,300000.0,1880118.5,0.0,13078.16224408415,13482.641488746545,404.479244662396,1.0,10.0,790.0,0.0,25.67428719223204,RUNNING,1.0,False,
0.2626,0.0,False,300000.0,1880118.5,0.0,13012.771432863728,13415.228281302814,402.45684843908566,1.0,10.0,790.0,0.0,25.674298427249553,RUNNING,1.0,False,
0.2627,0.0,False,300000.0,1880118.5,0.0,12947.707575699409,13348.152139896298,400.4445641968887,1.0,10.0,790.0,0.0,25.67430959481641,RUNNING,1.0,False,
0.26280000000000003,0.0,False,300000.0,1880118.5,0.0,12882.969037820912,13281.411379196818,398.442341375905,1.0,10.0,790.0,0.0,25.674320695269902,RUNNING,1.0,False,
0.2629,0.0,False,300000.0,1880118.5,0.0,12818.554192631807,13215.004322300832,396.45012966902505,1.0,10.0,790.0,0.0,25.67433172894563,RUNNING,1.0,False,
0.263,0.0,False,300000.0,1880118.5,0.0,12754.461421668648,13148.929300689328,394.4678790206799,1.0,10.0,790.0,0.0,25.674342696177526,RUNNING,1.0,False,
0.2631,0.0,False,300000.0,1880118.5,0.0,12690.689114560304,13083.184654185881,392.4955396255773,1.0,10.0,790.0,0.0,25.674353597297838,RUNNING,1.0,False,
0.2632,0.0,False,300000.0,1880118.5,0.0,12627.235668987503,13017.768730914951,390.5330619274482,1.0,10.0,790.0,0.0,25.67436443263717,RUNNING,1.0,False,
0.26330000000000003,0.0,False,300000.0,1880118.5,0.0,12564.099490642566,12952.679887260378,388.58039661781186,1.0,10.0,790.0,0.0,25.67437520252446,RUNNING,1.0,False,
0.2634,0.0,False,300000.0,1880118.5,0.0,12501.278993189353,12887.916487824075,386.6374946347223,1.0,10.0,790.0,0.0,25.674385907287004,RUNNING,1.0,False,
0.2635,0.0,False,300000.0,1880118.5,0.0,12438.772598223406,12823.476905384956,384.7043071615499,1.0,10.0,790.0,0.0,25.674396547250467,RUNNING,1.0,False,
0.2636,0.0,False,300000.0,1880118.5,0.0,12376.57873523229,12759.35952085803,382.78078562574046,1.0,10.0,790.0,0.0,25.67440712273888,RUNNING,1.0,False,
0.2637,0.0,False,300000.0,1880118.5,0.0,12314.695841556128,12695.56272325374,380.8668816976133,1.0,10.0,790.0,0.0,25.674417634074658,RUNNING,1.0,False,
0.26380000000000003,0.0,False,300000.0,1880118.5,0.0,12253.122362348347,12632.084909637471,378.9625472891239,1.0,10.0,790.0,0.0,25.6744280815786,RUNNING,1.0,False,
0.2639,0.0,False,300000.0,1880118.5,0.0,12191.856750536606,12568.924485089285,377.0677345526783,1.0,10.0,790.0,0.0,25.674438465569906,RUNNING,1.0,False,
0.264,0.0,False,300000.0,1880118.5,0.0,12130.897466783923,12506.079862663839,375.18239587991593,1.0,10.0,790.0,0.0,25.674448786366174,RUNNING,1.0,False,
0.2641,0.0,False,300000.0,1880118.5,0.0,12070.242979450004,12443.54946335052,373.30648390051647,1.0,10.0,790.0,0.0,25.674459044283417,RUNNING,1.0,False,
0.2642,0.0,False,300000.0,1880118.5,0.0,12009.891764552754,12381.331716033768,371.43995148101385,1.0,10.0,790.0,0.0,25.674469239636064,RUNNING,1.0,False,
0.26430000000000003,0.0,False,300000.0,1880118.5,0.0,11949.842305729991,12319.4250574536,369.58275172360845,1.0,10.0,790.0,0.0,25.674479372736982,RUNNING,1.0,False,
0.2644,0.0,False,300000.0,1880118.5,0.0,11890.093094201342,12257.827932166332,367.7348379649902,1.0,10.0,790.0,0.0,25.674489443897464,RUNNING,1.0,False,
0.2645,0.0,False,300000.0,1880118.5,0.0,11830.642628730335,12196.5387925055,365.8961637751654,1.0,10.0,790.0,0.0,25.67449945342725,RUNNING,1.0,False,
0.2646,0.0,False,300000.0,1880118.5,0.0,11771.489415586682,12135.556098542971,364.0666829562888,1.0,10.0,790.0,0.0,25.67450940163453,RUNNING,1.0,False,
0.2647,0.0,False,300000.0,1880118.5,0.0,11712.63196850875,12074.878318050258,362.2463495415086,1.0,10.0,790.0,0.0,25.674519288825955,RUNNING,1.0,False,
0.26480000000000004,0.0,False,300000.0,1880118.5,0.0,11654.068808666205,12014.503926460005,360.4351177938006,1.0,10.0,790.0,0.0,25.674529115306644,RUNNING,1.0,False,
0.2649,0.0,False,300000.0,1880118.5,0.0,11595.798464622874,11954.431406827705,358.6329422048311,1.0,10.0,790.0,0.0,25.674538881380187,RUNNING,1.0,False,
0.265,0.0,False,300000.0,1880118.5,0.0,11537.81947229976,11894.659249793567,356.83977749380756,1.0,10.0,790.0,0.0,25.674548587348657,RUNNING,1.0,False,
0.2651,0.0,False,300000.0,1880118.5,0.0,11480.13037493826,11835.185953544598,355.0555786063378,1.0,10.0,790.0,0.0,25.674558233512617,RUNNING,1.0,False,
0.2652,0.0,False,300000.0,1880118.5,0.0,11422.729723063569,11776.010023776875,353.28030071330613,1.0,10.0,790.0,0.0,25.674567820171124,RUNNING,1.0,False,
0.26530000000000004,0.0,False,300000.0,1880118.5,0.0,11365.616074448251,11717.129973657991,351.51389920974,1.0,10.0,790.0,0.0,25.674577347621746,RUNNING,1.0,False,
0.2654,0.0,False,300000.0,1880118.5,0.0,11308.78799407601,11658.544323789702,349.75632971369123,1.0,10.0,790.0,0.0,25.67458681616056,RUNNING,1.0,False,
0.2655,0.0,False,300000.0,1880118.5,0.0,11252.24405410563,11600.251602170752,348.00754806512305,1.0,10.0,790.0,0.0,25.674596226082162,RUNNING,1.0,False,
0.2656,0.0,False,300000.0,1880118.5,0.0,11195.982833835102,11542.250344159898,346.2675103247966,1.0,10.0,790.0,0.0,25.674605577679678,RUNNING,1.0,False,
0.2657,0.0,False,300000.0,1880118.5,0.0,11140.002919665927,11484.5390924391,344.53617277317244,1.0,10.0,790.0,0.0,25.674614871244763,RUNNING,1.0,False,
0.26580000000000004,0.0,False,300000.0,1880118.5,0.0,11084.302905067598,11427.116396976906,342.81349190930814,1.0,10.0,790.0,0.0,25.67462410706762,RUNNING,1.0,False,
0.2659,0.0,False,300000.0,1880118.5,0.0,11028.88139054226,11369.98081499202,341.0994244497615,1.0,10.0,790.0,0.0,25.674633285436993,RUNNING,1.0,False,
0.266,0.0,False,300000.0,1880118.5,0.0,10973.736983589548,11313.13091091706,339.39392732751185,1.0,10.0,790.0,0.0,25.67464240664019,RUNNING,1.0,False,
0.2661,0.0,False,300000.0,1880118.5,0.0,10918.8682986716,11256.565256362474,337.6969576908741,1.0,10.0,790.0,0.0,25.674651470963077,RUNNING,1.0,False,
0.2662,0.0,False,300000.0,1880118.5,0.0,10864.273957178242,11200.282430080662,336.0084729024202,1.0,10.0,790.0,0.0,25.674660478690097,RUNNING,1.0,False,
0.26630000000000004,0.0,False,300000.0,1880118.5,0.0,10809.95258739235,11144.281017930258,334.3284305379075,1.0,10.0,790.0,0.0,25.674669430104263,RUNNING,1.0,False,
0.2664,0.0,False,300000.0,1880118.5,0.0,10755.902824455388,11088.559612840607,332.65678838521853,1.0,10.0,790.0,0.0,25.674678325487182,RUNNING,1.0,False,
0.2665,0.0,False,300000.0,1880118.5,0.0,10702.12331033311,11033.116814776404,330.9935044432932,1.0,10.0,790.0,0.0,25.674687165119042,RUNNING,1.0,False,
0.2666,0.0,False,300000.0,1880118.5,0.0,10648.612693781444,10977.95123070252,329.3385369210755,1.0,10.0,790.0,0.0,25.67469594927864,RUNNING,1.0,False,
0.2667,0.0,False,300000.0,1880118.5,0.0,10595.369630312536,10923.061474549007,327.6918442364713,1.0,10.0,790.0,0.0,25.674704678243373,RUNNING,1.0,False,
0.26680000000000004,0.0,False,300000.0,1880118.5,0.0,10542.392782160974,10868.446167176262,326.05338501528786,1.0,10.0,790.0,0.0,25.674713352289253,RUNNING,1.0,False,
0.2669,0.0,False,300000.0,1880118.5,0.0,10489.68081825017,10814.103936340382,324.4231180902116,1.0,10.0,790.0,0.0,25.67472197169091,RUNNING,1.0,False,
0.267,0.0,False,300000.0,1880118.5,0.0,10437.23241415892,10760.03341665868,322.8010024997602,1.0,10.0,790.0,0.0,25.674730536721608,RUNNING,1.0,False,
0.2671,0.0,False,300000.0,1880118.5,0.0,10385.046252088125,10706.233249575387,321.1869974872625,1.0,10.0,790.0,0.0,25.674739047653237,RUNNING,1.0,False,
0.2672,0.0,False,300000.0,1880118.5,0.0,10333.121020827684,10652.70208332751,319.58106249982484,1.0,10.0,790.0,0.0,25.67474750475633,RUNNING,1.0,False,
0.26730000000000004,0.0,False,300000.0,1880118.5,0.0,10281.455415723545,10599.43857291087,317.98315718732556,1.0,10.0,790.0,0.0,25.674755908300064,RUNNING,1.0,False,
0.2674,0.0,False,300000.0,1880118.5,0.0,10230.048138644928,10546.441380046319,316.3932414013907,1.0,10.0,790.0,0.0,25.674764258552276,RUNNING,1.0,False,
0.2675,0.0,False,300000.0,1880118.5,0.0,10178.897897951703,10493.709173146086,314.8112751943827,1.0,10.0,790.0,0.0,25.674772555779462,RUNNING,1.0,False,
0.2676,0.0,False,300000.0,1880118.5,0.0,10128.003408461946,10441.240627280356,313.23721881841084,1.0,10.0,790.0,0.0,25.674780800246783,RUNNING,1.0,False,
0.2677,0.0,False,300000.0,1880118.5,0.0,10077.363391419636,10389.034424143954,311.67103272431814,1.0,10.0,790.0,0.0,25.674788992218076,RUNNING,1.0,False,
0.26780000000000004,0.0,False,300000.0,1880118.5,0.0,10026.976574462538,10337.089252023236,310.1126775606972,1.0,10.0,790.0,0.0,25.67479713195586,RUNNING,1.0,False,
0.2679,0.0,False,300000.0,1880118.5,0.0,9976.841691590225,10285.403805763119,308.5621141728934,1.0,10.0,790.0,0.0,25.67480521972134,RUNNING,1.0,False,
0.268,0.0,False,300000.0,1880118.5,0.0,9926.957483132273,10233.976786734303,307.01930360203005,1.0,10.0,790.0,0.0,25.674813255774414,RUNNING,1.0,False,
0.2681,0.0,False,300000.0,1880118.5,0.0,9877.322695716612,10182.80690280063,305.48420708401864,1.0,10.0,790.0,0.0,25.67482124037368,RUNNING,1.0,False,
0.2682,0.0,False,300000.0,1880118.5,0.0,9827.93608223803,10131.892868286628,303.9567860485986,1.0,10.0,790.0,0.0,25.67482917377645,RUNNING,1.0,False,
0.26830000000000004,0.0,False,300000.0,1880118.5,0.0,9778.79640182684,10081.233403945196,302.43700211835676,1.0,10.0,790.0,0.0,25.674837056238736,RUNNING,1.0,False,
0.2684,0.0,False,300000.0,1880118.5,0.0,9729.902419817705,10030.82723692547,300.9248171077652,1.0,10.0,790.0,0.0,25.674844888015286,RUNNING,1.0,False,
0.2685,0.0,False,300000.0,1880118.5,0.0,9681.252907718615,9980.673100740842,299.42019302222616,1.0,10.0,790.0,0.0,25.674852669359563,RUNNING,1.0,False,
0.2686,0.0,False,300000.0,1880118.5,0.0,9632.846643180023,9930.769735237136,297.92309205711354,1.0,10.0,790.0,0.0,25.674860400523766,RUNNING,1.0,False,
0.2687,0.0,False,300000.0,1880118.5,0.0,9584.682409964122,9881.11588656095,296.43347659682877,1.0,10.0,790.0,0.0,25.674868081758834,RUNNING,1.0,False,
0.26880000000000004,0.0,False,300000.0,1880118.5,0.0,9536.758997914301,9831.710307128145,294.95130921384407,1.0,10.0,790.0,0.0,25.67487571331445,RUNNING,1.0,False,
0.26890000000000003,0.0,False,300000.0,1880118.5,0.0,9489.07520292473,9782.551755592505,293.47655266777474,1.0,10.0,790.0,0.0,25.674883295439045,RUNNING,1.0,False,
0.269,0.0,False,300000.0,1880118.5,0.0,9441.629826910106,9733.638996814543,292.00916990443693,1.0,10.0,790.0,0.0,25.674890828379816,RUNNING,1.0,False,
0.2691,0.0,False,300000.0,1880118.5,0.0,9394.421677775556,9684.97080183047,290.5491240549145,1.0,10.0,790.0,0.0,25.67489831238272,RUNNING,1.0,False,
0.2692,0.0,False,300000.0,1880118.5,0.0,9347.449569386677,9636.545947821318,289.0963784346404,1.0,10.0,790.0,0.0,25.67490574769248,RUNNING,1.0,False,
0.26930000000000004,0.0,False,300000.0,1880118.5,0.0,9300.712321539744,9588.363218082211,287.6508965424673,1.0,10.0,790.0,0.0,25.674913134552604,RUNNING,1.0,False,
0.26940000000000003,0.0,False,300000.0,1880118.5,0.0,9254.208759932046,9540.4214019918,286.2126420597542,1.0,10.0,790.0,0.0,25.674920473205372,RUNNING,1.0,False,
0.2695,0.0,False,300000.0,1880118.5,0.0,9207.937716132385,9492.71929498184,284.7815788494554,1.0,10.0,790.0,0.0,25.674927763891862,RUNNING,1.0,False,
0.2696,0.0,False,300000.0,1880118.5,0.0,9161.898027551722,9445.255698506931,283.35767095520896,1.0,10.0,790.0,0.0,25.674935006851943,RUNNING,1.0,False,
0.2697,0.0,False,300000.0,1880118.5,0.0,9116.088537413963,9398.029420014396,281.9408826004328,1.0,10.0,790.0,0.0,25.674942202324285,RUNNING,1.0,False,
0.26980000000000004,0.0,False,300000.0,1880118.5,0.0,9070.508094726894,9351.039272914324,280.53117818742976,1.0,10.0,790.0,0.0,25.674949350546363,RUNNING,1.0,False,
0.26990000000000003,0.0,False,300000.0,1880118.5,0.0,9025.15555425326,9304.284076549753,279.1285222964925,1.0,10.0,790.0,0.0,25.67495645175447,RUNNING,1.0,False,
0.27,0.0,False,300000.0,1880118.5,0.0,8980.029776481993,9257.762656167004,277.73287968501063,1.0,10.0,790.0,0.0,25.674963506183705,RUNNING,1.0,False,
0.2701,0.0,False,300000.0,1880118.5,0.0,8935.129627599583,9211.473842886167,276.3442152865846,1.0,10.0,790.0,0.0,25.674970514068008,RUNNING,1.0,False,
0.2702,0.0,False,300000.0,1880118.5,0.0,8890.453979461585,9165.416473671738,274.9624942101527,1.0,10.0,790.0,0.0,25.674977475640137,RUNNING,1.0,False,
0.27030000000000004,0.0,False,300000.0,1880118.5,0.0,8846.001709564276,9119.589391303378,273.58768173910175,1.0,10.0,790.0,0.0,25.67498439113169,RUNNING,1.0,False,
0.27040000000000003,0.0,False,300000.0,1880118.5,0.0,8801.771701016454,9073.99144434686,272.21974333040635,1.0,10.0,790.0,0.0,25.674991260773112,RUNNING,1.0,False,
0.2705,0.0,False,300000.0,1880118.5,0.0,8757.762842511373,9028.621487125127,270.8586446137542,1.0,10.0,790.0,0.0,25.674998084793685,RUNNING,1.0,False,
0.2706,0.0,False,300000.0,1880118.5,0.0,8713.974028298815,8983.4783796895,269.50435139068577,1.0,10.0,790.0,0.0,25.675004863421556,RUNNING,1.0,False,
0.2707,0.0,False,300000.0,1880118.5,0.0,8670.40415815732,8938.560987791052,268.15682963373183,1.0,10.0,790.0,0.0,25.675011596883724,RUNNING,1.0,False,
0.27080000000000004,0.0,False,300000.0,1880118.5,0.0,8627.052137366534,8893.868182852097,266.8160454855624,1.0,10.0,790.0,0.0,25.675018285406054,RUNNING,1.0,False,
0.27090000000000003,0.0,False,300000.0,1880118.5,0.0,8583.916876679701,8849.398841937837,265.48196525813546,1.0,10.0,790.0,0.0,25.675024929213286,RUNNING,1.0,False,
0.271,0.0,False,300000.0,1880118.5,0.0,8540.997292296302,8805.151847728148,264.15455543184544,1.0,10.0,790.0,0.0,25.675031528529033,RUNNING,1.0,False,
0.2711,0.0,False,300000.0,1880118.5,0.0,8498.29230583482,8761.126088489505,262.8337826546849,1.0,10.0,790.0,0.0,25.675038083575785,RUNNING,1.0,False,
0.2712,0.0,False,300000.0,1880118.5,0.0,8455.800844305646,8717.320458047057,261.5196137414114,1.0,10.0,790.0,0.0,25.675044594574928,RUNNING,1.0,False,
0.2713,0.0,False,300000.0,1880118.5,0.0,8413.521840084119,8673.733855756824,260.2120156727051,1.0,10.0,790.0,0.0,25.675051061746736,RUNNING,1.0,False,
0.27140000000000003,0.0,False,300000.0,1880118.5,0.0,8371.454230883697,8630.365186478039,258.91095559434143,1.0,10.0,790.0,0.0,25.675057485310386,RUNNING,1.0,False,
0.2715,0.0,False,300000.0,1880118.5,0.0,8329.596959729279,8587.21336054565,257.6164008163705,1.0,10.0,790.0,0.0,25.675063865483956,RUNNING,1.0,False,
0.2716,0.0,False,300000.0,1880118.5,0.0,8287.948974930632,8544.27729374292,256.32831881228776,1.0,10.0,790.0,0.0,25.67507020248443,RUNNING,1.0,False,
0.2717,0.0,False,300000.0,1880118.5,0.0,8246.509230055979,8501.555907274205,255.04667721822625,1.0,10.0,790.0,0.0,25.675076496527716,RUNNING,1.0,False,
0.2718,0.0,False,300000.0,1880118.5,0.0,8205.276683905699,8459.048127737833,253.77144383213454,1.0,10.0,790.0,0.0,25.675082747828636,RUNNING,1.0,False,
0.27190000000000003,0.0,False,300000.0,1880118.5,0.0,8164.25030048617,8416.752887099145,252.50258661297448,1.0,10.0,790.0,0.0,25.675088956600938,RUNNING,1.0,False,
0.272,0.0,False,300000.0,1880118.5,0.0,8123.429048983739,8374.669122663649,251.24007367990907,1.0,10.0,790.0,0.0,25.675095123057304,RUNNING,1.0,False,
0.2721,0.0,False,300000.0,1880118.5,0.0,8082.811903738821,8332.79577705033,249.98387331151025,1.0,10.0,790.0,0.0,25.675101247409348,RUNNING,1.0,False,
0.2722,0.0,False,300000.0,1880118.5,0.0,8042.397844220126,8291.131798165079,248.7339539449531,1.0,10.0,790.0,0.0,25.675107329867632,RUNNING,1.0,False,
0.2723,0.0,False,300000.0,1880118.5,0.0,8002.185854999026,8249.676139174253,247.49028417522732,1.0,10.0,790.0,0.0,25.675113370641665,RUNNING,1.0,False,
0.27240000000000003,0.0,False,300000.0,1880118.5,0.0,7962.174925724031,8208.427758478383,246.2528327543523,1.0,10.0,790.0,0.0,25.675119369939903,RUNNING,1.0,False,
0.2725,0.0,False,300000.0,1880118.5,0.0,7922.364051095411,8167.385619685991,245.0215685905796,1.0,10.0,790.0,0.0,25.675125327969763,RUNNING,1.0,False,
0.2726,0.0,False,300000.0,1880118.5,0.0,7882.752230839934,8126.548691587561,243.79646074762695,1.0,10.0,790.0,0.0,25.675131244937624,RUNNING,1.0,False,
0.2727,0.0,False,300000.0,1880118.5,0.0,7843.338469685734,8085.915948129623,242.57747844388905,1.0,10.0,790.0,0.0,25.675137121048834,RUNNING,1.0,False,
0.2728,0.0,False,300000.0,1880118.5,0.0,7804.1217773373055,8045.486368388975,241.36459105166978,1.0,10.0,790.0,0.0,25.675142956507713,RUNNING,1.0,False,
0.27290000000000003,0.0,False,300000.0,1880118.5,0.0,7765.101168450619,8005.25893654703,240.15776809641102,1.0,10.0,790.0,0.0,25.67514875151756,RUNNING,1.0,False,
0.273,0.0,False,300000.0,1880118.5,0.0,7726.2756626083665,7965.232641864295,238.95697925592867,1.0,10.0,790.0,0.0,25.67515450628066,RUNNING,1.0,False,
0.2731,0.0,False,300000.0,1880118.5,0.0,7687.644284295325,7925.406478654974,237.76219435964958,1.0,10.0,790.0,0.0,25.67516022099828,RUNNING,1.0,False,
0.2732,0.0,False,300000.0,1880118.5,0.0,7649.206062873848,7885.779446261699,236.5733833878512,1.0,10.0,790.0,0.0,25.675165895870688,RUNNING,1.0,False,
0.2733,0.0,False,300000.0,1880118.5,0.0,7610.960032559479,7846.350549030391,235.3905164709122,1.0,10.0,790.0,0.0,25.67517153109715,RUNNING,1.0,False,
0.27340000000000003,0.0,False,300000.0,1880118.5,0.0,7572.905232396682,7807.118796285239,234.21356388855747,1.0,10.0,790.0,0.0,25.675177126875926,RUNNING,1.0,False,
0.2735,0.0,False,300000.0,1880118.5,0.0,7535.0407062346985,7768.083202303813,233.04249606911435,1.0,10.0,790.0,0.0,25.675182683404298,RUNNING,1.0,False,
0.2736,0.0,False,300000.0,1880118.5,0.0,7497.365502703525,7729.242786292294,231.8772835887694,1.0,10.0,790.0,0.0,25.675188200878555,RUNNING,1.0,False,
0.2737,0.0,False,300000.0,1880118.5,0.0,7459.878675190007,7690.596572360832,230.71789717082538,1.0,10.0,790.0,0.0,25.675193679494004,RUNNING,1.0,False,
0.2738,0.0,False,300000.0,1880118.5,0.0,7422.579281814057,7652.143589499028,229.56430768497103,1.0,10.0,790.0,0.0,25.67519911944498,RUNNING,1.0,False,
0.27390000000000003,0.0,False,300000.0,1880118.5,0.0,7385.466385404987,7613.882871551533,228.41648614654605,1.0,10.0,790.0,0.0,25.675204520924837,RUNNING,1.0,False,
0.274,0.0,False,300000.0,1880118.5,0.0,7348.539053477962,7575.813457193775,227.2744037158136,1.0,10.0,790.0,0.0,25.675209884125973,RUNNING,1.0,False,
0.2741,0.0,False,300000.0,1880118.5,0.0,7311.796358210572,7537.934389907807,226.1380316972345,1.0,10.0,790.0,0.0,25.675215209239816,RUNNING,1.0,False,
0.2742,0.0,False,300000.0,1880118.5,0.0,7275.237376419519,7500.244717958267,225.00734153874782,1.0,10.0,790.0,0.0,25.67522049645684,RUNNING,1.0,False,
0.2743,0.0,False,300000.0,1880118.5,0.0,7238.8611895374215,7462.743494368476,223.88230483105417,1.0,10.0,790.0,0.0,25.67522574596657,RUNNING,1.0,False,
0.27440000000000003,0.0,False,300000.0,1880118.5,0.0,7202.666883589734,7425.4297768966335,222.76289330689906,1.0,10.0,790.0,0.0,25.67523095795758,RUNNING,1.0,False,
0.2745,0.0,False,300000.0,1880118.5,0.0,7166.653549171786,7388.30262801215,221.64907884036438,1.0,10.0,790.0,0.0,25.6752361326175,RUNNING,1.0,False,
0.2746,0.0,False,300000.0,1880118.5,0.0,7130.820281425927,7351.361114872089,220.54083344616265,1.0,10.0,790.0,0.0,25.675241270133018,RUNNING,1.0,False,
0.2747,0.0,False,300000.0,1880118.5,0.0,7095.166180018797,7314.604309297729,219.43812927893214,1.0,10.0,790.0,0.0,25.675246370689898,RUNNING,1.0,False,
0.2748,0.0,False,300000.0,1880118.5,0.0,7059.690349118703,7278.031287751241,218.34093863253747,1.0,10.0,790.0,0.0,25.675251434472973,RUNNING,1.0,False,
0.27490000000000003,0.0,False,300000.0,1880118.5,0.0,7024.39189737311,7241.6411313124845,217.2492339393748,1.0,10.0,790.0,0.0,25.675256461666145,RUNNING,1.0,False,
0.275,0.0,False,300000.0,1880118.5,0.0,6989.269937886244,7205.432925655922,216.16298776967778,1.0,10.0,790.0,0.0,25.675261452452403,RUNNING,1.0,False,
0.2751,0.0,False,300000.0,1880118.5,0.0,6954.323588196813,7169.405761027642,215.08217283082922,1.0,10.0,790.0,0.0,25.675266407013822,RUNNING,1.0,False,
0.2752,0.0,False,300000.0,1880118.5,0.0,6919.551970255829,7133.558732222504,214.00676196667519,1.0,10.0,790.0,0.0,25.67527132553156,RUNNING,1.0,False,
0.2753,0.0,False,300000.0,1880118.5,0.0,6884.9542104045495,7097.8909385613915,212.93672815684204,1.0,10.0,790.0,0.0,25.675276208185874,RUNNING,1.0,False,
0.27540000000000003,0.0,False,300000.0,1880118.5,0.0,6850.529439352526,7062.401483868584,211.87204451605794,1.0,10.0,790.0,0.0,25.67528105515612,RUNNING,1.0,False,
0.2755,0.0,False,300000.0,1880118.5,0.0,6816.276792155763,7027.0894764492405,210.8126842934771,1.0,10.0,790.0,0.0,25.675285866620754,RUNNING,1.0,False,
0.2756,0.0,False,300000.0,1880118.5,0.0,6782.195408194984,6991.954029066995,209.7586208720104,1.0,10.0,790.0,0.0,25.675290642757343,RUNNING,1.0,False,
0.2757,0.0,False,300000.0,1880118.5,0.0,6748.284431154009,6956.994258921659,208.70982776764959,1.0,10.0,790.0,0.0,25.67529538374256,RUNNING,1.0,False,
0.2758,0.0,False,300000.0,1880118.5,0.0,6714.543008998239,6922.209287627051,207.6662786288116,1.0,10.0,790.0,0.0,25.67530008975221,RUNNING,1.0,False,
0.27590000000000003,0.0,False,300000.0,1880118.5,0.0,6680.970293953248,6887.598241188915,206.6279472356673,1.0,10.0,790.0,0.0,25.675304760961197,RUNNING,1.0,False,
0.276,0.0,False,300000.0,1880118.5,0.0,6647.565442483482,6853.160249982971,205.59480749948943,1.0,10.0,790.0,0.0,25.67530939754357,RUNNING,1.0,False,
0.2761,0.0,False,300000.0,1880118.5,0.0,6614.327615271064,6818.894448733056,204.56683346199225,1.0,10.0,790.0,0.0,25.675313999672493,RUNNING,1.0,False,
0.2762,0.0,False,300000.0,1880118.5,0.0,6581.255977194709,6784.799976489391,203.54399929468218,1.0,10.0,790.0,0.0,25.675318567520275,RUNNING,1.0,False,
0.2763,0.0,False,300000.0,1880118.5,0.0,6548.349697308736,6750.875976606944,202.52627929820846,1.0,10.0,790.0,0.0,25.67532310125836,RUNNING,1.0,False,
0.27640000000000003,0.0,False,300000.0,1880118.5,0.0,6515.607948822192,6717.1215967239095,201.51364790171738,1.0,10.0,790.0,0.0,25.675327601057333,RUNNING,1.0,False,
0.2765,0.0,False,300000.0,1880118.5,0.0,6483.029909078081,6683.53598874029,200.50607966220923,1.0,10.0,790.0,0.0,25.675332067086927,RUNNING,1.0,False,
0.2766,0.0,False,300000.0,1880118.5,0.0,6450.61475953269,6650.118308796588,199.5035492638981,1.0,10.0,790.0,0.0,25.675336499516025,RUNNING,1.0,False,
0.2767,0.0,False,300000.0,1880118.5,0.0,6418.361685735027,6616.867717252606,198.50603151757878,1.0,10.0,790.0,0.0,25.67534089851267,RUNNING,1.0,False,
0.2768,0.0,False,300000.0,1880118.5,0.0,6386.269877306352,6583.783378666342,197.5135013599902,1.0,10.0,790.0,0.0,25.675345264244058,RUNNING,1.0,False,
0.27690000000000003,0.0,False,300000.0,1880118.5,0.0,6354.33852791982,6550.864461773011,196.5259338531905,1.0,10.0,790.0,0.0,25.675349596876554,RUNNING,1.0,False,
0.277,0.0,False,300000.0,1880118.5,0.0,6322.566835280221,6518.1101394641455,195.5433041839242,1.0,10.0,790.0,0.0,25.675353896575693,RUNNING,1.0,False,
0.2771,0.0,False,300000.0,1880118.5,0.0,6290.95400110382,6485.519588766825,194.56558766300532,1.0,10.0,790.0,0.0,25.67535816350618,RUNNING,1.0,False,
0.2772,0.0,False,300000.0,1880118.5,0.0,6259.499231098301,6453.091990822991,193.59275972469004,1.0,10.0,790.0,0.0,25.67536239783189,RUNNING,1.0,False,
0.2773,0.0,False,300000.0,1880118.5,0.0,6228.201734942809,6420.826530868875,192.62479592606633,1.0,10.0,790.0,0.0,25.675366599715886,RUNNING,1.0,False,
0.27740000000000004,0.0,False,300000.0,1880118.5,0.0,6197.060726268095,6388.7223982145315,191.6616719464364,1.0,10.0,790.0,0.0,25.675370769320416,RUNNING,1.0,False,
0.2775,0.0,False,300000.0,1880118.5,0.0,6166.075422636754,6356.778786223458,190.70336358670374,1.0,10.0,790.0,0.0,25.675374906806915,RUNNING,1.0,False,
0.2776,0.0,False,300000.0,1880118.5,0.0,6135.24504552357,6324.99489229234,189.7498467687701,1.0,10.0,790.0,0.0,25.675379012336013,RUNNING,1.0,False,
0.2777,0.0,False,300000.0,1880118.5,0.0,6104.568820295953,6293.369917830879,188.80109753492616,1.0,10.0,790.0,0.0,25.67538308606753,RUNNING,1.0,False,
0.2778,0.0,False,300000.0,1880118.5,0.0,6074.045976194473,6261.903068241725,187.85709204725208,1.0,10.0,790.0,0.0,25.675387128160494,RUNNING,1.0,False,
0.27790000000000004,0.0,False,300000.0,1880118.5,0.0,6043.675746313501,6230.593552900516,186.91780658701555,1.0,10.0,790.0,0.0,25.675391138773136,RUNNING,1.0,False,
0.278,0.0,False,300000.0,1880118.5,0.0,6013.457367581934,6199.440585136014,185.9832175540805,1.0,10.0,790.0,0.0,25.675395118062895,RUNNING,1.0,False,
0.2781,0.0,False,300000.0,1880118.5,0.0,5983.390080744024,6168.443382210335,185.0533014663106,1.0,10.0,790.0,0.0,25.67539906618642,RUNNING,1.0,False,
0.2782,0.0,False,300000.0,1880118.5,0.0,5953.473130340304,6137.601165299283,184.1280349589788,1.0,10.0,790.0,0.0,25.67540298329958,RUNNING,1.0,False,
0.2783,0.0,False,300000.0,1880118.5,0.0,5923.705764688602,6106.913159472786,183.20739478418363,1.0,10.0,790.0,0.0,25.675406869557467,RUNNING,1.0,False,
0.27840000000000004,0.0,False,300000.0,1880118.5,0.0,5894.0872358651595,6076.378593675422,182.29135781026253,1.0,10.0,790.0,0.0,25.675410725114393,RUNNING,1.0,False,
0.2785,0.0,False,300000.0,1880118.5,0.0,5864.616799685834,6045.996700707045,181.37990102121148,1.0,10.0,790.0,0.0,25.675414550123904,RUNNING,1.0,False,
0.2786,0.0,False,300000.0,1880118.5,0.0,5835.293715687405,6015.766717203511,180.4730015161058,1.0,10.0,790.0,0.0,25.67541834473877,RUNNING,1.0,False,
0.2787,0.0,False,300000.0,1880118.5,0.0,5806.117247108968,5985.687883617493,179.57063650852524,1.0,10.0,790.0,0.0,25.675422109111004,RUNNING,1.0,False,
0.2788,0.0,False,300000.0,1880118.5,0.0,5777.086660873423,5955.759444199405,178.67278332598198,1.0,10.0,790.0,0.0,25.675425843391857,RUNNING,1.0,False,
0.27890000000000004,0.0,False,300000.0,1880118.5,0.0,5748.201227569056,5925.980646978408,177.77941940935216,1.0,10.0,790.0,0.0,25.675429547731824,RUNNING,1.0,False,
0.279,0.0,False,300000.0,1880118.5,0.0,5719.460221431211,5896.350743743516,176.89052231230562,1.0,10.0,790.0,0.0,25.675433222280645,RUNNING,1.0,False,
0.2791,0.0,False,300000.0,1880118.5,0.0,5690.862920324054,5866.868990024798,176.00606970074386,1.0,10.0,790.0,0.0,25.675436867187315,RUNNING,1.0,False,
0.2792,0.0,False,300000.0,1880118.5,0.0,5662.408605722434,5837.534645074675,175.1260393522407,1.0,10.0,790.0,0.0,25.67544048260008,RUNNING,1.0,False,
0.2793,0.0,False,300000.0,1880118.5,0.0,5634.096562693821,5808.346971849301,174.25040915547925,1.0,10.0,790.0,0.0,25.67544406866645,RUNNING,1.0,False,
0.27940000000000004,0.0,False,300000.0,1880118.5,0.0,5605.9260798803525,5779.305236990054,173.37915710970174,1.0,10.0,790.0,0.0,25.675447625533195,RUNNING,1.0,False,
0.2795,0.0,False,300000.0,1880118.5,0.0,5577.896449480951,5750.4087108051035,172.51226132415286,1.0,10.0,790.0,0.0,25.675451153346348,RUNNING,1.0,False,
0.2796,0.0,False,300000.0,1880118.5,0.0,5550.006967233546,5721.656667251078,171.64970001753227,1.0,10.0,790.0,0.0,25.675454652251215,RUNNING,1.0,False,
0.2797,0.0,False,300000.0,1880118.5,0.0,5522.2569323973785,5693.048383914824,170.79145151744524,1.0,10.0,790.0,0.0,25.675458122392374,RUNNING,1.0,False,
0.2798,0.0,False,300000.0,1880118.5,0.0,5494.645647735391,5664.583141995249,169.93749425985789,1.0,10.0,790.0,0.0,25.675461563913682,RUNNING,1.0,False,
0.27990000000000004,0.0,False,300000.0,1880118.5,0.0,5467.172419496715,5636.260226285273,169.08780678855874,1.0,10.0,790.0,0.0,25.675464976958278,RUNNING,1.0,False,
0.28,0.0,False,300000.0,1880118.5,0.0,5439.836557399231,5608.078925153847,168.24236775461577,1.0,10.0,790.0,0.0,25.67546836166858,RUNNING,1.0,False,
0.2801,0.0,False,300000.0,1880118.5,0.0,5412.637374612235,5580.038530528078,167.40115591584254,1.0,10.0,790.0,0.0,25.6754717181863,RUNNING,1.0,False,
0.2802,0.0,False,300000.0,1880118.5,0.0,5385.574187739174,5552.138337875437,166.56415013626338,1.0,10.0,790.0,0.0,25.675475046652437,RUNNING,1.0,False,
0.2803,0.0,False,300000.0,1880118.5,0.0,5358.6463168004775,5524.37764618606,165.73132938558228,1.0,10.0,790.0,0.0,25.675478347207285,RUNNING,1.0,False,
0.28040000000000004,0.0,False,300000.0,1880118.5,0.0,5331.853085216475,5496.7557579551285,164.90267273865356,1.0,10.0,790.0,0.0,25.67548161999044,RUNNING,1.0,False,
0.2805,0.0,False,300000.0,1880118.5,0.0,5305.193819790393,5469.2719791653535,164.0781593749607,1.0,10.0,790.0,0.0,25.675484865140795,RUNNING,1.0,False,
0.2806,0.0,False,300000.0,1880118.5,0.0,5278.66785069144,5441.925619269527,163.25776857808614,1.0,10.0,790.0,0.0,25.67548808279656,RUNNING,1.0,False,
0.2807,0.0,False,300000.0,1880118.5,0.0,5252.274511437983,5414.715991173179,162.44147973519557,1.0,10.0,790.0,0.0,25.675491273095236,RUNNING,1.0,False,
0.2808,0.0,False,300000.0,1880118.5,0.0,5226.013138880793,5387.642411217313,161.62927233651953,1.0,10.0,790.0,0.0,25.67549443617365,RUNNING,1.0,False,
0.28090000000000004,0.0,False,300000.0,1880118.5,0.0,5199.883073186389,5360.704199161226,160.82112597483683,1.0,10.0,790.0,0.0,25.67549757216794,RUNNING,1.0,False,
0.281,0.0,False,300000.0,1880118.5,0.0,5173.883657820457,5333.90067816542,160.01702034496248,1.0,10.0,790.0,0.0,25.675500681213567,RUNNING,1.0,False,
0.2811,0.0,False,300000.0,1880118.5,0.0,5148.014239531355,5307.2311747745935,159.21693524323837,1.0,10.0,790.0,0.0,25.675503763445306,RUNNING,1.0,False,
0.2812,0.0,False,300000.0,1880118.5,0.0,5122.274168333698,5280.69501890072,158.42085056702217,1.0,10.0,790.0,0.0,25.67550681899727,RUNNING,1.0,False,
0.2813,0.0,False,300000.0,1880118.5,0.0,5096.662797492029,5254.2915438062155,157.62874631418617,1.0,10.0,790.0,0.0,25.675509848002893,RUNNING,1.0,False,
0.28140000000000004,0.0,False,300000.0,1880118.5,0.0,5071.179483504569,5228.020086087185,156.84060258261525,1.0,10.0,790.0,0.0,25.67551285059494,RUNNING,1.0,False,
0.28150000000000003,0.0,False,300000.0,1880118.5,0.0,5045.823586087046,5201.879985656749,156.056399569703,1.0,10.0,790.0,0.0,25.675515826905524,RUNNING,1.0,False,
0.2816,0.0,False,300000.0,1880118.5,0.0,5020.594468156611,5175.870585728465,155.27611757185423,1.0,10.0,790.0,0.0,25.675518777066088,RUNNING,1.0,False,
0.2817,0.0,False,300000.0,1880118.5,0.0,4995.491495815828,5149.991232799823,154.4997369839948,1.0,10.0,790.0,0.0,25.675521701207416,RUNNING,1.0,False,
0.2818,0.0,False,300000.0,1880118.5,0.0,4970.514038336749,5124.241276635824,153.727238299075,1.0,10.0,790.0,0.0,25.675524599459646,RUNNING,1.0,False,
0.28190000000000004,0.0,False,300000.0,1880118.5,0.0,4945.661468145066,5098.620070252645,152.95860210757928,1.0,10.0,790.0,0.0,25.675527471952257,RUNNING,1.0,False,
0.28200000000000003,0.0,False,300000.0,1880118.5,0.0,4920.93316080434,5073.126969901382,152.1938090970416,1.0,10.0,790.0,0.0,25.675530318814086,RUNNING,1.0,False,
0.2821,0.0,False,300000.0,1880118.5,0.0,4896.328495000319,5047.761335051875,151.432840051556,1.0,10.0,790.0,0.0,25.67553314017333,RUNNING,1.0,False,
0.2822,0.0,False,300000.0,1880118.5,0.0,4871.846852525317,5022.522528376616,150.67567585129837,1.0,10.0,790.0,0.0,25.67553593615753,RUNNING,1.0,False,
0.2823,0.0,False,300000.0,1880118.5,0.0,4847.487618262691,4997.409915734734,149.92229747204237,1.0,10.0,790.0,0.0,25.675538706893605,RUNNING,1.0,False,
0.28240000000000004,0.0,False,300000.0,1880118.5,0.0,4823.250180171378,4972.42286615606,149.17268598468218,1.0,10.0,790.0,0.0,25.67554145250783,RUNNING,1.0,False,
0.28250000000000003,0.0,False,300000.0,1880118.5,0.0,4799.133929270521,4947.560751825279,148.42682255475847,1.0,10.0,790.0,0.0,25.675544173125854,RUNNING,1.0,False,
0.2826,0.0,False,300000.0,1880118.5,0.0,4775.138259624168,4922.822948066153,147.6846884419847,1.0,10.0,790.0,0.0,25.675546868872694,RUNNING,1.0,False,
0.2827,0.0,False,300000.0,1880118.5,0.0,4751.262568326048,4898.2088333258225,146.94626499977494,1.0,10.0,790.0,0.0,25.675549539872744,RUNNING,1.0,False,
0.2828,0.0,False,300000.0,1880118.5,0.0,4727.506255484417,4873.717789159193,146.21153367477564,1.0,10.0,790.0,0.0,25.675552186249778,RUNNING,1.0,False,
0.28290000000000004,0.0,False,300000.0,1880118.5,0.0,4703.8687242069955,4849.349200213397,145.48047600640166,1.0,10.0,790.0,0.0,25.675554808126947,RUNNING,1.0,False,
0.28300000000000003,0.0,False,300000.0,1880118.5,0.0,4680.349380585961,4825.1024542123305,144.75307362636977,1.0,10.0,790.0,0.0,25.675557405626787,RUNNING,1.0,False,
0.2831,0.0,False,300000.0,1880118.5,0.0,4656.947633683031,4800.97694194127,144.02930825823842,1.0,10.0,790.0,0.0,25.675559978871224,RUNNING,1.0,False,
0.2832,0.0,False,300000.0,1880118.5,0.0,4633.662895514616,4776.972057231563,143.30916171694662,1.0,10.0,790.0,0.0,25.67556252798157,RUNNING,1.0,False,
0.2833,0.0,False,300000.0,1880118.5,0.0,4610.494581037043,4753.087196945405,142.59261590836195,1.0,10.0,790.0,0.0,25.675565053078532,RUNNING,1.0,False,
0.28340000000000004,0.0,False,300000.0,1880118.5,0.0,4587.442108131858,4729.321760960678,141.87965282882033,1.0,10.0,790.0,0.0,25.675567554282217,RUNNING,1.0,False,
0.28350000000000003,0.0,False,300000.0,1880118.5,0.0,4564.504897591199,4705.675152155875,141.17025456467672,1.0,10.0,790.0,0.0,25.67557003171213,RUNNING,1.0,False,
0.2836,0.0,False,300000.0,1880118.5,0.0,4541.682373103243,4682.146776395096,140.46440329185316,1.0,10.0,790.0,0.0,25.675572485487177,RUNNING,1.0,False,
0.2837,0.0,False,300000.0,1880118.5,0.0,4518.973961237726,4658.73604251312,139.76208127539394,1.0,10.0,790.0,0.0,25.67557491572567,RUNNING,1.0,False,
0.2838,0.0,False,300000.0,1880118.5,0.0,4496.379091431538,4635.442362300554,139.06327086901638,1.0,10.0,790.0,0.0,25.675577322545326,RUNNING,1.0,False,
0.28390000000000004,0.0,False,300000.0,1880118.5,0.0,4473.89719597438,4612.265150489052,138.3679545146715,1.0,10.0,790.0,0.0,25.67557970606328,RUNNING,1.0,False,
0.28400000000000003,0.0,False,300000.0,1880118.5,0.0,4451.527709994509,4589.203824736607,137.67611474209843,1.0,10.0,790.0,0.0,25.67558206639608,RUNNING,1.0,False,
0.2841,0.0,False,300000.0,1880118.5,0.0,4429.270071444536,4566.257805612924,136.98773416838776,1.0,10.0,790.0,0.0,25.67558440365968,RUNNING,1.0,False,
0.2842,0.0,False,300000.0,1880118.5,0.0,4407.123721087313,4543.426516584859,136.30279549754596,1.0,10.0,790.0,0.0,25.675586717969473,RUNNING,1.0,False,
0.2843,0.0,False,300000.0,1880118.5,0.0,4385.088102481876,4520.709384001934,135.6212815200579,1.0,10.0,790.0,0.0,25.675589009440262,RUNNING,1.0,False,
0.2844,0.0,False,300000.0,1880118.5,0.0,4363.162661969467,4498.105837081925,134.94317511245754,1.0,10.0,790.0,0.0,25.675591278186282,RUNNING,1.0,False,
0.28450000000000003,0.0,False,300000.0,1880118.5,0.0,4341.346848659619,4475.615307896515,134.26845923689598,1.0,10.0,790.0,0.0,25.67559352432119,RUNNING,1.0,False,
0.2846,0.0,False,300000.0,1880118.5,0.0,4319.640114416321,4453.237231357032,133.5971169407112,1.0,10.0,790.0,0.0,25.675595747958084,RUNNING,1.0,False,
0.2847,0.0,False,300000.0,1880118.5,0.0,4298.041913844239,4430.971045200247,132.92913135600793,1.0,10.0,790.0,0.0,25.67559794920949,RUNNING,1.0,False,
0.2848,0.0,False,300000.0,1880118.5,0.0,4276.551704275018,4408.816189974245,132.2644856992274,1.0,10.0,790.0,0.0,25.67560012818737,RUNNING,1.0,False,
0.2849,0.0,False,300000.0,1880118.5,0.0,4255.168945753643,4386.772109024375,131.60316327073178,1.0,10.0,790.0,0.0,25.675602285003134,RUNNING,1.0,False,
0.28500000000000003,0.0,False,300000.0,1880118.5,0.0,4233.893101024875,4364.838248479253,130.94514745437755,1.0,10.0,790.0,0.0,25.675604419767627,RUNNING,1.0,False,
0.2851,0.0,False,300000.0,1880118.5,0.0,4212.723635519751,4343.014057236857,130.29042171710626,1.0,10.0,790.0,0.0,25.675606532591143,RUNNING,1.0,False,
0.2852,0.0,False,300000.0,1880118.5,0.0,4191.660017342152,4321.298986950673,129.6389696085207,1.0,10.0,790.0,0.0,25.675608623583425,RUNNING,1.0,False,
0.2853,0.0,False,300000.0,1880118.5,0.0,4170.7017172554415,4299.692492015919,128.9907747604775,1.0,10.0,790.0,0.0,25.675610692853667,RUNNING,1.0,False,
0.2854,0.0,False,300000.0,1880118.5,0.0,4149.848208669165,4278.19402955584,128.34582088667503,1.0,10.0,790.0,0.0,25.675612740510516,RUNNING,1.0,False,
0.28550000000000003,0.0,False,300000.0,1880118.5,0.0,4129.098967625819,4256.803059408061,127.70409178224236,1.0,10.0,790.0,0.0,25.675614766662076,RUNNING,1.0,False,
0.2856,0.0,False,300000.0,1880118.5,0.0,4108.45347278769,4235.519044111021,127.06557132333091,1.0,10.0,790.0,0.0,25.675616771415914,RUNNING,1.0,False,
0.2857,0.0,False,300000.0,1880118.5,0.0,4087.911205423751,4214.3414488904655,126.43024346671427,1.0,10.0,790.0,0.0,25.675618754879054,RUNNING,1.0,False,
0.2858,0.0,False,300000.0,1880118.5,0.0,4067.4716493966325,4193.269741646013,125.79809224938072,1.0,10.0,790.0,0.0,25.675620717157987,RUNNING,1.0,False,
0.2859,0.0,False,300000.0,1880118.5,0.0,4047.1342911496495,4172.303392937783,125.16910178813396,1.0,10.0,790.0,0.0,25.67562265835867,RUNNING,1.0,False,
0.28600000000000003,0.0,False,300000.0,1880118.5,0.0,4026.8986196939013,4151.441875973094,124.54325627919297,1.0,10.0,790.0,0.0,25.675624578586536,RUNNING,1.0,False,
0.2861,0.0,False,300000.0,1880118.5,0.0,4006.7641265954317,4130.684666593229,123.92053999779728,1.0,10.0,790.0,0.0,25.675626477946484,RUNNING,1.0,False,
0.2862,0.0,False,300000.0,1880118.5,0.0,3986.7303059624546,4110.031243260262,123.30093729780765,1.0,10.0,790.0,0.0,25.67562835654289,RUNNING,1.0,False,
0.2863,0.0,False,300000.0,1880118.5,0.0,3966.7966544326423,4089.4810870439615,122.68443261131915,1.0,10.0,790.0,0.0,25.67563021447961,RUNNING,1.0,False,
0.2864,0.0,False,300000.0,1880118.5,0.0,3946.962671160479,4069.0336816087415,122.07101044826231,1.0,10.0,790.0,0.0,25.67563205185998,RUNNING,1.0,False,
0.28650000000000003,0.0,False,300000.0,1880118.5,0.0,3927.2278578046767,4048.688513200698,121.46065539602114,1.0,10.0,790.0,0.0,25.675633868786825,RUNNING,1.0,False,
0.2866,0.0,False,300000.0,1880118.5,0.0,3907.591718515653,4028.4450706346943,120.85335211904112,1.0,10.0,790.0,0.0,25.675635665362442,RUNNING,1.0,False,
0.2867,0.0,False,300000.0,1880118.5,0.0,3888.0537599230747,4008.3028452815206,120.24908535844588,1.0,10.0,790.0,0.0,25.67563744168863,RUNNING,1.0,False,
0.2868,0.0,False,300000.0,1880118.5,0.0,3868.6134911234594,3988.261331055113,119.64783993165338,1.0,10.0,790.0,0.0,25.67563919786667,RUNNING,1.0,False,
0.2869,0.0,False,300000.0,1880118.5,0.0,3849.2704236678424,3968.3200243998376,119.04960073199527,1.0,10.0,790.0,0.0,25.67564093399734,RUNNING,1.0,False,
0.28700000000000003,0.0,False,300000.0,1880118.5,0.0,3830.0240715495033,3948.4784242778387,118.45435272833538,1.0,10.0,790.0,0.0,25.67564265018092,RUNNING,1.0,False,
0.2871,0.0,False,300000.0,1880118.5,0.0,3810.8739511917556,3928.7360321564493,117.86208096469363,1.0,10.0,790.0,0.0,25.675644346517174,RUNNING,1.0,False,
0.2872,0.0,False,300000.0,1880118.5,0.0,3791.819581435797,3909.092351995667,117.27277055986997,1.0,10.0,790.0,0.0,25.675646023105383,RUNNING,1.0,False,
0.2873,0.0,False,300000.0,1880118.5,0.0,3772.860483528618,3889.5468902356884,116.68640670707055,1.0,10.0,790.0,0.0,25.675647680044325,RUNNING,1.0,False,
0.2874,0.0,False,300000.0,1880118.5,0.0,3753.9961811109747,3870.09915578451,116.1029746735353,1.0,10.0,790.0,0.0,25.67564931743228,RUNNING,1.0,False,
0.28750000000000003,0.0,False,300000.0,1880118.5,0.0,3735.22620020542,3850.7486600055877,115.52245980016778,1.0,10.0,790.0,0.0,25.675650935367045,RUNNING,1.0,False,
0.2876,0.0,False,300000.0,1880118.5,0.0,3716.550069204393,3831.4949167055597,114.9448475011668,1.0,10.0,790.0,0.0,25.67565253394592,RUNNING,1.0,False,
0.2877,0.0,False,300000.0,1880118.5,0.0,3697.967318858371,3812.337442122032,114.37012326366084,1.0,10.0,790.0,0.0,25.675654113265725,RUNNING,1.0,False,
0.2878,0.0,False,300000.0,1880118.5,0.0,3679.4774822640793,3793.275754911422,113.79827264734286,1.0,10.0,790.0,0.0,25.67565567342279,RUNNING,1.0,False,
0.2879,0.0,False,300000.0,1880118.5,0.0,3661.080094852759,3774.309376136865,113.22928128410604,1.0,10.0,790.0,0.0,25.675657214512967,RUNNING,1.0,False,
0.28800000000000003,0.0,False,300000.0,1880118.5,0.0,3642.774694378495,3755.4378292561805,112.66313487768548,1.0,10.0,790.0,0.0,25.67565873663163,RUNNING,1.0,False,
0.2881,0.0,False,300000.0,1880118.5,0.0,3624.5608209066027,3736.6606401098998,112.0998192032971,1.0,10.0,790.0,0.0,25.675660239873668,RUNNING,1.0,False,
0.2882,0.0,False,300000.0,1880118.5,0.0,3606.43801680207,3717.9773369093505,111.53932010728067,1.0,10.0,790.0,0.0,25.67566172433351,RUNNING,1.0,False,
0.2883,0.0,False,300000.0,1880118.5,0.0,3588.4058267180594,3699.3874502248036,110.9816235067442,1.0,10.0,790.0,0.0,25.675663190105098,RUNNING,1.0,False,
0.2884,0.0,False,300000.0,1880118.5,0.0,3570.463797584469,3680.8905129736795,110.42671538921059,1.0,10.0,790.0,0.0,25.675664637281916,RUNNING,1.0,False,
0.28850000000000003,0.0,False,300000.0,1880118.5,0.0,3552.6114785965465,3662.4860604088108,109.8745818122643,1.0,10.0,790.0,0.0,25.67566606595697,RUNNING,1.0,False,
0.2886,0.0,False,300000.0,1880118.5,0.0,3534.8484212035637,3644.1736301067667,109.32520890320302,1.0,10.0,790.0,0.0,25.675667476222813,RUNNING,1.0,False,
0.2887,0.0,False,300000.0,1880118.5,0.0,3517.1741790975457,3625.9527619562327,108.77858285868706,1.0,10.0,790.0,0.0,25.675668868171524,RUNNING,1.0,False,
0.2888,0.0,False,300000.0,1880118.5,0.0,3499.5883082020578,3607.8229981464515,108.23468994439372,1.0,10.0,790.0,0.0,25.675670241894725,RUNNING,1.0,False,
0.2889,0.0,False,300000.0,1880118.5,0.0,3482.0903666610475,3589.783883155719,107.69351649467171,1.0,10.0,790.0,0.0,25.675671597483582,RUNNING,1.0,False,
0.28900000000000003,0.0,False,300000.0,1880118.5,0.0,3464.6799148277423,3571.8349637399406,107.15504891219825,1.0,10.0,790.0,0.0,25.675672935028807,RUNNING,1.0,False,
0.2891,0.0,False,300000.0,1880118.5,0.0,3447.3565152536034,3553.9757889212406,106.61927366763712,1.0,10.0,790.0,0.0,25.675674254620652,RUNNING,1.0,False,
0.2892,0.0,False,300000.0,1880118.5,0.0,3430.1197326773354,3536.2059099766343,106.08617729929892,1.0,10.0,790.0,0.0,25.675675556348924,RUNNING,1.0,False,
0.2893,0.0,False,300000.0,1880118.5,0.0,3412.969134013949,3518.5248804267517,105.55574641280282,1.0,10.0,790.0,0.0,25.67567684030298,RUNNING,1.0,False,
0.2894,0.0,False,300000.0,1880118.5,0.0,3395.904288343879,3500.932256024618,105.02796768073858,1.0,10.0,790.0,0.0,25.675678106571727,RUNNING,1.0,False,
0.28950000000000004,0.0,False,300000.0,1880118.5,0.0,3378.9247669021597,3483.427594744495,104.50282784233514,1.0,10.0,790.0,0.0,25.675679355243627,RUNNING,1.0,False,
0.2896,0.0,False,300000.0,1880118.5,0.0,3362.030143067649,3466.010456770772,103.9803137031231,1.0,10.0,790.0,0.0,25.675680586406706,RUNNING,1.0,False,
0.2897,0.0,False,300000.0,1880118.5,0.0,3345.219992352311,3448.6804044869186,103.46041213460785,1.0,10.0,790.0,0.0,25.675681800148542,RUNNING,1.0,False,
0.2898,0.0,False,300000.0,1880118.5,0.0,3328.4938923905493,3431.437002464484,102.9431100739348,1.0,10.0,790.0,0.0,25.67568299655628,RUNNING,1.0,False,
0.2899,0.0,False,300000.0,1880118.5,0.0,3311.8514229285965,3414.2798174521613,102.42839452356475,1.0,10.0,790.0,0.0,25.675684175716626,RUNNING,1.0,False,
0.29000000000000004,0.0,False,300000.0,1880118.5,0.0,3295.2921658139535,3397.208418364901,101.91625255094732,1.0,10.0,790.0,0.0,25.67568533771586,RUNNING,1.0,False,
0.2901,0.0,False,300000.0,1880118.5,0.0,3278.8157049848837,3380.222376273076,101.40667128819223,1.0,10.0,790.0,0.0,25.67568648263982,RUNNING,1.0,False,
0.2902,0.0,False,300000.0,1880118.5,0.0,3262.4216264599595,3363.321264391711,100.89963793175139,1.0,10.0,790.0,0.0,25.67568761057392,RUNNING,1.0,False,
0.2903,0.0,False,300000.0,1880118.5,0.0,3246.1095183276598,3346.5046580697526,100.39513974209285,1.0,10.0,790.0,0.0,25.675688721603148,RUNNING,1.0,False,
0.2904,0.0,False,300000.0,1880118.5,0.0,3229.8789707360215,3329.7721347794036,99.89316404338206,1.0,10.0,790.0,0.0,25.675689815812067,RUNNING,1.0,False,
0.29050000000000004,0.0,False,300000.0,1880118.5,0.0,3213.7295758823416,3313.123274105507,99.3936982231653,1.0,10.0,790.0,0.0,25.675690893284816,RUNNING,1.0,False,
0.2906,0.0,False,300000.0,1880118.5,0.0,3197.6609280029297,3296.5576577349793,98.89672973204961,1.0,10.0,790.0,0.0,25.675691954105112,RUNNING,1.0,False,
0.2907,0.0,False,300000.0,1880118.5,0.0,3181.672623362915,3280.0748694463045,98.4022460833894,1.0,10.0,790.0,0.0,25.675692998356254,RUNNING,1.0,False,
0.2908,0.0,False,300000.0,1880118.5,0.0,3165.7642602461005,3263.674495099073,97.91023485297228,1.0,10.0,790.0,0.0,25.67569402612113,RUNNING,1.0,False,
0.2909,0.0,False,300000.0,1880118.5,0.0,3149.93543894487,3247.3561226235774,97.42068367870752,1.0,10.0,790.0,0.0,25.675695037482203,RUNNING,1.0,False,
0.29100000000000004,0.0,False,300000.0,1880118.5,0.0,3134.1857617501455,3231.119342010459,96.93358026031365,1.0,10.0,790.0,0.0,25.675696032521536,RUNNING,1.0,False,
0.2911,0.0,False,300000.0,1880118.5,0.0,3118.5148329413946,3214.963745300407,96.44891235901241,1.0,10.0,790.0,0.0,25.675697011320768,RUNNING,1.0,False,
0.2912,0.0,False,300000.0,1880118.5,0.0,3102.9222587766876,3198.888926573905,95.96666779721727,1.0,10.0,790.0,0.0,25.675697973961142,RUNNING,1.0,False,
0.2913,0.0,False,300000.0,1880118.5,0.0,3087.4076474828044,3182.8944819410353,95.48683445823099,1.0,10.0,790.0,0.0,25.675698920523487,RUNNING,1.0,False,
0.2914,0.0,False,300000.0,1880118.5,0.0,3071.9706092453903,3166.9800095313303,95.00940028594005,1.0,10.0,790.0,0.0,25.675699851088233,RUNNING,1.0,False,
0.29150000000000004,0.0,False,300000.0,1880118.5,0.0,3056.6107561991635,3151.145109483674,94.53435328451042,1.0,10.0,790.0,0.0,25.675700765735407,RUNNING,1.0,False,
0.2916,0.0,False,300000.0,1880118.5,0.0,3041.3277024181675,3135.3893839362554,94.06168151808788,1.0,10.0,790.0,0.0,25.67570166454463,RUNNING,1.0,False,
0.2917,0.0,False,300000.0,1880118.5,0.0,3026.121063906077,3119.7124370165743,93.59137311049744,1.0,10.0,790.0,0.0,25.675702547595133,RUNNING,1.0,False,
0.2918,0.0,False,300000.0,1880118.5,0.0,3010.9904585865465,3104.1138748314916,93.12341624494502,1.0,10.0,790.0,0.0,25.675703414965746,RUNNING,1.0,False,
0.2919,0.0,False,300000.0,1880118.5,0.0,2995.935506293614,3088.593305457334,92.65779916372003,1.0,10.0,790.0,0.0,25.675704266734904,RUNNING,1.0,False,
0.29200000000000004,0.0,False,300000.0,1880118.5,0.0,2980.9558287621458,3073.1503389300474,92.19451016790163,1.0,10.0,790.0,0.0,25.675705102980654,RUNNING,1.0,False,
0.2921,0.0,False,300000.0,1880118.5,0.0,2966.051049618335,3057.7845872353973,91.73353761706221,1.0,10.0,790.0,0.0,25.67570592378065,RUNNING,1.0,False,
0.2922,0.0,False,300000.0,1880118.5,0.0,2951.2207943702433,3042.49566429922,91.27486992897684,1.0,10.0,790.0,0.0,25.67570672921216,RUNNING,1.0,False,
0.2923,0.0,False,300000.0,1880118.5,0.0,2936.464690398392,3027.283185977724,90.81849557933174,1.0,10.0,790.0,0.0,25.67570751935206,RUNNING,1.0,False,
0.2924,0.0,False,300000.0,1880118.5,0.0,2921.7823669464,3012.146770047835,90.36440310143507,1.0,10.0,790.0,0.0,25.67570829427685,RUNNING,1.0,False,
0.29250000000000004,0.0,False,300000.0,1880118.5,0.0,2907.173455111668,2997.0860361975956,89.91258108592774,1.0,10.0,790.0,0.0,25.675709054062636,RUNNING,1.0,False,
0.2926,0.0,False,300000.0,1880118.5,0.0,2892.6375878361096,2982.100606016608,89.46301818049824,1.0,10.0,790.0,0.0,25.67570979878516,RUNNING,1.0,False,
0.2927,0.0,False,300000.0,1880118.5,0.0,2878.174399896929,2967.190102986525,89.01570308959572,1.0,10.0,790.0,0.0,25.67571052851977,RUNNING,1.0,False,
0.2928,0.0,False,300000.0,1880118.5,0.0,2863.7835278974444,2952.3541524715924,88.57062457414804,1.0,10.0,790.0,0.0,25.675711243341443,RUNNING,1.0,False,
0.2929,0.0,False,300000.0,1880118.5,0.0,2849.4646102579572,2937.5923817092344,88.12777145127711,1.0,10.0,790.0,0.0,25.675711943324785,RUNNING,1.0,False,
0.29300000000000004,0.0,False,300000.0,1880118.5,0.0,2835.2172872066676,2922.904419800688,87.68713259402057,1.0,10.0,790.0,0.0,25.675712628544023,RUNNING,1.0,False,
0.2931,0.0,False,300000.0,1880118.5,0.0,2821.041200770634,2908.289897701685,87.24869693105074,1.0,10.0,790.0,0.0,25.675713299073013,RUNNING,1.0,False,
0.2932,0.0,False,300000.0,1880118.5,0.0,2806.935994766781,2893.7484482131763,86.81245344639547,1.0,10.0,790.0,0.0,25.675713954985248,RUNNING,1.0,False,
0.2933,0.0,False,300000.0,1880118.5,0.0,2792.901314792947,2879.27970597211,86.37839117916337,1.0,10.0,790.0,0.0,25.675714596353846,RUNNING,1.0,False,
0.2934,0.0,False,300000.0,1880118.5,0.0,2778.936808218982,2864.8833074422496,85.94649922326744,1.0,10.0,790.0,0.0,25.675715223251565,RUNNING,1.0,False,
0.29350000000000004,0.0,False,300000.0,1880118.5,0.0,2765.042124177887,2850.5588909050384,85.51676672715121,1.0,10.0,790.0,0.0,25.675715835750793,RUNNING,1.0,False,
0.2936,0.0,False,300000.0,1880118.5,0.0,2751.216913556998,2836.3060964505135,85.0891828935155,1.0,10.0,790.0,0.0,25.675716433923565,RUNNING,1.0,False,
0.2937,0.0,False,300000.0,1880118.5,0.0,2737.460828989213,2822.124565968261,84.66373697904783,1.0,10.0,790.0,0.0,25.67571701784155,RUNNING,1.0,False,
0.2938,0.0,False,300000.0,1880118.5,0.0,2723.773524844267,2808.0139431384196,84.24041829415273,1.0,10.0,790.0,0.0,25.675717587576056,RUNNING,1.0,False,
0.2939,0.0,False,300000.0,1880118.5,0.0,2710.1546572200455,2793.973873422727,83.81921620268167,1.0,10.0,790.0,0.0,25.67571814319804,RUNNING,1.0,False,
0.29400000000000004,0.0,False,300000.0,1880118.5,0.0,2696.6038839339453,2780.0040040556137,83.40012012166835,1.0,10.0,790.0,0.0,25.675718684778104,RUNNING,1.0,False,
0.29410000000000003,0.0,False,300000.0,1880118.5,0.0,2683.1208645142756,2766.1039840353355,82.98311952105996,1.0,10.0,790.0,0.0,25.675719212386493,RUNNING,1.0,False,
0.2942,0.0,False,300000.0,1880118.5,0.0,2669.7052601917044,2752.273464115159,82.5682039234548,1.0,10.0,790.0,0.0,25.675719726093103,RUNNING,1.0,False,
0.2943,0.0,False,300000.0,1880118.5,0.0,2656.356733890746,2738.5120967945836,82.15536290383761,1.0,10.0,790.0,0.0,25.67572022596748,RUNNING,1.0,False,
0.2944,0.0,False,300000.0,1880118.5,0.0,2643.074950221292,2724.8195363106106,81.74458608931855,1.0,10.0,790.0,0.0,25.675720712078824,RUNNING,1.0,False,
0.29450000000000004,0.0,False,300000.0,1880118.5,0.0,2629.8595754701855,2711.195438629057,81.33586315887169,1.0,10.0,790.0,0.0,25.675721184495988,RUNNING,1.0,False,
0.29460000000000003,0.0,False,300000.0,1880118.5,0.0,2616.7102775928347,2697.639461435912,80.92918384307723,1.0,10.0,790.0,0.0,25.675721643287478,RUNNING,1.0,False,
0.2947,0.0,False,300000.0,1880118.5,0.0,2603.6267262048705,2684.1512641287327,80.52453792386223,1.0,10.0,790.0,0.0,25.67572208852146,RUNNING,1.0,False,
0.2948,0.0,False,300000.0,1880118.5,0.0,2590.608592573846,2670.730507808089,80.1219152342428,1.0,10.0,790.0,0.0,25.67572252026576,RUNNING,1.0,False,
0.2949,0.0,False,300000.0,1880118.5,0.0,2577.655549610977,2657.3768552690485,79.72130565807174,1.0,10.0,790.0,0.0,25.675722938587867,RUNNING,1.0,False,
0.29500000000000004,0.0,False,300000.0,1880118.5,0.0,2564.767271862922,2644.089970992703,79.32269912978109,1.0,10.0,790.0,0.0,25.675723343554928,RUNNING,1.0,False,
0.29510000000000003,0.0,False,300000.0,1880118.5,0.0,2551.9434355036074,2630.8695211377394,78.92608563413205,1.0,10.0,790.0,0.0,25.675723735233753,RUNNING,1.0,False,
0.2952,0.0,False,300000.0,1880118.5,0.0,2539.1837183260895,2617.7151735320513,78.53145520596172,1.0,10.0,790.0,0.0,25.675724113690823,RUNNING,1.0,False,
0.2953,0.0,False,300000.0,1880118.5,0.0,2526.4877997344593,2604.6265976643913,78.13879792993202,1.0,10.0,790.0,0.0,25.675724478992283,RUNNING,1.0,False,
0.2954,0.0,False,300000.0,1880118.5,0.0,2513.855360735787,2591.6034646760695,77.74810394028236,1.0,10.0,790.0,0.0,25.67572483120395,RUNNING,1.0,False,
0.29550000000000004,0.0,False,300000.0,1880118.5,0.0,2501.2860839321083,2578.645447352689,77.35936342058085,1.0,10.0,790.0,0.0,25.67572517039131,RUNNING,1.0,False,
0.29560000000000003,0.0,False,300000.0,1880118.5,0.0,2488.779653512448,2565.752220115926,76.97256660347784,1.0,10.0,790.0,0.0,25.675725496619524,RUNNING,1.0,False,
0.2957,0.0,False,300000.0,1880118.5,0.0,2476.3357552448856,2552.923459015346,76.5877037704604,1.0,10.0,790.0,0.0,25.675725809953423,RUNNING,1.0,False,
0.2958,0.0,False,300000.0,1880118.5,0.0,2463.9540764686612,2540.1588417202693,76.20476525160802,1.0,10.0,790.0,0.0,25.675726110457514,RUNNING,1.0,False,
0.2959,0.0,False,300000.0,1880118.5,0.0,2451.634306086318,2527.4580475116677,75.82374142534991,1.0,10.0,790.0,0.0,25.675726398195987,RUNNING,1.0,False,
0.29600000000000004,0.0,False,300000.0,1880118.5,0.0,2439.376134555886,2514.8207572741094,75.4446227182234,1.0,10.0,790.0,0.0,25.675726673232706,RUNNING,1.0,False,
0.29610000000000003,0.0,False,300000.0,1880118.5,0.0,2427.1792538831064,2502.2466534877385,75.0673996046321,1.0,10.0,790.0,0.0,25.675726935631218,RUNNING,1.0,False,
0.2962,0.0,False,300000.0,1880118.5,0.0,2415.0433576136907,2489.7354202202996,74.69206260660894,1.0,10.0,790.0,0.0,25.675727185454754,RUNNING,1.0,False,
0.2963,0.0,False,300000.0,1880118.5,0.0,2402.9681408256224,2477.2867431191985,74.31860229357608,1.0,10.0,790.0,0.0,25.675727422766222,RUNNING,1.0,False,
0.2964,0.0,False,300000.0,1880118.5,0.0,2390.9533001214945,2464.9003094036025,73.94700928210796,1.0,10.0,790.0,0.0,25.67572764762822,RUNNING,1.0,False,
0.29650000000000004,0.0,False,300000.0,1880118.5,0.0,2378.998533620887,2452.5758078565846,73.57727423569759,1.0,10.0,790.0,0.0,25.675727860103038,RUNNING,1.0,False,
0.29660000000000003,0.0,False,300000.0,1880118.5,0.0,2367.1035409527826,2440.312928817302,73.20938786451916,1.0,10.0,790.0,0.0,25.675728060252645,RUNNING,1.0,False,
0.2967,0.0,False,300000.0,1880118.5,0.0,2355.268023248019,2428.1113641732154,72.84334092519657,1.0,10.0,790.0,0.0,25.675728248138707,RUNNING,1.0,False,
0.2968,0.0,False,300000.0,1880118.5,0.0,2343.4916831317787,2415.9708073523493,72.47912422057061,1.0,10.0,790.0,0.0,25.675728423822576,RUNNING,1.0,False,
0.2969,0.0,False,300000.0,1880118.5,0.0,2331.77422471612,2403.8909533155875,72.11672859946748,1.0,10.0,790.0,0.0,25.675728587365306,RUNNING,1.0,False,
0.29700000000000004,0.0,False,300000.0,1880118.5,0.0,2320.1153535925396,2391.87149854901,71.75614495647051,1.0,10.0,790.0,0.0,25.675728738827633,RUNNING,1.0,False,
0.29710000000000003,0.0,False,300000.0,1880118.5,0.0,2308.514776824577,2379.9121410562648,71.39736423168779,1.0,10.0,790.0,0.0,25.675728878270004,RUNNING,1.0,False,
0.2972,0.0,False,300000.0,1880118.5,0.0,2296.9722029404543,2368.012580350984,71.0403774105298,1.0,10.0,790.0,0.0,25.67572900575255,RUNNING,1.0,False,
0.2973,0.0,False,300000.0,1880118.5,0.0,2285.487341925752,2356.172517449229,70.68517552347703,1.0,10.0,790.0,0.0,25.675729121335113,RUNNING,1.0,False,
0.2974,0.0,False,300000.0,1880118.5,0.0,2274.0599052161233,2344.3916548619827,70.33174964585942,1.0,10.0,790.0,0.0,25.675729225077227,RUNNING,1.0,False,
0.2975,0.0,False,300000.0,1880118.5,0.0,2262.6896056900428,2332.669696587673,69.98009089763036,1.0,10.0,790.0,0.0,25.67572931703813,RUNNING,1.0,False,
0.29760000000000003,0.0,False,300000.0,1880118.5,0.0,2251.3761576615925,2321.0063481047346,69.63019044314206,1.0,10.0,790.0,0.0,25.67572939727677,RUNNING,1.0,False,
0.2977,0.0,False,300000.0,1880118.5,0.0,2240.1192768732844,2309.4013163642107,69.28203949092631,1.0,10.0,790.0,0.0,25.67572946585179,RUNNING,1.0,False,
0.2978,0.0,False,300000.0,1880118.5,0.0,2228.918680488918,2297.85430978239,68.93562929347172,1.0,10.0,790.0,0.0,25.675729522821555,RUNNING,1.0,False,
0.2979,0.0,False,300000.0,1880118.5,0.0,2217.7740870864736,2286.365038233478,68.59095114700449,1.0,10.0,790.0,0.0,25.675729568244122,RUNNING,1.0,False,
0.298,0.0,False,300000.0,1880118.5,0.0,2206.685216651041,2274.9332130423104,68.24799639126923,1.0,10.0,790.0,0.0,25.675729602177267,RUNNING,1.0,False,
0.29810000000000003,0.0,False,300000.0,1880118.5,0.0,2195.651790567786,2263.558546977099,67.90675640931295,1.0,10.0,790.0,0.0,25.67572962467847,RUNNING,1.0,False,
0.2982,0.0,False,300000.0,1880118.5,0.0,2184.673531614947,2252.2407542422134,67.56722262726635,1.0,10.0,790.0,0.0,25.675729635804935,RUNNING,1.0,False,
0.2983,0.0,False,300000.0,1880118.5,0.0,2173.7501639568723,2240.9795504710023,67.22938651413006,1.0,10.0,790.0,0.0,25.67572963561357,RUNNING,1.0,False,
0.2984,0.0,False,300000.0,1880118.5,0.0,2162.8814131370877,2229.7746527186473,66.89323958155956,1.0,10.0,790.0,0.0,25.675729624161004,RUNNING,1.0,False,
0.2985,0.0,False,300000.0,1880118.5,0.0,2152.0670060714024,2218.6257794550543,66.5587733836519,1.0,10.0,790.0,0.0,25.675729601503576,RUNNING,1.0,False,
0.29860000000000003,0.0,False,300000.0,1880118.5,0.0,2141.3066710410453,2207.5326505577787,66.22597951673333,1.0,10.0,790.0,0.0,25.67572956769735,RUNNING,1.0,False,
0.2987,0.0,False,300000.0,1880118.5,0.0,2130.6001376858403,2196.49498730499,65.89484961914968,1.0,10.0,790.0,0.0,25.675729522798107,RUNNING,1.0,False,
0.2988,0.0,False,300000.0,1880118.5,0.0,2119.9471369974112,2185.512512368465,65.56537537105396,1.0,10.0,790.0,0.0,25.675729466861352,RUNNING,1.0,False,
0.2989,0.0,False,300000.0,1880118.5,0.0,2109.347401312424,2174.5849498066227,65.23754849419856,1.0,10.0,790.0,0.0,25.67572939994231,RUNNING,1.0,False,
0.299,0.0,False,300000.0,1880118.5,0.0,2098.800664305862,2163.71202505759,64.9113607517279,1.0,10.0,790.0,0.0,25.675729322095926,RUNNING,1.0,False,
0.29910000000000003,0.0,False,300000.0,1880118.5,0.0,2088.3066609843327,2152.893464932302,64.5868039479692,1.0,10.0,790.0,0.0,25.675729233376877,RUNNING,1.0,False,
0.2992,0.0,False,300000.0,1880118.5,0.0,2077.865127679411,2142.1289976076405,64.26386992822927,1.0,10.0,790.0,0.0,25.675729133839564,RUNNING,1.0,False,
0.2993,0.0,False,300000.0,1880118.5,0.0,2067.475802041014,2131.418352619602,63.942550578588,1.0,10.0,790.0,0.0,25.675729023538114,RUNNING,1.0,False,
0.2994,0.0,False,300000.0,1880118.5,0.0,2057.138423030809,2120.761260856504,63.622837825695115,1.0,10.0,790.0,0.0,25.675728902526387,RUNNING,1.0,False,
0.2995,0.0,False,300000.0,1880118.5,0.0,2046.852730915655,2110.1574545522217,63.30472363656668,1.0,10.0,790.0,0.0,25.675728770857972,RUNNING,1.0,False,
0.29960000000000003,0.0,False,300000.0,1880118.5,0.0,2036.6184672610768,2099.606667279461,62.98820001838408,1.0,10.0,790.0,0.0,25.675728628586192,RUNNING,1.0,False,
0.2997,0.0,False,300000.0,1880118.5,0.0,2026.4353749247714,2089.1086339430635,62.67325901829213,1.0,10.0,790.0,0.0,25.675728475764096,RUNNING,1.0,False,
0.2998,0.0,False,300000.0,1880118.5,0.0,2016.3031980501476,2078.663090773348,62.359892723200346,1.0,10.0,790.0,0.0,25.675728312444477,RUNNING,1.0,False,
0.2999,0.0,False,300000.0,1880118.5,0.0,2006.221682059897,2068.2697753194816,62.048093259584675,1.0,10.0,790.0,0.0,25.675728138679858,RUNNING,1.0,False,
0.3,0.0,False,300000.0,1880118.5,0.0,1996.1905736495974,2057.928426442884,61.73785279328649,1.0,10.0,790.0,0.0,25.675727954522504,RUNNING,1.0,False,
0.30010000000000003,0.0,False,300000.0,1880118.5,0.0,1986.2096207813493,2047.6387843106695,61.42916352932025,1.0,10.0,790.0,0.0,25.675727760024415,RUNNING,1.0,False,
0.3002,0.0,False,300000.0,1880118.5,0.0,1976.2785726774425,2037.4005903891161,61.12201771167361,1.0,10.0,790.0,0.0,25.675727555237334,RUNNING,1.0,False,
0.3003,0.0,False,300000.0,1880118.5,0.0,1966.3971798140553,2027.2135874371704,60.81640762311508,1.0,10.0,790.0,0.0,25.675727340212738,RUNNING,1.0,False,
0.3004,0.0,False,300000.0,1880118.5,0.0,1956.565193914985,2017.0775194999846,60.512325584999644,1.0,10.0,790.0,0.0,25.67572711500186,RUNNING,1.0,False,
0.3005,0.0,False,300000.0,1880118.5,0.0,1946.78236794541,2006.9921319024845,60.20976395707453,1.0,10.0,790.0,0.0,25.675726879655663,RUNNING,1.0,False,
0.30060000000000003,0.0,False,300000.0,1880118.5,0.0,1937.048456105683,1996.9571712429722,59.908715137289164,1.0,10.0,790.0,0.0,25.675726634224862,RUNNING,1.0,False,
0.3007,0.0,False,300000.0,1880118.5,0.0,1927.3632138251546,1986.9723853867574,59.60917156160281,1.0,10.0,790.0,0.0,25.67572637875992,RUNNING,1.0,False,
0.3008,0.0,False,300000.0,1880118.5,0.0,1917.7263977560287,1977.0375234598234,59.31112570379469,1.0,10.0,790.0,0.0,25.67572611331104,RUNNING,1.0,False,
0.3009,0.0,False,300000.0,1880118.5,0.0,1908.1377657672485,1967.1523358425243,59.01457007527574,1.0,10.0,790.0,0.0,25.675725837928187,RUNNING,1.0,False,
0.301,0.0,False,300000.0,1880118.5,0.0,1898.5970769384123,1957.3165741633118,58.71949722489944,1.0,10.0,790.0,0.0,25.675725552661063,RUNNING,1.0,False,
0.30110000000000003,0.0,False,300000.0,1880118.5,0.0,1889.1040915537203,1947.5299912924952,58.42589973877489,1.0,10.0,790.0,0.0,25.67572525755913,RUNNING,1.0,False,
0.3012,0.0,False,300000.0,1880118.5,0.0,1879.6585710959516,1937.7923413360327,58.13377024008105,1.0,10.0,790.0,0.0,25.675724952671594,RUNNING,1.0,False,
0.3013,0.0,False,300000.0,1880118.5,0.0,1870.260278240472,1928.1033796293525,57.84310138888054,1.0,10.0,790.0,0.0,25.675724638047427,RUNNING,1.0,False,
0.3014,0.0,False,300000.0,1880118.5,0.0,1860.9089768492695,1918.4628627312056,57.55388588193614,1.0,10.0,790.0,0.0,25.675724313735348,RUNNING,1.0,False,
0.3015,0.0,False,300000.0,1880118.5,0.0,1851.6044319650232,1908.8705484175498,57.2661164525266,1.0,10.0,790.0,0.0,25.675723979783832,RUNNING,1.0,False,
0.30160000000000003,0.0,False,300000.0,1880118.5,0.0,1842.3464098051982,1899.326195675462,56.97978587026387,1.0,10.0,790.0,0.0,25.675723636241116,RUNNING,1.0,False,
0.3017,0.0,False,300000.0,1880118.5,0.0,1833.134677756172,1889.8295646970846,56.69488694091251,1.0,10.0,790.0,0.0,25.67572328315519,RUNNING,1.0,False,
0.3018,0.0,False,300000.0,1880118.5,0.0,1823.9690043673913,1880.3804168735994,56.41141250620808,1.0,10.0,790.0,0.0,25.67572292057381,RUNNING,1.0,False,
0.3019,0.0,False,300000.0,1880118.5,0.0,1814.8491593455544,1870.9785147892314,56.129355443677014,1.0,10.0,790.0,0.0,25.675722548544492,RUNNING,1.0,False,
0.302,0.0,False,300000.0,1880118.5,0.0,1805.7749135488266,1861.6236222152852,55.848708666458606,1.0,10.0,790.0,0.0,25.67572216711451,RUNNING,1.0,False,
0.30210000000000004,0.0,False,300000.0,1880118.5,0.0,1796.7460389810824,1852.3155041042087,55.56946512312629,1.0,10.0,790.0,0.0,25.67572177633091,RUNNING,1.0,False,
0.3022,0.0,False,300000.0,1880118.5,0.0,1787.762308786177,1843.0539265836878,55.29161779751075,1.0,10.0,790.0,0.0,25.675721376240492,RUNNING,1.0,False,
0.3023,0.0,False,300000.0,1880118.5,0.0,1778.8234972422463,1833.8386569507695,55.01515970852324,1.0,10.0,790.0,0.0,25.67572096688983,RUNNING,1.0,False,
0.3024,0.0,False,300000.0,1880118.5,0.0,1769.9293797560351,1824.6694636660156,54.74008390998051,1.0,10.0,790.0,0.0,25.675720548325266,RUNNING,1.0,False,
0.3025,0.0,False,300000.0,1880118.5,0.0,1761.079732857255,1815.5461163476857,54.466383490430644,1.0,10.0,790.0,0.0,25.675720120592903,RUNNING,1.0,False,
0.30260000000000004,0.0,False,300000.0,1880118.5,0.0,1752.2743341929688,1806.4683857659472,54.194051572978424,1.0,10.0,790.0,0.0,25.675719683738617,RUNNING,1.0,False,
0.3027,0.0,False,300000.0,1880118.5,0.0,1743.512962522004,1797.4360438371177,53.92308131511368,1.0,10.0,790.0,0.0,25.675719237808057,RUNNING,1.0,False,
0.3028,0.0,False,300000.0,1880118.5,0.0,1734.795397709394,1788.448863617932,53.65346590853801,1.0,10.0,790.0,0.0,25.67571878284664,RUNNING,1.0,False,
0.3029,0.0,False,300000.0,1880118.5,0.0,1726.121420720847,1779.5066192998424,53.385198578995414,1.0,10.0,790.0,0.0,25.675718318899563,RUNNING,1.0,False,
0.303,0.0,False,300000.0,1880118.5,0.0,1717.4908136172428,1770.6090862033432,53.118272586100375,1.0,10.0,790.0,0.0,25.675717846011786,RUNNING,1.0,False,
0.30310000000000004,0.0,False,300000.0,1880118.5,0.0,1708.9033595491567,1761.7560407723265,52.85268122316984,1.0,10.0,790.0,0.0,25.675717364228053,RUNNING,1.0,False,
0.3032,0.0,False,300000.0,1880118.5,0.0,1700.358842751411,1752.947260568465,52.58841781705405,1.0,10.0,790.0,0.0,25.67571687359288,RUNNING,1.0,False,
0.3033,0.0,False,300000.0,1880118.5,0.0,1691.857048537654,1744.1825242656228,52.32547572796875,1.0,10.0,790.0,0.0,25.67571637415056,RUNNING,1.0,False,
0.3034,0.0,False,300000.0,1880118.5,0.0,1683.3977632949657,1735.4616116442946,52.063848349328964,1.0,10.0,790.0,0.0,25.675715865945172,RUNNING,1.0,False,
0.3035,0.0,False,300000.0,1880118.5,0.0,1674.9807744784907,1726.784303586073,51.803529107582335,1.0,10.0,790.0,0.0,25.675715349020564,RUNNING,1.0,False,
0.30360000000000004,0.0,False,300000.0,1880118.5,0.0,1666.6058706060983,1718.1503820681426,51.544511462044284,1.0,10.0,790.0,0.0,25.67571482342037,RUNNING,1.0,False,
0.3037,0.0,False,300000.0,1880118.5,0.0,1658.2728412530678,1709.5596301578018,51.28678890473407,1.0,10.0,790.0,0.0,25.675714289188008,RUNNING,1.0,False,
0.3038,0.0,False,300000.0,1880118.5,0.0,1649.9814770468024,1701.0118320070128,51.03035496021039,1.0,10.0,790.0,0.0,25.675713746366675,RUNNING,1.0,False,
0.3039,0.0,False,300000.0,1880118.5,0.0,1641.7315696615683,1692.5067728469776,50.77520318540928,1.0,10.0,790.0,0.0,25.675713194999354,RUNNING,1.0,False,
0.304,0.0,False,300000.0,1880118.5,0.0,1633.5229118132604,1684.0442389827426,50.52132716948222,1.0,10.0,790.0,0.0,25.67571263512881,RUNNING,1.0,False,
0.30410000000000004,0.0,False,300000.0,1880118.5,0.0,1625.355297254194,1675.624017787829,50.268720533634905,1.0,10.0,790.0,0.0,25.675712066797598,RUNNING,1.0,False,
0.3042,0.0,False,300000.0,1880118.5,0.0,1617.228520767923,1667.2458976988898,50.01737693096675,1.0,10.0,790.0,0.0,25.67571149004806,RUNNING,1.0,False,
0.3043,0.0,False,300000.0,1880118.5,0.0,1609.1423781640835,1658.9096682103955,49.76729004631193,1.0,10.0,790.0,0.0,25.675710904922322,RUNNING,1.0,False,
0.3044,0.0,False,300000.0,1880118.5,0.0,1601.096666273263,1650.6151198693433,49.518453596080235,1.0,10.0,790.0,0.0,25.675710311462307,RUNNING,1.0,False,
0.3045,0.0,False,300000.0,1880118.5,0.0,1593.0911829418967,1642.3620442699967,49.270861328099954,1.0,10.0,790.0,0.0,25.67570970970972,RUNNING,1.0,False,
0.30460000000000004,0.0,False,300000.0,1880118.5,0.0,1585.1257270271872,1634.1502340486466,49.024507021459385,1.0,10.0,790.0,0.0,25.675709099706065,RUNNING,1.0,False,
0.3047,0.0,False,300000.0,1880118.5,0.0,1577.2000983920511,1625.9794828784034,48.77938448635223,1.0,10.0,790.0,0.0,25.675708481492634,RUNNING,1.0,False,
0.3048,0.0,False,300000.0,1880118.5,0.0,1569.314097900091,1617.8495854640114,48.53548756392047,1.0,10.0,790.0,0.0,25.675707855110513,RUNNING,1.0,False,
0.3049,0.0,False,300000.0,1880118.5,0.0,1561.4675274105905,1609.7603375366912,48.292810126100676,1.0,10.0,790.0,0.0,25.675707220600582,RUNNING,1.0,False,
0.305,0.0,False,300000.0,1880118.5,0.0,1553.6601897735375,1601.7115358490078,48.05134607547029,1.0,10.0,790.0,0.0,25.675706578003517,RUNNING,1.0,False,
0.30510000000000004,0.0,False,300000.0,1880118.5,0.0,1545.8918888246699,1593.702978169763,47.81108934509302,1.0,10.0,790.0,0.0,25.675705927359793,RUNNING,1.0,False,
0.3052,0.0,False,300000.0,1880118.5,0.0,1538.1624293805464,1585.7344632789138,47.57203389836741,1.0,10.0,790.0,0.0,25.67570526870968,RUNNING,1.0,False,
0.3053,0.0,False,300000.0,1880118.5,0.0,1530.4716172336437,1577.8057909625193,47.33417372887561,1.0,10.0,790.0,0.0,25.675704602093248,RUNNING,1.0,False,
0.3054,0.0,False,300000.0,1880118.5,0.0,1522.8192591474753,1569.9167620077067,47.097502860231316,1.0,10.0,790.0,0.0,25.675703927550366,RUNNING,1.0,False,
0.3055,0.0,False,300000.0,1880118.5,0.0,1515.205162851738,1562.067178197668,46.862015345930104,1.0,10.0,790.0,0.0,25.6757032451207,RUNNING,1.0,False,
0.30560000000000004,0.0,False,300000.0,1880118.5,0.0,1507.6291370374793,1554.2568423066798,46.62770526920053,1.0,10.0,790.0,0.0,25.675702554843728,RUNNING,1.0,False,
0.3057,0.0,False,300000.0,1880118.5,0.0,1500.090991352292,1546.4855580951464,46.39456674285452,1.0,10.0,790.0,0.0,25.67570185675872,RUNNING,1.0,False,
0.3058,0.0,False,300000.0,1880118.5,0.0,1492.5905363955305,1538.7531303046708,46.16259390914024,1.0,10.0,790.0,0.0,25.675701150904757,RUNNING,1.0,False,
0.3059,0.0,False,300000.0,1880118.5,0.0,1485.127583713553,1531.0593646531474,45.931780939594546,1.0,10.0,790.0,0.0,25.675700437320717,RUNNING,1.0,False,
0.306,0.0,False,300000.0,1880118.5,0.0,1477.701945794985,1523.4040678298816,45.70212203489655,1.0,10.0,790.0,0.0,25.67569971604529,RUNNING,1.0,False,
0.30610000000000004,0.0,False,300000.0,1880118.5,0.0,1470.3134360660101,1515.7870474907322,45.473611424722094,1.0,10.0,790.0,0.0,25.67569898711697,RUNNING,1.0,False,
0.3062,0.0,False,300000.0,1880118.5,0.0,1462.9618688856801,1508.2081122532786,45.24624336759848,1.0,10.0,790.0,0.0,25.67569825057406,RUNNING,1.0,False,
0.3063,0.0,False,300000.0,1880118.5,0.0,1455.6470595412518,1500.667071692012,45.020012150760294,1.0,10.0,790.0,0.0,25.67569750645467,RUNNING,1.0,False,
0.3064,0.0,False,300000.0,1880118.5,0.0,1448.3688242435455,1493.1637363335522,44.79491209000662,1.0,10.0,790.0,0.0,25.67569675479672,RUNNING,1.0,False,
0.3065,0.0,False,300000.0,1880118.5,0.0,1441.1269801223277,1485.6979176518844,44.57093752955666,1.0,10.0,790.0,0.0,25.67569599563794,RUNNING,1.0,False,
0.30660000000000004,0.0,False,300000.0,1880118.5,0.0,1433.9213452217161,1478.269428063625,44.34808284190876,1.0,10.0,790.0,0.0,25.675695229015872,RUNNING,1.0,False,
0.30670000000000003,0.0,False,300000.0,1880118.5,0.0,1426.7517384956075,1470.8780809233067,44.12634242769923,1.0,10.0,790.0,0.0,25.67569445496787,RUNNING,1.0,False,
0.3068,0.0,False,300000.0,1880118.5,0.0,1419.6179798031294,1463.52369051869,43.905710715560645,1.0,10.0,790.0,0.0,25.675693673531104,RUNNING,1.0,False,
0.3069,0.0,False,300000.0,1880118.5,0.0,1412.5198899041138,1456.2060720660968,43.68618216198297,1.0,10.0,790.0,0.0,25.67569288474255,RUNNING,1.0,False,
0.307,0.0,False,300000.0,1880118.5,0.0,1405.4572904545932,1448.9250417057663,43.46775125117301,1.0,10.0,790.0,0.0,25.675692088639007,RUNNING,1.0,False,
0.30710000000000004,0.0,False,300000.0,1880118.5,0.0,1398.4300040023202,1441.6804164972373,43.2504124949171,1.0,10.0,790.0,0.0,25.675691285257088,RUNNING,1.0,False,
0.30720000000000003,0.0,False,300000.0,1880118.5,0.0,1391.4378539823085,1434.4720144147511,43.034160432442604,1.0,10.0,790.0,0.0,25.67569047463322,RUNNING,1.0,False,
0.3073,0.0,False,300000.0,1880118.5,0.0,1384.480664712397,1427.2996543426773,42.818989630280385,1.0,10.0,790.0,0.0,25.67568965680365,RUNNING,1.0,False,
0.3074,0.0,False,300000.0,1880118.5,0.0,1377.5582613888348,1420.1631560709639,42.60489468212904,1.0,10.0,790.0,0.0,25.67568883180445,RUNNING,1.0,False,
0.3075,0.0,False,300000.0,1880118.5,0.0,1370.6704700818907,1413.062340290609,42.391870208718274,1.0,10.0,790.0,0.0,25.6756879996715,RUNNING,1.0,False,
0.30760000000000004,0.0,False,300000.0,1880118.5,0.0,1363.8171177314812,1405.997028589156,42.17991085767471,1.0,10.0,790.0,0.0,25.675687160440507,RUNNING,1.0,False,
0.30770000000000003,0.0,False,300000.0,1880118.5,0.0,1356.9980321428238,1398.9670434462103,41.969011303386424,1.0,10.0,790.0,0.0,25.675686314147,RUNNING,1.0,False,
0.3078,0.0,False,300000.0,1880118.5,0.0,1350.2130419821096,1391.972208228979,41.75916624686943,1.0,10.0,790.0,0.0,25.67568546082633,RUNNING,1.0,False,
0.3079,0.0,False,300000.0,1880118.5,0.0,1343.461976772199,1385.0123471878342,41.55037041563514,1.0,10.0,790.0,0.0,25.67568460051367,RUNNING,1.0,False,
0.308,0.0,False,300000.0,1880118.5,0.0,1336.744666888338,1378.087285451895,41.342618563556925,1.0,10.0,790.0,0.0,25.675683733244014,RUNNING,1.0,False,
0.30810000000000004,0.0,False,300000.0,1880118.5,0.0,1330.0609435538963,1371.1968490246354,41.13590547073909,1.0,10.0,790.0,0.0,25.675682859052188,RUNNING,1.0,False,
0.30820000000000003,0.0,False,300000.0,1880118.5,0.0,1323.4106388361267,1364.3408647795122,40.930225943385494,1.0,10.0,790.0,0.0,25.67568197797284,RUNNING,1.0,False,
0.3083,0.0,False,300000.0,1880118.5,0.0,1316.793585641946,1357.5191604556146,40.72557481366857,1.0,10.0,790.0,0.0,25.675681090040445,RUNNING,1.0,False,
0.3084,0.0,False,300000.0,1880118.5,0.0,1310.2096177137364,1350.7315646533366,40.521946939600184,1.0,10.0,790.0,0.0,25.675680195289306,RUNNING,1.0,False,
0.3085,0.0,False,300000.0,1880118.5,0.0,1303.6585696251677,1343.97790683007,40.31933720490224,1.0,10.0,790.0,0.0,25.675679293753554,RUNNING,1.0,False,
0.30860000000000004,0.0,False,300000.0,1880118.5,0.0,1297.140276777042,1337.2580172959194,40.117740518877554,1.0,10.0,790.0,0.0,25.675678385467148,RUNNING,1.0,False,
0.30870000000000003,0.0,False,300000.0,1880118.5,0.0,1290.6545753931566,1330.5717272094398,39.917151816283194,1.0,10.0,790.0,0.0,25.67567747046388,RUNNING,1.0,False,
0.3088,0.0,False,300000.0,1880118.5,0.0,1284.201302516191,1323.9188685733927,39.71756605720179,1.0,10.0,790.0,0.0,25.675676548777375,RUNNING,1.0,False,
0.3089,0.0,False,300000.0,1880118.5,0.0,1277.78029600361,1317.2992742305257,39.518978226915806,1.0,10.0,790.0,0.0,25.67567562044108,RUNNING,1.0,False,
0.309,0.0,False,300000.0,1880118.5,0.0,1271.3913945235918,1310.712777859373,39.32138333578132,1.0,10.0,790.0,0.0,25.675674685488286,RUNNING,1.0,False,
0.30910000000000004,0.0,False,300000.0,1880118.5,0.0,1265.0344375509737,1304.159213970076,39.12477641910232,1.0,10.0,790.0,0.0,25.67567374395211,RUNNING,1.0,False,
0.30920000000000003,0.0,False,300000.0,1880118.5,0.0,1258.709265363219,1297.6384179002257,38.92915253700676,1.0,10.0,790.0,0.0,25.675672795865513,RUNNING,1.0,False,
0.3093,0.0,False,300000.0,1880118.5,0.0,1252.4157190364028,1291.1502258107246,38.734506774321744,1.0,10.0,790.0,0.0,25.675671841261277,RUNNING,1.0,False,
0.3094,0.0,False,300000.0,1880118.5,0.0,1246.153640441221,1284.694474681671,38.54083424045007,1.0,10.0,790.0,0.0,25.67567088017203,RUNNING,1.0,False,
0.3095,0.0,False,300000.0,1880118.5,0.0,1239.9228722390149,1278.2710023082627,38.34813006924787,1.0,10.0,790.0,0.0,25.675669912630237,RUNNING,1.0,False,
0.30960000000000004,0.0,False,300000.0,1880118.5,0.0,1233.7232578778198,1271.8796472967215,38.156389418901654,1.0,10.0,790.0,0.0,25.6756689386682,RUNNING,1.0,False,
0.30970000000000003,0.0,False,300000.0,1880118.5,0.0,1227.5546415884307,1265.5202490602378,37.96560747180706,1.0,10.0,790.0,0.0,25.67566795831805,RUNNING,1.0,False,
0.3098,0.0,False,300000.0,1880118.5,0.0,1221.4168683804885,1259.1926478149367,37.77577943444817,1.0,10.0,790.0,0.0,25.675666971611772,RUNNING,1.0,False,
0.3099,0.0,False,300000.0,1880118.5,0.0,1215.309784038586,1252.8966845758619,37.586900537275824,1.0,10.0,790.0,0.0,25.675665978581183,RUNNING,1.0,False,
0.31,0.0,False,300000.0,1880118.5,0.0,1209.2332351183932,1246.6322011529826,37.39896603458942,1.0,10.0,790.0,0.0,25.675664979257938,RUNNING,1.0,False,
0.31010000000000004,0.0,False,300000.0,1880118.5,0.0,1203.1870689428013,1240.3990401472179,37.21197120441661,1.0,10.0,790.0,0.0,25.67566397367354,RUNNING,1.0,False,
0.31020000000000003,0.0,False,300000.0,1880118.5,0.0,1197.1711335980872,1234.1970449464816,37.0259113483944,1.0,10.0,790.0,0.0,25.675662961859334,RUNNING,1.0,False,
0.3103,0.0,False,300000.0,1880118.5,0.0,1191.1852779300968,1228.0260597217493,36.84078179165249,1.0,10.0,790.0,0.0,25.675661943846507,RUNNING,1.0,False,
0.3104,0.0,False,300000.0,1880118.5,0.0,1185.2293515404463,1221.8859294231404,36.65657788269414,1.0,10.0,790.0,0.0,25.675660919666086,RUNNING,1.0,False,
0.3105,0.0,False,300000.0,1880118.5,0.0,1179.303204782744,1215.7764997760246,36.47329499328066,1.0,10.0,790.0,0.0,25.67565988934895,RUNNING,1.0,False,
0.3106,0.0,False,300000.0,1880118.5,0.0,1173.4066887588301,1209.6976172771444,36.29092851831433,1.0,10.0,790.0,0.0,25.675658852925817,RUNNING,1.0,False,
0.31070000000000003,0.0,False,300000.0,1880118.5,0.0,1167.539655315036,1203.649129190759,36.10947387572287,1.0,10.0,790.0,0.0,25.675657810427257,RUNNING,1.0,False,
0.3108,0.0,False,300000.0,1880118.5,0.0,1161.701957038461,1197.630883544805,35.92892650634417,1.0,10.0,790.0,0.0,25.675656761883683,RUNNING,1.0,False,
0.3109,0.0,False,300000.0,1880118.5,0.0,1155.8934472532687,1191.642729127081,35.74928187381238,1.0,10.0,790.0,0.0,25.67565570732536,RUNNING,1.0,False,
0.311,0.0,False,300000.0,1880118.5,0.0,1150.1139800170024,1185.6845154814457,35.57053546444331,1.0,10.0,790.0,0.0,25.675654646782398,RUNNING,1.0,False,
0.3111,0.0,False,300000.0,1880118.5,0.0,1144.3634101169173,1179.7560929040385,35.3926827871212,1.0,10.0,790.0,0.0,25.675653580284756,RUNNING,1.0,False,
0.31120000000000003,0.0,False,300000.0,1880118.5,0.0,1138.6415930663327,1173.8573124395182,35.21571937318549,1.0,10.0,790.0,0.0,25.67565250786225,RUNNING,1.0,False,
0.3113,0.0,False,300000.0,1880118.5,0.0,1132.9483851010011,1167.9880258773208,35.03964077631963,1.0,10.0,790.0,0.0,25.675651429544537,RUNNING,1.0,False,
0.3114,0.0,False,300000.0,1880118.5,0.0,1127.283643175496,1162.1480857479341,34.864442572438065,1.0,10.0,790.0,0.0,25.67565034536113,RUNNING,1.0,False,
0.3115,0.0,False,300000.0,1880118.5,0.0,1121.6472249596186,1156.3373453191944,34.69012035957576,1.0,10.0,790.0,0.0,25.675649255341398,RUNNING,1.0,False,
0.3116,0.0,False,300000.0,1880118.5,0.0,1116.0389888348204,1150.5556585925983,34.51666975777789,1.0,10.0,790.0,0.0,25.67564815951456,RUNNING,1.0,False,
0.31170000000000003,0.0,False,300000.0,1880118.5,0.0,1110.4587938906463,1144.8028802996355,34.34408640898914,1.0,10.0,790.0,0.0,25.675647057909686,RUNNING,1.0,False,
0.3118,0.0,False,300000.0,1880118.5,0.0,1104.906499921193,1139.078865898137,34.17236597694409,1.0,10.0,790.0,0.0,25.675645950555705,RUNNING,1.0,False,
0.3119,0.0,False,300000.0,1880118.5,0.0,1099.381967421587,1133.3834715686464,34.00150414705945,1.0,10.0,790.0,0.0,25.675644837481403,RUNNING,1.0,False,
0.312,0.0,False,300000.0,1880118.5,0.0,1093.885057584479,1127.7165542108032,33.831496626324224,1.0,10.0,790.0,0.0,25.675643718715417,RUNNING,1.0,False,
0.3121,0.0,False,300000.0,1880118.5,0.0,1088.4156322965566,1122.077971439749,33.66233914319241,1.0,10.0,790.0,0.0,25.67564259428624,RUNNING,1.0,False,
0.31220000000000003,0.0,False,300000.0,1880118.5,0.0,1082.9735541350738,1116.4675815825503,33.49402744747658,1.0,10.0,790.0,0.0,25.67564146422223,RUNNING,1.0,False,
0.3123,0.0,False,300000.0,1880118.5,0.0,1077.5586863643985,1110.8852436746376,33.326557310239195,1.0,10.0,790.0,0.0,25.675640328551598,RUNNING,1.0,False,
0.3124,0.0,False,300000.0,1880118.5,0.0,1072.1708929325764,1105.3308174562644,33.159924523688005,1.0,10.0,790.0,0.0,25.675639187302412,RUNNING,1.0,False,
0.3125,0.0,False,300000.0,1880118.5,0.0,1066.8100384679135,1099.804163368983,32.994124901069426,1.0,10.0,790.0,0.0,25.675638040502605,RUNNING,1.0,False,
0.3126,0.0,False,300000.0,1880118.5,0.0,1061.4759882755739,1094.305142552138,32.82915427656417,1.0,10.0,790.0,0.0,25.675636888179966,RUNNING,1.0,False,
0.31270000000000003,0.0,False,300000.0,1880118.5,0.0,1056.168608334196,1088.8336168393773,32.66500850518128,1.0,10.0,790.0,0.0,25.67563573036215,RUNNING,1.0,False,
0.3128,0.0,False,300000.0,1880118.5,0.0,1050.887765292525,1083.3894487551804,32.501683462655365,1.0,10.0,790.0,0.0,25.675634567076663,RUNNING,1.0,False,
0.3129,0.0,False,300000.0,1880118.5,0.0,1045.6333264660625,1077.9725015114047,32.339175045342245,1.0,10.0,790.0,0.0,25.67563339835089,RUNNING,1.0,False,
0.313,0.0,False,300000.0,1880118.5,0.0,1040.4051598337321,1072.5826390038476,32.177479170115475,1.0,10.0,790.0,0.0,25.675632224212062,RUNNING,1.0,False,
0.3131,0.0,False,300000.0,1880118.5,0.0,1035.2031340345634,1067.2197258088283,32.01659177426495,1.0,10.0,790.0,0.0,25.675631044687286,RUNNING,1.0,False,
0.31320000000000003,0.0,False,300000.0,1880118.5,0.0,1030.0271183643906,1061.883627179784,31.856508815393454,1.0,10.0,790.0,0.0,25.67562985980353,RUNNING,1.0,False,
0.3133,0.0,False,300000.0,1880118.5,0.0,1024.8769827725687,1056.5742090438853,31.697226271316595,1.0,10.0,790.0,0.0,25.675628669587624,RUNNING,1.0,False,
0.3134,0.0,False,300000.0,1880118.5,0.0,1019.7525978587058,1051.2913379986658,31.53874013995994,1.0,10.0,790.0,0.0,25.675627474066268,RUNNING,1.0,False,
0.3135,0.0,False,300000.0,1880118.5,0.0,1014.6538348694123,1046.0348813086725,31.381046439260217,1.0,10.0,790.0,0.0,25.675626273266026,RUNNING,1.0,False,
0.3136,0.0,False,300000.0,1880118.5,0.0,1009.5805656950653,1040.8047069021293,31.224141207064008,1.0,10.0,790.0,0.0,25.67562506721333,RUNNING,1.0,False,
0.31370000000000003,0.0,False,300000.0,1880118.5,0.0,1004.5326628665899,1035.6006833676186,31.068020501028627,1.0,10.0,790.0,0.0,25.67562385593448,RUNNING,1.0,False,
0.3138,0.0,False,300000.0,1880118.5,0.0,999.509999552257,1030.4226799507805,30.91268039852355,1.0,10.0,790.0,0.0,25.675622639455643,RUNNING,1.0,False,
0.3139,0.0,False,300000.0,1880118.5,0.0,994.5124495544957,1025.2705665510266,30.75811699653093,1.0,10.0,790.0,0.0,25.67562141780286,RUNNING,1.0,False,
0.314,0.0,False,300000.0,1880118.5,0.0,989.5398873067232,1020.1442137182714,30.604326411548186,1.0,10.0,790.0,0.0,25.675620191002032,RUNNING,1.0,False,
0.3141,0.0,False,300000.0,1880118.5,0.0,984.5921878701896,1015.04349264968,30.451304779490442,1.0,10.0,790.0,0.0,25.675618959078943,RUNNING,1.0,False,
0.31420000000000003,0.0,False,300000.0,1880118.5,0.0,979.6692269308387,1009.9682751864317,30.299048255592993,1.0,10.0,790.0,0.0,25.67561772205924,RUNNING,1.0,False,
0.3143,0.0,False,300000.0,1880118.5,0.0,974.7708807961845,1004.9184338104996,30.147553014315008,1.0,10.0,790.0,0.0,25.67561647996844,RUNNING,1.0,False,
0.3144,0.0,False,300000.0,1880118.5,0.0,969.8970263922037,999.8938416414471,29.99681524924347,1.0,10.0,790.0,0.0,25.67561523283194,RUNNING,1.0,False,
0.3145,0.0,False,300000.0,1880118.5,0.0,965.0475412602426,994.8943724332398,29.846831172997213,1.0,10.0,790.0,0.0,25.675613980675006,RUNNING,1.0,False,
0.3146,0.0,False,300000.0,1880118.5,0.0,960.2223035539414,989.9199005710736,29.69759701713224,1.0,10.0,790.0,0.0,25.675612723522775,RUNNING,1.0,False,
0.31470000000000004,0.0,False,300000.0,1880118.5,0.0,955.4211920361716,984.9703010682182,29.549109032046545,1.0,10.0,790.0,0.0,25.675611461400266,RUNNING,1.0,False,
0.3148,0.0,False,300000.0,1880118.5,0.0,950.6440860759908,980.0454495628771,29.40136348688634,1.0,10.0,790.0,0.0,25.67561019433236,RUNNING,1.0,False,
0.3149,0.0,False,300000.0,1880118.5,0.0,945.8908656456108,975.1452223150627,29.25435666945191,1.0,10.0,790.0,0.0,25.67560892234383,RUNNING,1.0,False,
0.315,0.0,False,300000.0,1880118.5,0.0,941.1614113173828,970.2694962034874,29.10808488610462,1.0,10.0,790.0,0.0,25.675607645459312,RUNNING,1.0,False,
0.3151,0.0,False,300000.0,1880118.5,0.0,936.4556042607959,965.41814872247,28.962544461674156,1.0,10.0,790.0,0.0,25.675606363703324,RUNNING,1.0,False,
0.31520000000000004,0.0,False,300000.0,1880118.5,0.0,931.7733262394919,960.5910579788576,28.81773173936574,1.0,10.0,790.0,0.0,25.67560507710026,RUNNING,1.0,False,
0.3153,0.0,False,300000.0,1880118.5,0.0,927.1144596082944,955.7881026889634,28.673643080668967,1.0,10.0,790.0,0.0,25.675603785674397,RUNNING,1.0,False,
0.3154,0.0,False,300000.0,1880118.5,0.0,922.478887310253,951.0091621755186,28.530274865265596,1.0,10.0,790.0,0.0,25.67560248944988,RUNNING,1.0,False,
0.3155,0.0,False,300000.0,1880118.5,0.0,917.8664928737016,946.2541163646409,28.38762349093929,1.0,10.0,790.0,0.0,25.67560118845074,RUNNING,1.0,False,
0.3156,0.0,False,300000.0,1880118.5,0.0,913.2771604093332,941.5228457828177,28.245685373484548,1.0,10.0,790.0,0.0,25.675599882700897,RUNNING,1.0,False,
0.31570000000000004,0.0,False,300000.0,1880118.5,0.0,908.7107746072866,936.8152315539037,28.10445694661712,1.0,10.0,790.0,0.0,25.675598572224136,RUNNING,1.0,False,
0.3158,0.0,False,300000.0,1880118.5,0.0,904.1672207342501,932.1311553961342,27.963934661884082,1.0,10.0,790.0,0.0,25.675597257044128,RUNNING,1.0,False,
0.3159,0.0,False,300000.0,1880118.5,0.0,899.6463846305788,927.4704996191534,27.824114988574593,1.0,10.0,790.0,0.0,25.675595937184426,RUNNING,1.0,False,
0.316,0.0,False,300000.0,1880118.5,0.0,895.148152707426,922.8331471210578,27.684994413631784,1.0,10.0,790.0,0.0,25.67559461266847,RUNNING,1.0,False,
0.3161,0.0,False,300000.0,1880118.5,0.0,890.6724119438888,918.2189813854525,27.546569441563634,1.0,10.0,790.0,0.0,25.675593283519575,RUNNING,1.0,False,
0.31620000000000004,0.0,False,300000.0,1880118.5,0.0,886.2190498841694,913.6278864785252,27.408836594355762,1.0,10.0,790.0,0.0,25.675591949760946,RUNNING,1.0,False,
0.3163,0.0,False,300000.0,1880118.5,0.0,881.7879546347485,909.0597470461325,27.271792411384013,1.0,10.0,790.0,0.0,25.675590611415668,RUNNING,1.0,False,
0.3164,0.0,False,300000.0,1880118.5,0.0,877.3790148615748,904.5144483109018,27.135433449327024,1.0,10.0,790.0,0.0,25.67558926850671,RUNNING,1.0,False,
0.3165,0.0,False,300000.0,1880118.5,0.0,872.9921197872669,899.9918760693473,26.999756282080398,1.0,10.0,790.0,0.0,25.67558792105693,RUNNING,1.0,False,
0.3166,0.0,False,300000.0,1880118.5,0.0,868.6271591883306,895.4919166890006,26.864757500670066,1.0,10.0,790.0,0.0,25.67558656908907,RUNNING,1.0,False,
0.31670000000000004,0.0,False,300000.0,1880118.5,0.0,864.2840233923889,891.0144571055556,26.73043371316669,1.0,10.0,790.0,0.0,25.675585212625755,RUNNING,1.0,False,
0.3168,0.0,False,300000.0,1880118.5,0.0,859.962603275427,886.5593848200278,26.596781544600844,1.0,10.0,790.0,0.0,25.675583851689503,RUNNING,1.0,False,
0.3169,0.0,False,300000.0,1880118.5,0.0,855.6627902590499,882.1265878959277,26.46379763687787,1.0,10.0,790.0,0.0,25.675582486302716,RUNNING,1.0,False,
0.317,0.0,False,300000.0,1880118.5,0.0,851.3844763077547,877.7159549564482,26.33147864869352,1.0,10.0,790.0,0.0,25.67558111648768,RUNNING,1.0,False,
0.3171,0.0,False,300000.0,1880118.5,0.0,847.1275539262159,873.327375181666,26.199821255450047,1.0,10.0,790.0,0.0,25.67557974226658,RUNNING,1.0,False,
0.31720000000000004,0.0,False,300000.0,1880118.5,0.0,842.8919161565848,868.9607383057576,26.068822149172775,1.0,10.0,790.0,0.0,25.675578363661483,RUNNING,1.0,False,
0.3173,0.0,False,300000.0,1880118.5,0.0,838.6774565758019,864.6159346142288,25.938478038426865,1.0,10.0,790.0,0.0,25.67557698069434,RUNNING,1.0,False,
0.3174,0.0,False,300000.0,1880118.5,0.0,834.4840692929229,860.2928549411577,25.80878564823479,1.0,10.0,790.0,0.0,25.675575593387006,RUNNING,1.0,False,
0.3175,0.0,False,300000.0,1880118.5,0.0,830.3116489464583,855.9913906664518,25.679741719993558,1.0,10.0,790.0,0.0,25.675574201761215,RUNNING,1.0,False,
0.3176,0.0,False,300000.0,1880118.5,0.0,826.160090701726,851.7114337131195,25.551343011393556,1.0,10.0,790.0,0.0,25.6755728058386,RUNNING,1.0,False,
0.31770000000000004,0.0,False,300000.0,1880118.5,0.0,822.0292902482173,847.452876544554,25.42358629633668,1.0,10.0,790.0,0.0,25.675571405640678,RUNNING,1.0,False,
0.3178,0.0,False,300000.0,1880118.5,0.0,817.9191437969762,843.2156121618311,25.296468364854945,1.0,10.0,790.0,0.0,25.67557000118887,RUNNING,1.0,False,
0.3179,0.0,False,300000.0,1880118.5,0.0,813.8295480779913,838.9995341010219,25.169986023030674,1.0,10.0,790.0,0.0,25.67556859250448,RUNNING,1.0,False,
0.318,0.0,False,300000.0,1880118.5,0.0,809.7604003376013,834.8045364305168,25.04413609291555,1.0,10.0,790.0,0.0,25.675567179608706,RUNNING,1.0,False,
0.3181,0.0,False,300000.0,1880118.5,0.0,805.7115983359132,830.6305137483641,24.91891541245093,1.0,10.0,790.0,0.0,25.675565762522645,RUNNING,1.0,False,
0.31820000000000004,0.0,False,300000.0,1880118.5,0.0,801.6830403442336,826.4773611796223,24.794320835388703,1.0,10.0,790.0,0.0,25.675564341267282,RUNNING,1.0,False,
0.3183,0.0,False,300000.0,1880118.5,0.0,797.6746251425125,822.3449743737242,24.67034923121173,1.0,10.0,790.0,0.0,25.675562915863505,RUNNING,1.0,False,
0.3184,0.0,False,300000.0,1880118.5,0.0,793.6862520167999,818.2332495018557,24.546997485055726,1.0,10.0,790.0,0.0,25.675561486332093,RUNNING,1.0,False,
0.3185,0.0,False,300000.0,1880118.5,0.0,789.7178207567159,814.1420832543463,24.424262497630366,1.0,10.0,790.0,0.0,25.675560052693722,RUNNING,1.0,False,
0.3186,0.0,False,300000.0,1880118.5,0.0,785.7692316529324,810.0713728380746,24.302141185142204,1.0,10.0,790.0,0.0,25.675558614968963,RUNNING,1.0,False,
0.31870000000000004,0.0,False,300000.0,1880118.5,0.0,781.8403854946678,806.0210159738843,24.180630479216575,1.0,10.0,790.0,0.0,25.675557173178287,RUNNING,1.0,False,
0.31880000000000003,0.0,False,300000.0,1880118.5,0.0,777.9311835671945,801.990910894015,24.059727326820507,1.0,10.0,790.0,0.0,25.675555727342058,RUNNING,1.0,False,
0.3189,0.0,False,300000.0,1880118.5,0.0,774.0415276493585,797.9809563395448,23.939428690186332,1.0,10.0,790.0,0.0,25.675554277480543,RUNNING,1.0,False,
0.319,0.0,False,300000.0,1880118.5,0.0,770.1713200111117,793.9910515578471,23.819731546735397,1.0,10.0,790.0,0.0,25.67555282361391,RUNNING,1.0,False,
0.3191,0.0,False,300000.0,1880118.5,0.0,766.3204634110562,790.0210963000579,23.70063288900178,1.0,10.0,790.0,0.0,25.675551365762214,RUNNING,1.0,False,
0.31920000000000004,0.0,False,300000.0,1880118.5,0.0,762.4888610940009,786.0709908185576,23.582129724556694,1.0,10.0,790.0,0.0,25.675549903945424,RUNNING,1.0,False,
0.31930000000000003,0.0,False,300000.0,1880118.5,0.0,758.6764167885309,782.1406358644649,23.46421907593401,1.0,10.0,790.0,0.0,25.6755484381834,RUNNING,1.0,False,
0.3194,0.0,False,300000.0,1880118.5,0.0,754.8830347045882,778.2299326851426,23.34689798055433,1.0,10.0,790.0,0.0,25.67554696849591,RUNNING,1.0,False,
0.3195,0.0,False,300000.0,1880118.5,0.0,751.1086195310653,774.3387830217168,23.230163490651535,1.0,10.0,790.0,0.0,25.675545494902615,RUNNING,1.0,False,
0.3196,0.0,False,300000.0,1880118.5,0.0,747.35307643341,770.4670891066083,23.114012673198317,1.0,10.0,790.0,0.0,25.675544017423082,RUNNING,1.0,False,
0.31970000000000004,0.0,False,300000.0,1880118.5,0.0,743.616311051243,766.6147536610753,22.998442609832296,1.0,10.0,790.0,0.0,25.67554253607678,RUNNING,1.0,False,
0.31980000000000003,0.0,False,300000.0,1880118.5,0.0,739.8982294959868,762.78167989277,22.883450396783132,1.0,10.0,790.0,0.0,25.67554105088308,RUNNING,1.0,False,
0.3199,0.0,False,300000.0,1880118.5,0.0,736.1987383485068,758.967771493306,22.76903314479921,1.0,10.0,790.0,0.0,25.675539561861257,RUNNING,1.0,False,
0.32,0.0,False,300000.0,1880118.5,0.0,732.5177446567643,755.1729326358395,22.655187979075208,1.0,10.0,790.0,0.0,25.675538069030488,RUNNING,1.0,False,
0.3201,0.0,False,300000.0,1880118.5,0.0,728.8551559334804,751.3970679726602,22.541912039179806,1.0,10.0,790.0,0.0,25.675536572409857,RUNNING,1.0,False,
0.32020000000000004,0.0,False,300000.0,1880118.5,0.0,725.210880153813,747.640082632797,22.42920247898394,1.0,10.0,790.0,0.0,25.675535072018352,RUNNING,1.0,False,
0.32030000000000003,0.0,False,300000.0,1880118.5,0.0,721.584825753044,743.9018822196331,22.317056466589065,1.0,10.0,790.0,0.0,25.67553356787486,RUNNING,1.0,False,
0.3204,0.0,False,300000.0,1880118.5,0.0,717.9769016242788,740.1823728085349,22.205471184256112,1.0,10.0,790.0,0.0,25.675532059998183,RUNNING,1.0,False,
0.3205,0.0,False,300000.0,1880118.5,0.0,714.3870171161574,736.4814609444921,22.09444382833476,1.0,10.0,790.0,0.0,25.67553054840702,RUNNING,1.0,False,
0.3206,0.0,False,300000.0,1880118.5,0.0,710.8150820305766,732.7990536397697,21.983971609193077,1.0,10.0,790.0,0.0,25.675529033119986,RUNNING,1.0,False,
0.32070000000000004,0.0,False,300000.0,1880118.5,0.0,707.2610066204237,729.1350583715708,21.874051751147135,1.0,10.0,790.0,0.0,25.675527514155597,RUNNING,1.0,False,
0.32080000000000003,0.0,False,300000.0,1880118.5,0.0,703.7247015873215,725.489383079713,21.764681492391446,1.0,10.0,790.0,0.0,25.675525991532275,RUNNING,1.0,False,
0.3209,0.0,False,300000.0,1880118.5,0.0,700.206078079385,721.8619361643144,21.65585808492949,1.0,10.0,790.0,0.0,25.675524465268353,RUNNING,1.0,False,
0.321,0.0,False,300000.0,1880118.5,0.0,696.705047688988,718.2526264834928,21.54757879450483,1.0,10.0,790.0,0.0,25.675522935382073,RUNNING,1.0,False,
0.3211,0.0,False,300000.0,1880118.5,0.0,693.221522450543,714.6613633510754,21.439840900532317,1.0,10.0,790.0,0.0,25.675521401891583,RUNNING,1.0,False,
0.32120000000000004,0.0,False,300000.0,1880118.5,0.0,689.7554148382903,711.08805653432,21.33264169602967,1.0,10.0,790.0,0.0,25.67551986481494,RUNNING,1.0,False,
0.32130000000000003,0.0,False,300000.0,1880118.5,0.0,686.3066377640989,707.5326162516484,21.22597848754947,1.0,10.0,790.0,0.0,25.675518324170113,RUNNING,1.0,False,
0.3214,0.0,False,300000.0,1880118.5,0.0,682.8751045752784,703.9949531703902,21.119848595111762,1.0,10.0,790.0,0.0,25.67551677997498,RUNNING,1.0,False,
0.3215,0.0,False,300000.0,1880118.5,0.0,679.460729052402,700.4749784045382,21.014249352136176,1.0,10.0,790.0,0.0,25.675515232247335,RUNNING,1.0,False,
0.3216,0.0,False,300000.0,1880118.5,0.0,676.06342540714,696.9726035125155,20.90917810537553,1.0,10.0,790.0,0.0,25.675513681004873,RUNNING,1.0,False,
0.32170000000000004,0.0,False,300000.0,1880118.5,0.0,672.6831082801043,693.487740494953,20.804632214848652,1.0,10.0,790.0,0.0,25.675512126265208,RUNNING,1.0,False,
0.32180000000000003,0.0,False,300000.0,1880118.5,0.0,669.3196927387038,690.0203017924781,20.700609053774315,1.0,10.0,790.0,0.0,25.675510568045862,RUNNING,1.0,False,
0.3219,0.0,False,300000.0,1880118.5,0.0,665.9730942750102,686.5702002835158,20.597106008505534,1.0,10.0,790.0,0.0,25.67550900636427,RUNNING,1.0,False,
0.322,0.0,False,300000.0,1880118.5,0.0,662.6432288036352,683.1373492820982,20.494120478462946,1.0,10.0,790.0,0.0,25.67550744123778,RUNNING,1.0,False,
0.3221,0.0,False,300000.0,1880118.5,0.0,659.3300126596171,679.7216625356878,20.391649876070687,1.0,10.0,790.0,0.0,25.675505872683658,RUNNING,1.0,False,
0.32220000000000004,0.0,False,300000.0,1880118.5,0.0,656.033362596319,676.3230542230093,20.28969162669034,1.0,10.0,790.0,0.0,25.67550430071908,RUNNING,1.0,False,
0.32230000000000003,0.0,False,300000.0,1880118.5,0.0,652.7531957833373,672.9414389518942,20.188243168556824,1.0,10.0,790.0,0.0,25.67550272536113,RUNNING,1.0,False,
0.3224,0.0,False,300000.0,1880118.5,0.0,649.4894298044206,669.5767317571347,20.08730195271403,1.0,10.0,790.0,0.0,25.675501146626818,RUNNING,1.0,False,
0.3225,0.0,False,300000.0,1880118.5,0.0,646.2419826553985,666.228848098349,19.98686544295049,1.0,10.0,790.0,0.0,25.675499564533062,RUNNING,1.0,False,
0.3226,0.0,False,300000.0,1880118.5,0.0,643.0107727421215,662.8977038578572,19.886931115735706,1.0,10.0,790.0,0.0,25.675497979096697,RUNNING,1.0,False,
0.32270000000000004,0.0,False,300000.0,1880118.5,0.0,639.7957188784109,659.5832153385679,19.787496460157058,1.0,10.0,790.0,0.0,25.67549639033447,RUNNING,1.0,False,
0.32280000000000003,0.0,False,300000.0,1880118.5,0.0,636.5967402840188,656.285299261875,19.688558977856246,1.0,10.0,790.0,0.0,25.67549479826305,RUNNING,1.0,False,
0.3229,0.0,False,300000.0,1880118.5,0.0,633.4137565825987,653.0038727655657,19.590116182966995,1.0,10.0,790.0,0.0,25.67549320289902,RUNNING,1.0,False,
0.323,0.0,False,300000.0,1880118.5,0.0,630.2466877996857,649.7388534017379,19.492165602052182,1.0,10.0,790.0,0.0,25.675491604258884,RUNNING,1.0,False,
0.3231,0.0,False,300000.0,1880118.5,0.0,627.0954543606872,646.4901591347291,19.394704774041884,1.0,10.0,790.0,0.0,25.675490002359055,RUNNING,1.0,False,
0.32320000000000004,0.0,False,300000.0,1880118.5,0.0,623.9599770888838,643.2577083390554,19.297731250171637,1.0,10.0,790.0,0.0,25.675488397215872,RUNNING,1.0,False,
0.32330000000000003,0.0,False,300000.0,1880118.5,0.0,620.8401772034393,640.0414197973602,19.201242593920824,1.0,10.0,790.0,0.0,25.67548678884559,RUNNING,1.0,False,
0.3234,0.0,False,300000.0,1880118.5,0.0,617.7359763174221,636.8412126983733,19.10523638095117,1.0,10.0,790.0,0.0,25.67548517726438,RUNNING,1.0,False,
0.3235,0.0,False,300000.0,1880118.5,0.0,614.647296435835,633.6570066348814,19.00971019904648,1.0,10.0,790.0,0.0,25.675483562488335,RUNNING,1.0,False,
0.3236,0.0,False,300000.0,1880118.5,0.0,611.5740599536558,630.4887216017071,18.914661648051265,1.0,10.0,790.0,0.0,25.675481944533466,RUNNING,1.0,False,
0.32370000000000004,0.0,False,300000.0,1880118.5,0.0,608.5161896538875,627.3362779936984,18.820088339810923,1.0,10.0,790.0,0.0,25.675480323415705,RUNNING,1.0,False,
0.32380000000000003,0.0,False,300000.0,1880118.5,0.0,605.4736087056181,624.19959660373,18.725987898111953,1.0,10.0,790.0,0.0,25.675478699150904,RUNNING,1.0,False,
0.3239,0.0,False,300000.0,1880118.5,0.0,602.44624066209,621.0785986207113,18.632357958621355,1.0,10.0,790.0,0.0,25.675477071754838,RUNNING,1.0,False,
0.324,0.0,False,300000.0,1880118.5,0.0,599.4340094587795,617.9732056276077,18.539196168828198,1.0,10.0,790.0,0.0,25.675475441243197,RUNNING,1.0,False,
0.3241,0.0,False,300000.0,1880118.5,0.0,596.4368394114856,614.8833395994698,18.446500187984157,1.0,10.0,790.0,0.0,25.675473807631597,RUNNING,1.0,False,
0.3242,0.0,False,300000.0,1880118.5,0.0,593.4546552144282,611.8089229014723,18.35426768704417,1.0,10.0,790.0,0.0,25.675472170935578,RUNNING,1.0,False,
0.32430000000000003,0.0,False,300000.0,1880118.5,0.0,590.4873819383561,608.749878286965,18.26249634860892,1.0,10.0,790.0,0.0,25.675470531170596,RUNNING,1.0,False,
0.3244,0.0,False,300000.0,1880118.5,0.0,587.5349450286643,605.7061288955302,18.17118386686593,1.0,10.0,790.0,0.0,25.675468888352036,RUNNING,1.0,False,
0.3245,0.0,False,300000.0,1880118.5,0.0,584.597270303521,602.6775982510526,18.0803279475316,1.0,10.0,790.0,0.0,25.675467242495202,RUNNING,1.0,False,
0.3246,0.0,False,300000.0,1880118.5,0.0,581.6742839520034,599.6642102597973,17.989926307793894,1.0,10.0,790.0,0.0,25.675465593615325,RUNNING,1.0,False,
0.3247,0.0,False,300000.0,1880118.5,0.0,578.7659125322434,596.6658892084984,17.899976676254937,1.0,10.0,790.0,0.0,25.675463941727557,RUNNING,1.0,False,
0.32480000000000003,0.0,False,300000.0,1880118.5,0.0,575.8720829695822,593.6825597624559,17.810476792873715,1.0,10.0,790.0,0.0,25.675462286846972,RUNNING,1.0,False,
0.3249,0.0,False,300000.0,1880118.5,0.0,572.9927225547342,590.7141469636435,17.721424408909343,1.0,10.0,790.0,0.0,25.675460628988574,RUNNING,1.0,False,
0.325,0.0,False,300000.0,1880118.5,0.0,570.1277589419606,587.7605762288254,17.632817286864793,1.0,10.0,790.0,0.0,25.67545896816729,RUNNING,1.0,False,
0.3251,0.0,False,300000.0,1880118.5,0.0,567.2771201472508,584.8217733476813,17.544653200430503,1.0,10.0,790.0,0.0,25.675457304397973,RUNNING,1.0,False,
0.3252,0.0,False,300000.0,1880118.5,0.0,564.4407345465146,581.8976644809429,17.45692993442833,1.0,10.0,790.0,0.0,25.6754556376954,RUNNING,1.0,False,
0.32530000000000003,0.0,False,300000.0,1880118.5,0.0,561.618530873782,578.9881761585382,17.36964528475619,1.0,10.0,790.0,0.0,25.675453968074272,RUNNING,1.0,False,
0.3254,0.0,False,300000.0,1880118.5,0.0,558.8104382194131,576.0932352777454,17.282797058332335,1.0,10.0,790.0,0.0,25.67545229554922,RUNNING,1.0,False,
0.3255,0.0,False,300000.0,1880118.5,0.0,556.016386028316,573.2127691013567,17.196383073040693,1.0,10.0,790.0,0.0,25.675450620134804,RUNNING,1.0,False,
0.3256,0.0,False,300000.0,1880118.5,0.0,553.2363040981744,570.3467052558499,17.110401157675483,1.0,10.0,790.0,0.0,25.675448941845506,RUNNING,1.0,False,
0.3257,0.0,False,300000.0,1880118.5,0.0,550.4701225776836,567.4949717295707,17.02484915188711,1.0,10.0,790.0,0.0,25.675447260695737,RUNNING,1.0,False,
0.32580000000000003,0.0,False,300000.0,1880118.5,0.0,547.7177719647951,564.6574968709228,16.939724906127708,1.0,10.0,790.0,0.0,25.67544557669984,RUNNING,1.0,False,
0.3259,0.0,False,300000.0,1880118.5,0.0,544.9791831049712,561.8342093865682,16.85502628159702,1.0,10.0,790.0,0.0,25.67544388987208,RUNNING,1.0,False,
0.326,0.0,False,300000.0,1880118.5,0.0,542.2542871894464,559.0250383396354,16.770751150189085,1.0,10.0,790.0,0.0,25.67544220022666,RUNNING,1.0,False,
0.3261,0.0,False,300000.0,1880118.5,0.0,539.5430157534992,556.2299131479373,16.68689739443812,1.0,10.0,790.0,0.0,25.675440507777697,RUNNING,1.0,False,
0.3262,0.0,False,300000.0,1880118.5,0.0,536.8453006747317,553.4487635821977,16.603462907465996,1.0,10.0,790.0,0.0,25.67543881253925,RUNNING,1.0,False,
0.32630000000000003,0.0,False,300000.0,1880118.5,0.0,534.161074171358,550.6815197642866,16.52044559292858,1.0,10.0,790.0,0.0,25.675437114525305,RUNNING,1.0,False,
0.3264,0.0,False,300000.0,1880118.5,0.0,531.4902688005012,547.9281121654652,16.43784336496401,1.0,10.0,790.0,0.0,25.675435413749778,RUNNING,1.0,False,
0.3265,0.0,False,300000.0,1880118.5,0.0,528.8328174564987,545.1884716046378,16.355654148139138,1.0,10.0,790.0,0.0,25.67543371022651,RUNNING,1.0,False,
0.3266,0.0,False,300000.0,1880118.5,0.0,526.1886533692161,542.4625292466146,16.273875877398496,1.0,10.0,790.0,0.0,25.67543200396928,RUNNING,1.0,False,
0.3267,0.0,False,300000.0,1880118.5,0.0,523.55771010237,539.7502166003815,16.192506498011426,1.0,10.0,790.0,0.0,25.675430294991795,RUNNING,1.0,False,
0.32680000000000003,0.0,False,300000.0,1880118.5,0.0,520.9399215518582,537.0514655173796,16.111543965521378,1.0,10.0,790.0,0.0,25.675428583307696,RUNNING,1.0,False,
0.3269,0.0,False,300000.0,1880118.5,0.0,518.335221944099,534.3662081897928,16.03098624569384,1.0,10.0,790.0,0.0,25.67542686893055,RUNNING,1.0,False,
0.327,0.0,False,300000.0,1880118.5,0.0,515.7435458343784,531.6943771488437,15.95083131446529,1.0,10.0,790.0,0.0,25.675425151873863,RUNNING,1.0,False,
0.3271,0.0,False,300000.0,1880118.5,0.0,513.1648281052065,529.0359052630995,15.871077157892955,1.0,10.0,790.0,0.0,25.675423432151067,RUNNING,1.0,False,
0.3272,0.0,False,300000.0,1880118.5,0.0,510.5990039646805,526.390725736784,15.791721772103529,1.0,10.0,790.0,0.0,25.67542170977553,RUNNING,1.0,False,
0.32730000000000004,0.0,False,300000.0,1880118.5,0.0,508.0460089448571,523.7587721081001,15.712763163242983,1.0,10.0,790.0,0.0,25.67541998476056,RUNNING,1.0,False,
0.3274,0.0,False,300000.0,1880118.5,0.0,505.5057789001328,521.1399782475596,15.63419934742683,1.0,10.0,790.0,0.0,25.675418257119382,RUNNING,1.0,False,
0.3275,0.0,False,300000.0,1880118.5,0.0,502.9782500056321,518.5342783563218,15.5560283506897,1.0,10.0,790.0,0.0,25.67541652686517,RUNNING,1.0,False,
0.3276,0.0,False,300000.0,1880118.5,0.0,500.46335875560396,515.9416069645401,15.47824820893618,1.0,10.0,790.0,0.0,25.675414794011026,RUNNING,1.0,False,
0.3277,0.0,False,300000.0,1880118.5,0.0,497.96104196182597,513.3618989297175,15.40085696789157,1.0,10.0,790.0,0.0,25.675413058569987,RUNNING,1.0,False,
0.32780000000000004,0.0,False,300000.0,1880118.5,0.0,495.47123675201686,510.795089435069,15.32385268305211,1.0,10.0,790.0,0.0,25.675411320555025,RUNNING,1.0,False,
0.3279,0.0,False,300000.0,1880118.5,0.0,492.99388056825677,508.2411139878936,15.247233419636814,1.0,10.0,790.0,0.0,25.675409579979046,RUNNING,1.0,False,
0.328,0.0,False,300000.0,1880118.5,0.0,490.5289111654155,505.69990841795413,15.170997252538655,1.0,10.0,790.0,0.0,25.675407836854895,RUNNING,1.0,False,
0.3281,0.0,False,300000.0,1880118.5,0.0,488.0762666095884,503.17140887586436,15.095142266275957,1.0,10.0,790.0,0.0,25.675406091195345,RUNNING,1.0,False,
0.3282,0.0,False,300000.0,1880118.5,0.0,485.6358852765405,500.65555183148507,15.019666554944592,1.0,10.0,790.0,0.0,25.675404343013117,RUNNING,1.0,False,
0.32830000000000004,0.0,False,300000.0,1880118.5,0.0,483.20770585015777,498.1522740723276,14.944568222169835,1.0,10.0,790.0,0.0,25.675402592320857,RUNNING,1.0,False,
0.3284,0.0,False,300000.0,1880118.5,0.0,480.791667320907,495.661512701966,14.869845381059008,1.0,10.0,790.0,0.0,25.675400839131157,RUNNING,1.0,False,
0.3285,0.0,False,300000.0,1880118.5,0.0,478.38770898430244,493.1832051384561,14.795496154153682,1.0,10.0,790.0,0.0,25.67539908345654,RUNNING,1.0,False,
0.3286,0.0,False,300000.0,1880118.5,0.0,475.9957704393809,490.71728911276386,14.721518673382946,1.0,10.0,790.0,0.0,25.67539732530947,RUNNING,1.0,False,
0.3287,0.0,False,300000.0,1880118.5,0.0,473.615791587184,488.2637026672,14.647911080016002,1.0,10.0,790.0,0.0,25.675395564702338,RUNNING,1.0,False,
0.32880000000000004,0.0,False,300000.0,1880118.5,0.0,471.2477126292481,485.82238415386405,14.574671524615951,1.0,10.0,790.0,0.0,25.67539380164749,RUNNING,1.0,False,
0.3289,0.0,False,300000.0,1880118.5,0.0,468.89147406610186,483.3932722330947,14.501798166992842,1.0,10.0,790.0,0.0,25.675392036157202,RUNNING,1.0,False,
0.329,0.0,False,300000.0,1880118.5,0.0,466.54701669577133,480.97630587192924,14.429289176157909,1.0,10.0,790.0,0.0,25.67539026824369,RUNNING,1.0,False,
0.3291,0.0,False,300000.0,1880118.5,0.0,464.2142816122925,478.57142434256957,14.357142730277076,1.0,10.0,790.0,0.0,25.6753884979191,RUNNING,1.0,False,
0.3292,0.0,False,300000.0,1880118.5,0.0,461.893210204231,476.17856722085673,14.28535701662571,1.0,10.0,790.0,0.0,25.675386725195533,RUNNING,1.0,False,
0.32930000000000004,0.0,False,300000.0,1880118.5,0.0,459.58374415320986,473.79767438475244,14.213930231542577,1.0,10.0,790.0,0.0,25.675384950085018,RUNNING,1.0,False,
0.3294,0.0,False,300000.0,1880118.5,0.0,457.2858254324438,471.4286860128287,14.142860580384877,1.0,10.0,790.0,0.0,25.675383172599524,RUNNING,1.0,False,
0.3295,0.0,False,300000.0,1880118.5,0.0,454.9993963052816,469.07154258276455,14.072146277482943,1.0,10.0,790.0,0.0,25.675381392750968,RUNNING,1.0,False,
0.3296,0.0,False,300000.0,1880118.5,0.0,452.7243993237552,466.7261848698508,14.001785546095562,1.0,10.0,790.0,0.0,25.6753796105512,RUNNING,1.0,False,
0.3297,0.0,False,300000.0,1880118.5,0.0,450.46077732713644,464.3925539455015,13.931776618365063,1.0,10.0,790.0,0.0,25.675377826012017,RUNNING,1.0,False,
0.32980000000000004,0.0,False,300000.0,1880118.5,0.0,448.20847344050077,462.070591175774,13.862117735273216,1.0,10.0,790.0,0.0,25.67537603914515,RUNNING,1.0,False,
0.3299,0.0,False,300000.0,1880118.5,0.0,445.96743107329826,459.76023821989514,13.792807146596886,1.0,10.0,790.0,0.0,25.675374249962278,RUNNING,1.0,False,
0.33,0.0,False,300000.0,1880118.5,0.0,443.73759391793175,457.4614370287956,13.723843110863868,1.0,10.0,790.0,0.0,25.675372458475017,RUNNING,1.0,False,
0.3301,0.0,False,300000.0,1880118.5,0.0,441.5189059483421,455.17412984365166,13.655223895309575,1.0,10.0,790.0,0.0,25.675370664694928,RUNNING,1.0,False,
0.3302,0.0,False,300000.0,1880118.5,0.0,439.3113114186004,452.8982591944334,13.586947775833039,1.0,10.0,790.0,0.0,25.67536886863351,RUNNING,1.0,False,
0.33030000000000004,0.0,False,300000.0,1880118.5,0.0,437.1147548615074,450.6337678984612,13.519013036953822,1.0,10.0,790.0,0.0,25.675367070302205,RUNNING,1.0,False,
0.3304,0.0,False,300000.0,1880118.5,0.0,434.9291810871998,448.3805990589689,13.451417971769104,1.0,10.0,790.0,0.0,25.675365269712405,RUNNING,1.0,False,
0.3305,0.0,False,300000.0,1880118.5,0.0,432.7545351817638,446.13869606367405,13.384160881910248,1.0,10.0,790.0,0.0,25.67536346687544,RUNNING,1.0,False,
0.3306,0.0,False,300000.0,1880118.5,0.0,430.59076250585497,443.90800258335565,13.317240077500685,1.0,10.0,790.0,0.0,25.67536166180258,RUNNING,1.0,False,
0.3307,0.0,False,300000.0,1880118.5,0.0,428.4378086933257,441.68846257043884,13.250653877113166,1.0,10.0,790.0,0.0,25.675359854505043,RUNNING,1.0,False,
0.33080000000000004,0.0,False,300000.0,1880118.5,0.0,426.2956196498591,439.4800202575867,13.184400607727639,1.0,10.0,790.0,0.0,25.67535804499399,RUNNING,1.0,False,
0.3309,0.0,False,300000.0,1880118.5,0.0,424.16414155160976,437.2826201562987,13.11847860468896,1.0,10.0,790.0,0.0,25.675356233280528,RUNNING,1.0,False,
0.331,0.0,False,300000.0,1880118.5,0.0,422.0433208438517,435.0962070555172,13.052886211665509,1.0,10.0,790.0,0.0,25.675354419375704,RUNNING,1.0,False,
0.3311,0.0,False,300000.0,1880118.5,0.0,419.9331042396324,432.9207260202396,12.987621780607185,1.0,10.0,790.0,0.0,25.675352603290513,RUNNING,1.0,False,
0.3312,0.0,False,300000.0,1880118.5,0.0,417.83343871843425,430.75612239013844,12.922683671704192,1.0,10.0,790.0,0.0,25.675350785035896,RUNNING,1.0,False,
0.33130000000000004,0.0,False,300000.0,1880118.5,0.0,415.7442715248421,428.60234177818774,12.858070253345659,1.0,10.0,790.0,0.0,25.675348964622735,RUNNING,1.0,False,
0.33140000000000003,0.0,False,300000.0,1880118.5,0.0,413.6655501672179,426.4593300692968,12.793779902078938,1.0,10.0,790.0,0.0,25.675347142061863,RUNNING,1.0,False,
0.3315,0.0,False,300000.0,1880118.5,0.0,411.5972224163818,424.3270334189503,12.72981100256851,1.0,10.0,790.0,0.0,25.67534531736405,RUNNING,1.0,False,
0.3316,0.0,False,300000.0,1880118.5,0.0,409.5392363042999,422.20539825185557,12.666161947555679,1.0,10.0,790.0,0.0,25.675343490540026,RUNNING,1.0,False,
0.3317,0.0,False,300000.0,1880118.5,0.0,407.4915401227784,420.0943712605963,12.602831137817873,1.0,10.0,790.0,0.0,25.675341661600456,RUNNING,1.0,False,
0.33180000000000004,0.0,False,300000.0,1880118.5,0.0,405.4540824221645,417.9938994042933,12.539816982128798,1.0,10.0,790.0,0.0,25.675339830555956,RUNNING,1.0,False,
0.33190000000000003,0.0,False,300000.0,1880118.5,0.0,403.4268120100537,415.9039299072719,12.477117897218193,1.0,10.0,790.0,0.0,25.67533799741709,RUNNING,1.0,False,
0.332,0.0,False,300000.0,1880118.5,0.0,401.4096779500034,413.8244102577355,12.414732307732095,1.0,10.0,790.0,0.0,25.67533616219436,RUNNING,1.0,False,
0.3321,0.0,False,300000.0,1880118.5,0.0,399.4026295602534,411.7552882064468,12.35265864619339,1.0,10.0,790.0,0.0,25.675334324898227,RUNNING,1.0,False,
0.3322,0.0,False,300000.0,1880118.5,0.0,397.4056164124521,409.6965117654145,12.290895352962423,1.0,10.0,790.0,0.0,25.675332485539098,RUNNING,1.0,False,
0.33230000000000004,0.0,False,300000.0,1880118.5,0.0,395.41858833038987,407.6480292065875,12.229440876197657,1.0,10.0,790.0,0.0,25.675330644127325,RUNNING,1.0,False,
0.33240000000000003,0.0,False,300000.0,1880118.5,0.0,393.4414953887379,405.60978906055453,12.168293671816627,1.0,10.0,790.0,0.0,25.675328800673206,RUNNING,1.0,False,
0.3325,0.0,False,300000.0,1880118.5,0.0,391.4742879117942,403.58174011525176,12.10745220345757,1.0,10.0,790.0,0.0,25.675326955186993,RUNNING,1.0,False,
0.3326,0.0,False,300000.0,1880118.5,0.0,389.5169164722352,401.56383141467546,12.046914942440253,1.0,10.0,790.0,0.0,25.675325107678884,RUNNING,1.0,False,
0.3327,0.0,False,300000.0,1880118.5,0.0,387.56933188987404,399.5560122576021,11.98668036772807,1.0,10.0,790.0,0.0,25.675323258159022,RUNNING,1.0,False,
0.33280000000000004,0.0,False,300000.0,1880118.5,0.0,385.6314852304247,397.5582321963141,11.926746965889436,1.0,10.0,790.0,0.0,25.675321406637508,RUNNING,1.0,False,
0.33290000000000003,0.0,False,300000.0,1880118.5,0.0,383.7033278042726,395.5704410353326,11.867113231059989,1.0,10.0,790.0,0.0,25.675319553124385,RUNNING,1.0,False,
0.333,0.0,False,300000.0,1880118.5,0.0,381.7848111652512,393.5925888301559,11.807777664904677,1.0,10.0,790.0,0.0,25.675317697629648,RUNNING,1.0,False,
0.3331,0.0,False,300000.0,1880118.5,0.0,379.8758871094249,391.6246258860051,11.748738776580183,1.0,10.0,790.0,0.0,25.675315840163243,RUNNING,1.0,False,
0.3332,0.0,False,300000.0,1880118.5,0.0,377.9765076738778,389.666502756575,11.689995082697237,1.0,10.0,790.0,0.0,25.67531398073507,RUNNING,1.0,False,
0.33330000000000004,0.0,False,300000.0,1880118.5,0.0,376.0866251355084,387.7181702427922,11.631545107283785,1.0,10.0,790.0,0.0,25.67531211935497,RUNNING,1.0,False,
0.33340000000000003,0.0,False,300000.0,1880118.5,0.0,374.2061920098309,385.77957939157824,11.573387381747352,1.0,10.0,790.0,0.0,25.67531025603274,RUNNING,1.0,False,
0.3335,0.0,False,300000.0,1880118.5,0.0,372.33516104978173,383.85068149462035,11.515520444838614,1.0,10.0,790.0,0.0,25.675308390778135,RUNNING,1.0,False,
0.3336,0.0,False,300000.0,1880118.5,0.0,370.4734852445328,381.93142808714725,11.457942842614443,1.0,10.0,790.0,0.0,25.675306523600845,RUNNING,1.0,False,
0.3337,0.0,False,300000.0,1880118.5,0.0,368.62111781831015,380.0217709467115,11.400653128401359,1.0,10.0,790.0,0.0,25.675304654510526,RUNNING,1.0,False,
0.33380000000000004,0.0,False,300000.0,1880118.5,0.0,366.7780122292186,378.1216620919779,11.343649862759321,1.0,10.0,790.0,0.0,25.67530278351678,RUNNING,1.0,False,
0.33390000000000003,0.0,False,300000.0,1880118.5,0.0,364.94412216807245,376.231053781518,11.286931613445574,1.0,10.0,790.0,0.0,25.675300910629165,RUNNING,1.0,False,
0.334,0.0,False,300000.0,1880118.5,0.0,363.1194015572321,374.3498985126104,11.230496955378328,1.0,10.0,790.0,0.0,25.675299035857183,RUNNING,1.0,False,
0.3341,0.0,False,300000.0,1880118.5,0.0,361.30380454944594,372.4781490200474,11.174344470601454,1.0,10.0,790.0,0.0,25.675297159210295,RUNNING,1.0,False,
0.3342,0.0,False,300000.0,1880118.5,0.0,359.4972855266987,370.61575827494715,11.11847274824845,1.0,10.0,790.0,0.0,25.675295280697913,RUNNING,1.0,False,
0.33430000000000004,0.0,False,300000.0,1880118.5,0.0,357.6997990990652,368.7626794835724,11.062880384507196,1.0,10.0,790.0,0.0,25.6752934003294,RUNNING,1.0,False,
0.33440000000000003,0.0,False,300000.0,1880118.5,0.0,355.9113001035699,366.91886608615454,11.007565982584651,1.0,10.0,790.0,0.0,25.67529151811408,RUNNING,1.0,False,
0.3345,0.0,False,300000.0,1880118.5,0.0,354.13174360305203,365.08427175572376,10.952528152671732,1.0,10.0,790.0,0.0,25.67528963406122,RUNNING,1.0,False,
0.3346,0.0,False,300000.0,1880118.5,0.0,352.36108488503675,363.2588503969451,10.897765511908347,1.0,10.0,790.0,0.0,25.675287748180043,RUNNING,1.0,False,
0.3347,0.0,False,300000.0,1880118.5,0.0,350.59927946061157,361.4425561449604,10.843276684348837,1.0,10.0,790.0,0.0,25.675285860479732,RUNNING,1.0,False,
0.33480000000000004,0.0,False,300000.0,1880118.5,0.0,348.84628306330853,359.6353433642356,10.789060300927076,1.0,10.0,790.0,0.0,25.67528397096942,RUNNING,1.0,False,
0.33490000000000003,0.0,False,300000.0,1880118.5,0.0,347.10205164799197,357.8371666474144,10.735114999422422,1.0,10.0,790.0,0.0,25.675282079658196,RUNNING,1.0,False,
0.335,0.0,False,300000.0,1880118.5,0.0,345.366541389752,356.0479808141773,10.68143942442532,1.0,10.0,790.0,0.0,25.675280186555096,RUNNING,1.0,False,
0.3351,0.0,False,300000.0,1880118.5,0.0,343.63970868280325,354.26774091010645,10.628032227303208,1.0,10.0,790.0,0.0,25.67527829166912,RUNNING,1.0,False,
0.3352,0.0,False,300000.0,1880118.5,0.0,341.9215101393892,352.4964022055559,10.574892066166683,1.0,10.0,790.0,0.0,25.67527639500922,RUNNING,1.0,False,
0.33530000000000004,0.0,False,300000.0,1880118.5,0.0,340.2119025886923,350.73392019452814,10.522017605835856,1.0,10.0,790.0,0.0,25.675274496584304,RUNNING,1.0,False,
0.33540000000000003,0.0,False,300000.0,1880118.5,0.0,338.5108430757488,348.9802505935555,10.469407517806701,1.0,10.0,790.0,0.0,25.675272596403236,RUNNING,1.0,False,
0.3355,0.0,False,300000.0,1880118.5,0.0,336.8182888603701,347.23534934058773,10.417060480217629,1.0,10.0,790.0,0.0,25.675270694474833,RUNNING,1.0,False,
0.3356,0.0,False,300000.0,1880118.5,0.0,335.1341974160683,345.49917259388485,10.364975177816575,1.0,10.0,790.0,0.0,25.675268790807866,RUNNING,1.0,False,
0.3357,0.0,False,300000.0,1880118.5,0.0,333.4585264289879,343.7716767309154,10.313150301927465,1.0,10.0,790.0,0.0,25.67526688541107,RUNNING,1.0,False,
0.33580000000000004,0.0,False,300000.0,1880118.5,0.0,331.79123379684296,342.05281834726077,10.261584550417808,1.0,10.0,790.0,0.0,25.67526497829313,RUNNING,1.0,False,
0.33590000000000003,0.0,False,300000.0,1880118.5,0.0,330.13227762785874,340.3425542555245,10.210276627665735,1.0,10.0,790.0,0.0,25.675263069462687,RUNNING,1.0,False,
0.336,0.0,False,300000.0,1880118.5,0.0,328.4816162397195,338.6408414842469,10.15922524452742,1.0,10.0,790.0,0.0,25.675261158928343,RUNNING,1.0,False,
0.3361,0.0,False,300000.0,1880118.5,0.0,326.8392081585209,336.9476372768257,10.108429118304798,1.0,10.0,790.0,0.0,25.675259246698655,RUNNING,1.0,False,
0.3362,0.0,False,300000.0,1880118.5,0.0,325.20501211772824,335.2628990904415,10.057886972713277,1.0,10.0,790.0,0.0,25.675257332782138,RUNNING,1.0,False,
0.33630000000000004,0.0,False,300000.0,1880118.5,0.0,323.5789870571396,333.5865845949893,10.007597537849676,1.0,10.0,790.0,0.0,25.675255417187262,RUNNING,1.0,False,
0.33640000000000003,0.0,False,300000.0,1880118.5,0.0,321.96109212185394,331.9186516720144,9.957559550160454,1.0,10.0,790.0,0.0,25.675253499922455,RUNNING,1.0,False,
0.3365,0.0,False,300000.0,1880118.5,0.0,320.35128666124467,330.2590584136543,9.907771752409644,1.0,10.0,790.0,0.0,25.675251580996107,RUNNING,1.0,False,
0.3366,0.0,False,300000.0,1880118.5,0.0,318.74953022793846,328.60776312158606,9.858232893647596,1.0,10.0,790.0,0.0,25.67524966041656,RUNNING,1.0,False,
0.3367,0.0,False,300000.0,1880118.5,0.0,317.1557825767988,326.96472430597817,9.808941729179367,1.0,10.0,790.0,0.0,25.675247738192123,RUNNING,1.0,False,
0.33680000000000004,0.0,False,300000.0,1880118.5,0.0,315.5700036639148,325.32990068444826,9.759897020533458,1.0,10.0,790.0,0.0,25.675245814331053,RUNNING,1.0,False,
0.33690000000000003,0.0,False,300000.0,1880118.5,0.0,313.99215364559524,323.703251181026,9.711097535430781,1.0,10.0,790.0,0.0,25.67524388884157,RUNNING,1.0,False,
0.337,0.0,False,300000.0,1880118.5,0.0,312.42219287736725,322.08473492512087,9.662542047753618,1.0,10.0,790.0,0.0,25.67524196173186,RUNNING,1.0,False,
0.3371,0.0,False,300000.0,1880118.5,0.0,310.86008191298043,320.4743112504953,9.614229337514871,1.0,10.0,790.0,0.0,25.675240033010056,RUNNING,1.0,False,
0.3372,0.0,False,300000.0,1880118.5,0.0,309.3057815034155,318.8719396942428,9.56615819082731,1.0,10.0,790.0,0.0,25.675238102684258,RUNNING,1.0,False,
0.3373,0.0,False,300000.0,1880118.5,0.0,307.75925259589843,317.2775799957716,9.518327399873158,1.0,10.0,790.0,0.0,25.67523617076252,RUNNING,1.0,False,
0.33740000000000003,0.0,False,300000.0,1880118.5,0.0,306.22045633291896,315.69119209579276,9.470735762873801,1.0,10.0,790.0,0.0,25.675234237252866,RUNNING,1.0,False,
0.3375,0.0,False,300000.0,1880118.5,0.0,304.6893540512544,314.1127361353138,9.423382084059426,1.0,10.0,790.0,0.0,25.675232302163266,RUNNING,1.0,False,
0.3376,0.0,False,300000.0,1880118.5,0.0,303.1659072809981,312.54217245463724,9.376265173639126,1.0,10.0,790.0,0.0,25.675230365501662,RUNNING,1.0,False,
0.3377,0.0,False,300000.0,1880118.5,0.0,301.65007774459315,310.9794615923641,9.329383847770941,1.0,10.0,790.0,0.0,25.67522842727595,RUNNING,1.0,False,
0.3378,0.0,False,300000.0,1880118.5,0.0,300.1418273558702,309.42456428440227,9.282736928532074,1.0,10.0,790.0,0.0,25.675226487493987,RUNNING,1.0,False,
0.33790000000000003,0.0,False,300000.0,1880118.5,0.0,298.64111821909086,307.8774414629803,9.236323243889444,1.0,10.0,790.0,0.0,25.675224546163594,RUNNING,1.0,False,
0.338,0.0,False,300000.0,1880118.5,0.0,297.1479126279954,306.3380542556654,9.19014162766996,1.0,10.0,790.0,0.0,25.67522260329255,RUNNING,1.0,False,
0.3381,0.0,False,300000.0,1880118.5,0.0,295.66217306485544,304.8063639843871,9.144190919531638,1.0,10.0,790.0,0.0,25.675220658888595,RUNNING,1.0,False,
0.3382,0.0,False,300000.0,1880118.5,0.0,294.1838621995312,303.2823321644651,9.09846996493394,1.0,10.0,790.0,0.0,25.675218712959428,RUNNING,1.0,False,
0.3383,0.0,False,300000.0,1880118.5,0.0,292.7129428885335,301.7659205036428,9.052977615109285,1.0,10.0,790.0,0.0,25.675216765512715,RUNNING,1.0,False,
0.33840000000000003,0.0,False,300000.0,1880118.5,0.0,291.24937817409085,300.25709090112457,9.00771272703372,1.0,10.0,790.0,0.0,25.675214816556085,RUNNING,1.0,False,
0.3385,0.0,False,300000.0,1880118.5,0.0,289.7931312832204,298.755805446619,8.96267416339856,1.0,10.0,790.0,0.0,25.67521286609712,RUNNING,1.0,False,
0.3386,0.0,False,300000.0,1880118.5,0.0,288.34416562680434,297.2620264193859,8.917860792581564,1.0,10.0,790.0,0.0,25.67521091414337,RUNNING,1.0,False,
0.3387,0.0,False,300000.0,1880118.5,0.0,286.90244479867033,295.775716287289,8.873271488618684,1.0,10.0,790.0,0.0,25.67520896070235,RUNNING,1.0,False,
0.3388,0.0,False,300000.0,1880118.5,0.0,285.467932574677,294.29683770585257,8.828905131175588,1.0,10.0,790.0,0.0,25.67520700578153,RUNNING,1.0,False,
0.33890000000000003,0.0,False,300000.0,1880118.5,0.0,284.04059291180357,292.82535351732326,8.784760605519693,1.0,10.0,790.0,0.0,25.67520504938835,RUNNING,1.0,False,
0.339,0.0,False,300000.0,1880118.5,0.0,282.6203899472446,291.36122674973666,8.740836802492083,1.0,10.0,790.0,0.0,25.675203091530204,RUNNING,1.0,False,
0.3391,0.0,False,300000.0,1880118.5,0.0,281.20728799750833,289.904420615988,8.697132618479657,1.0,10.0,790.0,0.0,25.675201132214458,RUNNING,1.0,False,
0.3392,0.0,False,300000.0,1880118.5,0.0,279.8012515575208,288.4548985129081,8.653646955387273,1.0,10.0,790.0,0.0,25.675199171448437,RUNNING,1.0,False,
0.3393,0.0,False,300000.0,1880118.5,0.0,278.4022452997332,287.0126240203435,8.6103787206103,1.0,10.0,790.0,0.0,25.675197209239432,RUNNING,1.0,False,
0.33940000000000003,0.0,False,300000.0,1880118.5,0.0,277.0102340732345,285.5775609002418,8.567326827007264,1.0,10.0,790.0,0.0,25.675195245594693,RUNNING,1.0,False,
0.3395,0.0,False,300000.0,1880118.5,0.0,275.62518290286835,284.1496730957406,8.524490192872236,1.0,10.0,790.0,0.0,25.675193280521437,RUNNING,1.0,False,
0.3396,0.0,False,300000.0,1880118.5,0.0,274.247056988354,282.7289247302619,8.481867741907877,1.0,10.0,790.0,0.0,25.675191314026844,RUNNING,1.0,False,
0.3397,0.0,False,300000.0,1880118.5,0.0,272.87582170341227,281.3152801066106,8.43945840319833,1.0,10.0,790.0,0.0,25.675189346118056,RUNNING,1.0,False,
0.3398,0.0,False,300000.0,1880118.5,0.0,271.5114425948952,279.9087037060775,8.397261111182331,1.0,10.0,790.0,0.0,25.67518737680218,RUNNING,1.0,False,
0.33990000000000004,0.0,False,300000.0,1880118.5,0.0,270.1538853819207,278.50916018754714,8.355274805626436,1.0,10.0,790.0,0.0,25.675185406086296,RUNNING,1.0,False,
0.34,0.0,False,300000.0,1880118.5,0.0,268.8031159550111,277.1166143866094,8.313498431598305,1.0,10.0,790.0,0.0,25.675183433977438,RUNNING,1.0,False,
0.3401,0.0,False,300000.0,1880118.5,0.0,267.45910037523606,275.7310313146764,8.271930939440324,1.0,10.0,790.0,0.0,25.675181460482605,RUNNING,1.0,False,
0.3402,0.0,False,300000.0,1880118.5,0.0,266.1218048733599,274.352376158103,8.230571284743121,1.0,10.0,790.0,0.0,25.67517948560877,RUNNING,1.0,False,
0.3403,0.0,False,300000.0,1880118.5,0.0,264.7911958489931,272.98061427731244,8.189418428319357,1.0,10.0,790.0,0.0,25.67517750936286,RUNNING,1.0,False,
0.34040000000000004,0.0,False,300000.0,1880118.5,0.0,263.46723986974814,271.61571120592595,8.148471336177806,1.0,10.0,790.0,0.0,25.675175531751776,RUNNING,1.0,False,
0.3405,0.0,False,300000.0,1880118.5,0.0,262.1499036703994,270.25763264989627,8.10772897949687,1.0,10.0,790.0,0.0,25.675173552782383,RUNNING,1.0,False,
0.3406,0.0,False,300000.0,1880118.5,0.0,260.8391541520474,268.9063444866468,8.067190334599388,1.0,10.0,790.0,0.0,25.675171572461505,RUNNING,1.0,False,
0.3407,0.0,False,300000.0,1880118.5,0.0,259.53495838128714,267.5618127642135,8.026854382926388,1.0,10.0,790.0,0.0,25.675169590795942,RUNNING,1.0,False,
0.3408,0.0,False,300000.0,1880118.5,0.0,258.2372835893807,266.2240037003925,7.986720111011778,1.0,10.0,790.0,0.0,25.675167607792453,RUNNING,1.0,False,
0.34090000000000004,0.0,False,300000.0,1880118.5,0.0,256.9460971714338,264.8928836818905,7.946786510456718,1.0,10.0,790.0,0.0,25.675165623457765,RUNNING,1.0,False,
0.341,0.0,False,300000.0,1880118.5,0.0,255.6613666855766,263.5684192634811,7.907052577904466,1.0,10.0,790.0,0.0,25.67516363779857,RUNNING,1.0,False,
0.3411,0.0,False,300000.0,1880118.5,0.0,254.38305985214873,262.25057716716367,7.867517315014936,1.0,10.0,790.0,0.0,25.67516165082153,RUNNING,1.0,False,
0.3412,0.0,False,300000.0,1880118.5,0.0,253.111144552888,260.93932428132786,7.8281797284398635,1.0,10.0,790.0,0.0,25.67515966253327,RUNNING,1.0,False,
0.3413,0.0,False,300000.0,1880118.5,0.0,251.84558883012355,259.6346276599212,7.789038829797647,1.0,10.0,790.0,0.0,25.675157672940387,RUNNING,1.0,False,
0.34140000000000004,0.0,False,300000.0,1880118.5,0.0,250.58636088597294,258.3364545216216,7.750093635648653,1.0,10.0,790.0,0.0,25.67515568204944,RUNNING,1.0,False,
0.3415,0.0,False,300000.0,1880118.5,0.0,249.33342908154307,257.0447722490135,7.711343167470403,1.0,10.0,790.0,0.0,25.675153689866953,RUNNING,1.0,False,
0.3416,0.0,False,300000.0,1880118.5,0.0,248.08676193613536,255.75954838776843,7.672786451633073,1.0,10.0,790.0,0.0,25.675151696399425,RUNNING,1.0,False,
0.3417,0.0,False,300000.0,1880118.5,0.0,246.8463281264547,254.4807506458296,7.634422519374908,1.0,10.0,790.0,0.0,25.675149701653318,RUNNING,1.0,False,
0.3418,0.0,False,300000.0,1880118.5,0.0,245.61209648582243,253.20834689260045,7.596250406778012,1.0,10.0,790.0,0.0,25.675147705635062,RUNNING,1.0,False,
0.34190000000000004,0.0,False,300000.0,1880118.5,0.0,244.38403600339333,251.94230515813746,7.558269154744124,1.0,10.0,790.0,0.0,25.675145708351057,RUNNING,1.0,False,
0.342,0.0,False,300000.0,1880118.5,0.0,243.16211582337635,250.68259363234677,7.520477808970412,1.0,10.0,790.0,0.0,25.675143709807667,RUNNING,1.0,False,
0.3421,0.0,False,300000.0,1880118.5,0.0,241.94630524425946,249.42918066418503,7.482875419925563,1.0,10.0,790.0,0.0,25.67514171001123,RUNNING,1.0,False,
0.3422,0.0,False,300000.0,1880118.5,0.0,240.73657371803816,248.1820347608641,7.44546104282594,1.0,10.0,790.0,0.0,25.675139708968043,RUNNING,1.0,False,
0.3423,0.0,False,300000.0,1880118.5,0.0,239.53289084944797,246.94112458705976,7.408233737611795,1.0,10.0,790.0,0.0,25.67513770668438,RUNNING,1.0,False,
0.34240000000000004,0.0,False,300000.0,1880118.5,0.0,238.33522639520072,245.70641896412445,7.371192568923732,1.0,10.0,790.0,0.0,25.675135703166482,RUNNING,1.0,False,
0.3425,0.0,False,300000.0,1880118.5,0.0,237.1435502632247,244.47788686930383,7.33433660607912,1.0,10.0,790.0,0.0,25.675133698420556,RUNNING,1.0,False,
0.3426,0.0,False,300000.0,1880118.5,0.0,235.95783251190858,243.2554974349573,7.297664923048728,1.0,10.0,790.0,0.0,25.67513169245278,RUNNING,1.0,False,
0.3427,0.0,False,300000.0,1880118.5,0.0,234.77804334934905,242.03921994778253,7.2611765984334795,1.0,10.0,790.0,0.0,25.6751296852693,RUNNING,1.0,False,
0.3428,0.0,False,300000.0,1880118.5,0.0,233.6041531326023,240.82902384804362,7.2248707154413125,1.0,10.0,790.0,0.0,25.675127676876237,RUNNING,1.0,False,
0.34290000000000004,0.0,False,300000.0,1880118.5,0.0,232.4361323669393,239.6248787288034,7.188746361864105,1.0,10.0,790.0,0.0,25.67512566727967,RUNNING,1.0,False,
0.343,0.0,False,300000.0,1880118.5,0.0,231.2739517051046,238.4267543351594,7.1528026300547936,1.0,10.0,790.0,0.0,25.675123656485656,RUNNING,1.0,False,
0.3431,0.0,False,300000.0,1880118.5,0.0,230.11758194657907,237.2346205634836,7.117038616904523,1.0,10.0,790.0,0.0,25.675121644500223,RUNNING,1.0,False,
0.3432,0.0,False,300000.0,1880118.5,0.0,228.96699403684616,236.04844746066615,7.081453423819994,1.0,10.0,790.0,0.0,25.675119631329363,RUNNING,1.0,False,
0.3433,0.0,False,300000.0,1880118.5,0.0,227.82215906666192,234.86820522336282,7.046046156700896,1.0,10.0,790.0,0.0,25.67511761697904,RUNNING,1.0,False,
0.34340000000000004,0.0,False,300000.0,1880118.5,0.0,226.6830482713286,233.693864197246,7.010815925917399,1.0,10.0,790.0,0.0,25.67511560145519,RUNNING,1.0,False,
0.3435,0.0,False,300000.0,1880118.5,0.0,225.54963302997197,232.52539487625978,6.97576184628781,1.0,10.0,790.0,0.0,25.675113584763714,RUNNING,1.0,False,
0.3436,0.0,False,300000.0,1880118.5,0.0,224.42188486482212,231.36276790187847,6.940883037056352,1.0,10.0,790.0,0.0,25.675111566910495,RUNNING,1.0,False,
0.3437,0.0,False,300000.0,1880118.5,0.0,223.299775440498,230.20595406236907,6.906178621871078,1.0,10.0,790.0,0.0,25.67510954790137,RUNNING,1.0,False,
0.3438,0.0,False,300000.0,1880118.5,0.0,222.1832765632955,229.05492429205722,6.8716477287617295,1.0,10.0,790.0,0.0,25.675107527742167,RUNNING,1.0,False,
0.34390000000000004,0.0,False,300000.0,1880118.5,0.0,221.07236018047902,227.90964967059693,6.837289490117911,1.0,10.0,790.0,0.0,25.675105506438666,RUNNING,1.0,False,
0.34400000000000003,0.0,False,300000.0,1880118.5,0.0,219.96699837957664,226.77010142224395,6.803103042667317,1.0,10.0,790.0,0.0,25.675103483996626,RUNNING,1.0,False,
0.3441,0.0,False,300000.0,1880118.5,0.0,218.86716338767874,225.63625091513273,6.769087527453991,1.0,10.0,790.0,0.0,25.675101460421782,RUNNING,1.0,False,
0.3442,0.0,False,300000.0,1880118.5,0.0,217.77282757074036,224.50806966055708,6.7352420898167225,1.0,10.0,790.0,0.0,25.675099435719833,RUNNING,1.0,False,
0.3443,0.0,False,300000.0,1880118.5,0.0,216.68396343288666,223.38552931225428,6.701565879367621,1.0,10.0,790.0,0.0,25.675097409896452,RUNNING,1.0,False,
0.34440000000000004,0.0,False,300000.0,1880118.5,0.0,215.60054361572222,222.268601665693,6.668058049970796,1.0,10.0,790.0,0.0,25.67509538295728,RUNNING,1.0,False,
0.34450000000000003,0.0,False,300000.0,1880118.5,0.0,214.5225408976436,221.15725865736457,6.634717759720957,1.0,10.0,790.0,0.0,25.67509335490794,RUNNING,1.0,False,
0.3446,0.0,False,300000.0,1880118.5,0.0,213.4499281931554,220.0514723640777,6.601544170922324,1.0,10.0,790.0,0.0,25.675091325754014,RUNNING,1.0,False,
0.3447,0.0,False,300000.0,1880118.5,0.0,212.38267855218962,218.95121500225736,6.5685364500677395,1.0,10.0,790.0,0.0,25.675089295501067,RUNNING,1.0,False,
0.3448,0.0,False,300000.0,1880118.5,0.0,211.32076515942867,217.85645892724605,6.535693767817378,1.0,10.0,790.0,0.0,25.67508726415463,RUNNING,1.0,False,
0.34490000000000004,0.0,False,300000.0,1880118.5,0.0,210.26416133363153,216.76717663260985,6.503015298978312,1.0,10.0,790.0,0.0,25.67508523172021,RUNNING,1.0,False,
0.34500000000000003,0.0,False,300000.0,1880118.5,0.0,209.2128405269634,215.6833407494468,6.470500222483423,1.0,10.0,790.0,0.0,25.675083198203282,RUNNING,1.0,False,
0.3451,0.0,False,300000.0,1880118.5,0.0,208.16677632432857,214.60492404569956,6.438147721370996,1.0,10.0,790.0,0.0,25.675081163609295,RUNNING,1.0,False,
0.3452,0.0,False,300000.0,1880118.5,0.0,207.12594244270693,213.53189942547107,6.405956982764138,1.0,10.0,790.0,0.0,25.675079127943675,RUNNING,1.0,False,
0.3453,0.0,False,300000.0,1880118.5,0.0,206.0903127304934,212.46423992834372,6.373927197850321,1.0,10.0,790.0,0.0,25.675077091211815,RUNNING,1.0,False,
0.34540000000000004,0.0,False,300000.0,1880118.5,0.0,205.05986116684093,211.401918728702,6.342057561861054,1.0,10.0,790.0,0.0,25.675075053419086,RUNNING,1.0,False,
0.34550000000000003,0.0,False,300000.0,1880118.5,0.0,204.03456186100672,210.3449091350585,6.3103472740517645,1.0,10.0,790.0,0.0,25.675073014570827,RUNNING,1.0,False,
0.3456,0.0,False,300000.0,1880118.5,0.0,203.0143890517017,209.2931845893832,6.2787955376815034,1.0,10.0,790.0,0.0,25.675070974672355,RUNNING,1.0,False,
0.3457,0.0,False,300000.0,1880118.5,0.0,201.9993171064432,208.2467186664363,6.247401559993108,1.0,10.0,790.0,0.0,25.67506893372896,RUNNING,1.0,False,
0.3458,0.0,False,300000.0,1880118.5,0.0,200.98932052091098,207.20548507310411,6.216164552193135,1.0,10.0,790.0,0.0,25.6750668917459,RUNNING,1.0,False,
0.34590000000000004,0.0,False,300000.0,1880118.5,0.0,199.98437391830643,206.1694576477386,6.185083729432165,1.0,10.0,790.0,0.0,25.67506484872841,RUNNING,1.0,False,
0.34600000000000003,0.0,False,300000.0,1880118.5,0.0,198.9844520487149,205.1386103594999,6.154158310784993,1.0,10.0,790.0,0.0,25.675062804681705,RUNNING,1.0,False,
0.3461,0.0,False,300000.0,1880118.5,0.0,197.98952978847132,204.1129173077024,6.123387519231073,1.0,10.0,790.0,0.0,25.675060759610965,RUNNING,1.0,False,
0.3462,0.0,False,300000.0,1880118.5,0.0,196.99958213952897,203.09235272116388,6.092770581634909,1.0,10.0,790.0,0.0,25.67505871352135,RUNNING,1.0,False,
0.3463,0.0,False,300000.0,1880118.5,0.0,196.01458422883132,202.07689095755808,6.062306728726753,1.0,10.0,790.0,0.0,25.67505666641799,RUNNING,1.0,False,
0.34640000000000004,0.0,False,300000.0,1880118.5,0.0,195.03451130768715,201.06650650277027,6.0319951950831125,1.0,10.0,790.0,0.0,25.675054618305992,RUNNING,1.0,False,
0.34650000000000003,0.0,False,300000.0,1880118.5,0.0,194.05933875114872,200.06117397025642,6.001835219107704,1.0,10.0,790.0,0.0,25.675052569190438,RUNNING,1.0,False,
0.3466,0.0,False,300000.0,1880118.5,0.0,193.08904205739296,199.06086810040512,5.9718260430121575,1.0,10.0,790.0,0.0,25.675050519076382,RUNNING,1.0,False,
0.3467,0.0,False,300000.0,1880118.5,0.0,192.123596847106,198.06556375990309,5.941966912797085,1.0,10.0,790.0,0.0,25.675048467968853,RUNNING,1.0,False,
0.3468,0.0,False,300000.0,1880118.5,0.0,191.16297886287046,197.07523594110359,5.912257078233125,1.0,10.0,790.0,0.0,25.675046415872856,RUNNING,1.0,False,
0.34690000000000004,0.0,False,300000.0,1880118.5,0.0,190.2071639685561,196.08985976139806,5.882695792841957,1.0,10.0,790.0,0.0,25.675044362793372,RUNNING,1.0,False,
0.34700000000000003,0.0,False,300000.0,1880118.5,0.0,189.25612814871332,195.10941046259106,5.853282313877742,1.0,10.0,790.0,0.0,25.675042308735357,RUNNING,1.0,False,
0.3471,0.0,False,300000.0,1880118.5,0.0,188.30984750796975,194.1338634102781,5.824015902308361,1.0,10.0,790.0,0.0,25.675040253703738,RUNNING,1.0,False,
0.3472,0.0,False,300000.0,1880118.5,0.0,187.3682982704299,193.1631940932267,5.7948958227968035,1.0,10.0,790.0,0.0,25.675038197703422,RUNNING,1.0,False,
0.3473,0.0,False,300000.0,1880118.5,0.0,186.43145677907776,192.1973781227606,5.765921343682834,1.0,10.0,790.0,0.0,25.67503614073929,RUNNING,1.0,False,
0.34740000000000004,0.0,False,300000.0,1880118.5,0.0,185.49929949518238,191.2363912321468,5.737091736964402,1.0,10.0,790.0,0.0,25.6750340828162,RUNNING,1.0,False,
0.34750000000000003,0.0,False,300000.0,1880118.5,0.0,184.57180299770647,190.28020927598607,5.708406278279597,1.0,10.0,790.0,0.0,25.675032023938982,RUNNING,1.0,False,
0.3476,0.0,False,300000.0,1880118.5,0.0,183.64894398271792,189.32880822960612,5.679864246888201,1.0,10.0,790.0,0.0,25.675029964112444,RUNNING,1.0,False,
0.3477,0.0,False,300000.0,1880118.5,0.0,182.73069926280434,188.3821641884581,5.651464925653755,1.0,10.0,790.0,0.0,25.67502790334137,RUNNING,1.0,False,
0.3478,0.0,False,300000.0,1880118.5,0.0,181.8170457664903,187.4402533675158,5.623207601025484,1.0,10.0,790.0,0.0,25.67502584163052,RUNNING,1.0,False,
0.34790000000000004,0.0,False,300000.0,1880118.5,0.0,180.90796053765786,186.50305210067822,5.595091563020361,1.0,10.0,790.0,0.0,25.675023778984635,RUNNING,1.0,False,
0.34800000000000003,0.0,False,300000.0,1880118.5,0.0,180.00342073496958,185.57053684017484,5.567116105205258,1.0,10.0,790.0,0.0,25.675021715408423,RUNNING,1.0,False,
0.3481,0.0,False,300000.0,1880118.5,0.0,179.10340363129473,184.64268415597394,5.539280524679214,1.0,10.0,790.0,0.0,25.675019650906574,RUNNING,1.0,False,
0.3482,0.0,False,300000.0,1880118.5,0.0,178.20788661313824,183.71947073519408,5.511584122055837,1.0,10.0,790.0,0.0,25.675017585483754,RUNNING,1.0,False,
0.3483,0.0,False,300000.0,1880118.5,0.0,177.31684718007256,182.8008733815181,5.484026201445545,1.0,10.0,790.0,0.0,25.67501551914461,RUNNING,1.0,False,
0.34840000000000004,0.0,False,300000.0,1880118.5,0.0,176.4302629441722,181.8868690146105,5.456606070438312,1.0,10.0,790.0,0.0,25.67501345189375,RUNNING,1.0,False,
0.34850000000000003,0.0,False,300000.0,1880118.5,0.0,175.54811162945134,180.97743466953747,5.429323040086132,1.0,10.0,790.0,0.0,25.67501138373578,RUNNING,1.0,False,
0.3486,0.0,False,300000.0,1880118.5,0.0,174.6703710713041,180.0725474961898,5.40217642488571,1.0,10.0,790.0,0.0,25.67500931467527,RUNNING,1.0,False,
0.3487,0.0,False,300000.0,1880118.5,0.0,173.79701921594756,179.17218475870882,5.375165542761266,1.0,10.0,790.0,0.0,25.675007244716767,RUNNING,1.0,False,
0.3488,0.0,False,300000.0,1880118.5,0.0,172.92803411986782,178.27632383491527,5.348289715047457,1.0,10.0,790.0,0.0,25.675005173864804,RUNNING,1.0,False,
0.34890000000000004,0.0,False,300000.0,1880118.5,0.0,172.0633939492685,177.38494221574072,5.3215482664722344,1.0,10.0,790.0,0.0,25.67500310212388,RUNNING,1.0,False,
0.34900000000000003,0.0,False,300000.0,1880118.5,0.0,171.20307697952214,176.49801750466202,5.294940525139879,1.0,10.0,790.0,0.0,25.675001029498482,RUNNING,1.0,False,
0.3491,0.0,False,300000.0,1880118.5,0.0,170.34706159462453,175.6155274171387,5.268465822514173,1.0,10.0,790.0,0.0,25.67499895599307,RUNNING,1.0,False,
0.3492,0.0,False,300000.0,1880118.5,0.0,169.49532628665142,174.73744978005303,5.242123493401607,1.0,10.0,790.0,0.0,25.674996881612074,RUNNING,1.0,False,
0.3493,0.0,False,300000.0,1880118.5,0.0,168.64784965521815,173.86376253115273,5.215912875934578,1.0,10.0,790.0,0.0,25.67499480635992,RUNNING,1.0,False,
0.34940000000000004,0.0,False,300000.0,1880118.5,0.0,167.80461040694206,172.99444371849697,5.1898333115549065,1.0,10.0,790.0,0.0,25.674992730240994,RUNNING,1.0,False,
0.34950000000000003,0.0,False,300000.0,1880118.5,0.0,166.96558735490734,172.12947149990447,5.163884144997127,1.0,10.0,790.0,0.0,25.67499065325967,RUNNING,1.0,False,
0.3496,0.0,False,300000.0,1880118.5,0.0,166.1307594181328,171.26882414240495,5.138064724272141,1.0,10.0,790.0,0.0,25.674988575420297,RUNNING,1.0,False,
0.3497,0.0,False,300000.0,1880118.5,0.0,165.30010562104215,170.41248002169294,5.112374400650793,1.0,10.0,790.0,0.0,25.674986496727204,RUNNING,1.0,False,
0.3498,0.0,False,300000.0,1880118.5,0.0,164.47360509293694,169.56041762158446,5.086812528647528,1.0,10.0,790.0,0.0,25.674984417184696,RUNNING,1.0,False,
0.34990000000000004,0.0,False,300000.0,1880118.5,0.0,163.65123706747224,168.71261553347654,5.0613784660042995,1.0,10.0,790.0,0.0,25.674982336797058,RUNNING,1.0,False,
0.35000000000000003,0.0,False,300000.0,1880118.5,0.0,162.83298088213488,167.86905245580917,5.036071573674292,1.0,10.0,790.0,0.0,25.67498025556855,RUNNING,1.0,False,
0.3501,0.0,False,300000.0,1880118.5,0.0,162.0188159777242,167.0297071935301,5.010891215805913,1.0,10.0,790.0,0.0,25.674978173503415,RUNNING,1.0,False,
0.3502,0.0,False,300000.0,1880118.5,0.0,161.20872189783557,166.19455865756245,4.98583675972688,1.0,10.0,790.0,0.0,25.674976090605877,RUNNING,1.0,False,
0.3503,0.0,False,300000.0,1880118.5,0.0,160.4026782883464,165.36358586427465,4.960907575928246,1.0,10.0,790.0,0.0,25.674974006880134,RUNNING,1.0,False,
0.3504,0.0,False,300000.0,1880118.5,0.0,159.60066489690468,164.53676793495328,4.9361030380486,1.0,10.0,790.0,0.0,25.674971922330364,RUNNING,1.0,False,
0.35050000000000003,0.0,False,300000.0,1880118.5,0.0,158.80266157242016,163.71408409527854,4.911422522858373,1.0,10.0,790.0,0.0,25.674969836960724,RUNNING,1.0,False,
0.3506,0.0,False,300000.0,1880118.5,0.0,158.00864826455808,162.89551367480215,4.88686541024407,1.0,10.0,790.0,0.0,25.67496775077535,RUNNING,1.0,False,
0.3507,0.0,False,300000.0,1880118.5,0.0,157.21860502323528,162.08103610642814,4.86243108319286,1.0,10.0,790.0,0.0,25.674965663778362,RUNNING,1.0,False,
0.3508,0.0,False,300000.0,1880118.5,0.0,156.4325119981191,161.270630925896,4.83811892777689,1.0,10.0,790.0,0.0,25.67496357597385,RUNNING,1.0,False,
0.3509,0.0,False,300000.0,1880118.5,0.0,155.65034943812853,160.46427777126652,4.813928333137994,1.0,10.0,790.0,0.0,25.674961487365895,RUNNING,1.0,False,
0.35100000000000003,0.0,False,300000.0,1880118.5,0.0,154.8720976909379,159.6619563824102,4.789858691472318,1.0,10.0,790.0,0.0,25.67495939795855,RUNNING,1.0,False,
0.3511,0.0,False,300000.0,1880118.5,0.0,154.09773720248322,158.86364660049816,4.765909398014941,1.0,10.0,790.0,0.0,25.674957307755847,RUNNING,1.0,False,
0.3512,0.0,False,300000.0,1880118.5,0.0,153.3272485164708,158.06932836749567,4.742079851024869,1.0,10.0,790.0,0.0,25.674955216761802,RUNNING,1.0,False,
0.3513,0.0,False,300000.0,1880118.5,0.0,152.56061227388844,157.27898172565818,4.718369451769746,1.0,10.0,790.0,0.0,25.67495312498041,RUNNING,1.0,False,
0.3514,0.0,False,300000.0,1880118.5,0.0,151.79780921251898,156.4925868170299,4.694777604510904,1.0,10.0,790.0,0.0,25.674951032415642,RUNNING,1.0,False,
0.35150000000000003,0.0,False,300000.0,1880118.5,0.0,151.0388201664564,155.71012388294474,4.671303716488353,1.0,10.0,790.0,0.0,25.674948939071452,RUNNING,1.0,False,
0.3516,0.0,False,300000.0,1880118.5,0.0,150.2836260656241,154.93157326353,4.647947197905893,1.0,10.0,790.0,0.0,25.67494684495178,RUNNING,1.0,False,
0.3517,0.0,False,300000.0,1880118.5,0.0,149.532207935296,154.15691539721237,4.624707461916387,1.0,10.0,790.0,0.0,25.674944750060536,RUNNING,1.0,False,
0.3518,0.0,False,300000.0,1880118.5,0.0,148.7845468956195,153.3861308202263,4.601583924606786,1.0,10.0,790.0,0.0,25.67494265440162,RUNNING,1.0,False,
0.3519,0.0,False,300000.0,1880118.5,0.0,148.0406241611414,152.61920016612515,4.578576004983745,1.0,10.0,790.0,0.0,25.674940557978903,RUNNING,1.0,False,
0.35200000000000004,0.0,False,300000.0,1880118.5,0.0,147.3004210403357,151.85610416529454,4.555683124958847,1.0,10.0,790.0,0.0,25.674938460796245,RUNNING,1.0,False,
0.3521,0.0,False,300000.0,1880118.5,0.0,146.563918935134,151.09682364446806,4.532904709334048,1.0,10.0,790.0,0.0,25.67493636285748,RUNNING,1.0,False,
0.3522,0.0,False,300000.0,1880118.5,0.0,145.83109934045834,150.34133952624572,4.5102401857873815,1.0,10.0,790.0,0.0,25.674934264166428,RUNNING,1.0,False,
0.3523,0.0,False,300000.0,1880118.5,0.0,145.10194384375603,149.58963282861447,4.487688984858437,1.0,10.0,790.0,0.0,25.674932164726886,RUNNING,1.0,False,
0.3524,0.0,False,300000.0,1880118.5,0.0,144.37643412453724,148.8416846644714,4.4652505399341464,1.0,10.0,790.0,0.0,25.674930064542636,RUNNING,1.0,False,
0.35250000000000004,0.0,False,300000.0,1880118.5,0.0,143.65455195391456,148.09747624114902,4.442924287234462,1.0,10.0,790.0,0.0,25.67492796361744,RUNNING,1.0,False,
0.3526,0.0,False,300000.0,1880118.5,0.0,142.936279194145,147.3569888599433,4.420709665798313,1.0,10.0,790.0,0.0,25.674925861955035,RUNNING,1.0,False,
0.3527,0.0,False,300000.0,1880118.5,0.0,142.22159779817426,146.62020391564357,4.398606117469313,1.0,10.0,790.0,0.0,25.67492375955915,RUNNING,1.0,False,
0.3528,0.0,False,300000.0,1880118.5,0.0,141.51048980918338,145.88710289606536,4.376613086881974,1.0,10.0,790.0,0.0,25.674921656433487,RUNNING,1.0,False,
0.3529,0.0,False,300000.0,1880118.5,0.0,140.80293736013746,145.15766738158501,4.354730021447551,1.0,10.0,790.0,0.0,25.674919552581734,RUNNING,1.0,False,
0.35300000000000004,0.0,False,300000.0,1880118.5,0.0,140.09892267333677,144.4318790446771,4.332956371340316,1.0,10.0,790.0,0.0,25.67491744800756,RUNNING,1.0,False,
0.3531,0.0,False,300000.0,1880118.5,0.0,139.3984280599701,143.7097196494537,4.311291589483602,1.0,10.0,790.0,0.0,25.674915342714613,RUNNING,1.0,False,
0.3532,0.0,False,300000.0,1880118.5,0.0,138.70143591967025,142.99117105120644,4.28973513153619,1.0,10.0,790.0,0.0,25.674913236706523,RUNNING,1.0,False,
0.3533,0.0,False,300000.0,1880118.5,0.0,138.0079287400719,142.2762151959504,4.268286455878524,1.0,10.0,790.0,0.0,25.674911129986906,RUNNING,1.0,False,
0.3534,0.0,False,300000.0,1880118.5,0.0,137.31788909637152,141.56483411997064,4.246945023599125,1.0,10.0,790.0,0.0,25.674909022559355,RUNNING,1.0,False,
0.35350000000000004,0.0,False,300000.0,1880118.5,0.0,136.63129965088964,140.85700994937076,4.225710298481118,1.0,10.0,790.0,0.0,25.674906914427446,RUNNING,1.0,False,
0.3536,0.0,False,300000.0,1880118.5,0.0,135.9481431526352,140.1527248996239,4.204581746988708,1.0,10.0,790.0,0.0,25.674904805594743,RUNNING,1.0,False,
0.3537,0.0,False,300000.0,1880118.5,0.0,135.268402436872,139.4519612751258,4.183558838253788,1.0,10.0,790.0,0.0,25.674902696064784,RUNNING,1.0,False,
0.3538,0.0,False,300000.0,1880118.5,0.0,134.59206042468765,138.75470146875014,4.162641044062497,1.0,10.0,790.0,0.0,25.67490058584109,RUNNING,1.0,False,
0.3539,0.0,False,300000.0,1880118.5,0.0,133.9191001225642,138.0609279614064,4.141827838842204,1.0,10.0,790.0,0.0,25.674898474927172,RUNNING,1.0,False,
0.35400000000000004,0.0,False,300000.0,1880118.5,0.0,133.2495046219514,137.37062332159937,4.12111869964798,1.0,10.0,790.0,0.0,25.674896363326518,RUNNING,1.0,False,
0.3541,0.0,False,300000.0,1880118.5,0.0,132.58325709884164,136.6837702049914,4.100513106149748,1.0,10.0,790.0,0.0,25.6748942510426,RUNNING,1.0,False,
0.3542,0.0,False,300000.0,1880118.5,0.0,131.92034081334742,136.0003513539664,4.080010540618986,1.0,10.0,790.0,0.0,25.674892138078864,RUNNING,1.0,False,
0.3543,0.0,False,300000.0,1880118.5,0.0,131.26073910928068,135.32034959719658,4.059610487915904,1.0,10.0,790.0,0.0,25.674890024438756,RUNNING,1.0,False,
0.3544,0.0,False,300000.0,1880118.5,0.0,130.60443541373428,134.6437478492106,4.039312435476319,1.0,10.0,790.0,0.0,25.67488791012569,RUNNING,1.0,False,
0.35450000000000004,0.0,False,300000.0,1880118.5,0.0,129.95141323666562,133.97052910996456,4.019115873298944,1.0,10.0,790.0,0.0,25.674885795143073,RUNNING,1.0,False,
0.3546,0.0,False,300000.0,1880118.5,0.0,129.3016561704823,133.30067646441472,3.999020293932432,1.0,10.0,790.0,0.0,25.674883679494286,RUNNING,1.0,False,
0.3547,0.0,False,300000.0,1880118.5,0.0,128.6551478896299,132.63417308209267,3.9790251924627853,1.0,10.0,790.0,0.0,25.674881563182698,RUNNING,1.0,False,
0.3548,0.0,False,300000.0,1880118.5,0.0,128.01187215018174,131.97100221668222,3.959130066500478,1.0,10.0,790.0,0.0,25.674879446211662,RUNNING,1.0,False,
0.3549,0.0,False,300000.0,1880118.5,0.0,127.37181278943083,131.31114720559881,3.9393344161679806,1.0,10.0,790.0,0.0,25.67487732858451,RUNNING,1.0,False,
0.35500000000000004,0.0,False,300000.0,1880118.5,0.0,126.73495372548368,130.65459146957082,3.91963774408714,1.0,10.0,790.0,0.0,25.674875210304563,RUNNING,1.0,False,
0.3551,0.0,False,300000.0,1880118.5,0.0,126.10127895685626,130.00131851222295,3.900039555366689,1.0,10.0,790.0,0.0,25.67487309137512,RUNNING,1.0,False,
0.3552,0.0,False,300000.0,1880118.5,0.0,125.47077256207199,129.35131191966184,3.8805393575898535,1.0,10.0,790.0,0.0,25.674870971799468,RUNNING,1.0,False,
0.3553,0.0,False,300000.0,1880118.5,0.0,124.84341869926162,128.70455536006352,3.861136660801904,1.0,10.0,790.0,0.0,25.674868851580875,RUNNING,1.0,False,
0.3554,0.0,False,300000.0,1880118.5,0.0,124.2192016057653,128.0610325832632,3.8418309774978923,1.0,10.0,790.0,0.0,25.67486673072259,RUNNING,1.0,False,
0.35550000000000004,0.0,False,300000.0,1880118.5,0.0,123.59810559773648,127.42072742034689,3.822621822610415,1.0,10.0,790.0,0.0,25.674864609227853,RUNNING,1.0,False,
0.3556,0.0,False,300000.0,1880118.5,0.0,122.9801150697478,126.78362378324516,3.803508713497365,1.0,10.0,790.0,0.0,25.674862487099883,RUNNING,1.0,False,
0.3557,0.0,False,300000.0,1880118.5,0.0,122.36521449439905,126.14970566432892,3.784491169929865,1.0,10.0,790.0,0.0,25.674860364341882,RUNNING,1.0,False,
0.3558,0.0,False,300000.0,1880118.5,0.0,121.75338842192706,125.51895713600727,3.765568714080217,1.0,10.0,790.0,0.0,25.67485824095704,RUNNING,1.0,False,
0.3559,0.0,False,300000.0,1880118.5,0.0,121.14462147981742,124.89136235032724,3.746740870509825,1.0,10.0,790.0,0.0,25.674856116948526,RUNNING,1.0,False,
0.35600000000000004,0.0,False,300000.0,1880118.5,0.0,120.53889837241833,124.2669055385756,3.728007166157269,1.0,10.0,790.0,0.0,25.6748539923195,RUNNING,1.0,False,
0.3561,0.0,False,300000.0,1880118.5,0.0,119.93620388055623,123.64557101088272,3.709367130326484,1.0,10.0,790.0,0.0,25.674851867073095,RUNNING,1.0,False,
0.3562,0.0,False,300000.0,1880118.5,0.0,119.33652286115345,123.0273431558283,3.6908202946748503,1.0,10.0,790.0,0.0,25.67484974121244,RUNNING,1.0,False,
0.3563,0.0,False,300000.0,1880118.5,0.0,118.73984024684769,122.41220644004918,3.6723661932014835,1.0,10.0,790.0,0.0,25.674847614740646,RUNNING,1.0,False,
0.3564,0.0,False,300000.0,1880118.5,0.0,118.14614104561345,121.80014540784892,3.6540043622354688,1.0,10.0,790.0,0.0,25.674845487660804,RUNNING,1.0,False,
0.35650000000000004,0.0,False,300000.0,1880118.5,0.0,117.55541034038538,121.19114468080967,3.6357343404242926,1.0,10.0,790.0,0.0,25.67484335997599,RUNNING,1.0,False,
0.35660000000000003,0.0,False,300000.0,1880118.5,0.0,116.96763328868346,120.58518895740563,3.6175556687221757,1.0,10.0,790.0,0.0,25.67484123168927,RUNNING,1.0,False,
0.3567,0.0,False,300000.0,1880118.5,0.0,116.38279512224004,119.9822630126186,3.5994678903785626,1.0,10.0,790.0,0.0,25.674839102803688,RUNNING,1.0,False,
0.3568,0.0,False,300000.0,1880118.5,0.0,115.80088114662884,119.3823516975555,3.5814705509266673,1.0,10.0,790.0,0.0,25.674836973322275,RUNNING,1.0,False,
0.3569,0.0,False,300000.0,1880118.5,0.0,115.2218767408957,118.78543993906773,3.5635631981720337,1.0,10.0,790.0,0.0,25.67483484324805,RUNNING,1.0,False,
0.35700000000000004,0.0,False,300000.0,1880118.5,0.0,114.64576735719122,118.1915127393724,3.545745382181181,1.0,10.0,790.0,0.0,25.674832712584013,RUNNING,1.0,False,
0.35710000000000003,0.0,False,300000.0,1880118.5,0.0,114.07253852040526,117.60055517567552,3.528016655270264,1.0,10.0,790.0,0.0,25.67483058133315,RUNNING,1.0,False,
0.3572,0.0,False,300000.0,1880118.5,0.0,113.50217582780323,117.01255239979714,3.510376571993916,1.0,10.0,790.0,0.0,25.674828449498435,RUNNING,1.0,False,
0.3573,0.0,False,300000.0,1880118.5,0.0,112.9346649486642,116.42748963779816,3.492824689133954,1.0,10.0,790.0,0.0,25.67482631708282,RUNNING,1.0,False,
0.3574,0.0,False,300000.0,1880118.5,0.0,112.36999162392088,115.84535218960916,3.475360565688277,1.0,10.0,790.0,0.0,25.674824184089253,RUNNING,1.0,False,
0.35750000000000004,0.0,False,300000.0,1880118.5,0.0,111.80814166580127,115.26612542866111,3.4579837628598398,1.0,10.0,790.0,0.0,25.674822050520657,RUNNING,1.0,False,
0.35760000000000003,0.0,False,300000.0,1880118.5,0.0,111.24910095747227,114.6897948015178,3.4406938440455406,1.0,10.0,790.0,0.0,25.674819916379946,RUNNING,1.0,False,
0.3577,0.0,False,300000.0,1880118.5,0.0,110.69285545268491,114.11634582751022,3.423490374825306,1.0,10.0,790.0,0.0,25.67481778167002,RUNNING,1.0,False,
0.3578,0.0,False,300000.0,1880118.5,0.0,110.13939117542148,113.54576409837266,3.406372922951178,1.0,10.0,790.0,0.0,25.67481564639376,RUNNING,1.0,False,
0.3579,0.0,False,300000.0,1880118.5,0.0,109.58869421954438,112.9780352778808,3.389341058336427,1.0,10.0,790.0,0.0,25.674813510554035,RUNNING,1.0,False,
0.35800000000000004,0.0,False,300000.0,1880118.5,0.0,109.04075074844665,112.4131451014914,3.37239435304474,1.0,10.0,790.0,0.0,25.674811374153702,RUNNING,1.0,False,
0.35810000000000003,0.0,False,300000.0,1880118.5,0.0,108.49554699470443,111.85107937598394,3.3555323812795166,1.0,10.0,790.0,0.0,25.6748092371956,RUNNING,1.0,False,
0.3582,0.0,False,300000.0,1880118.5,0.0,107.95306925973091,111.29182397910404,3.338754719373128,1.0,10.0,790.0,0.0,25.674807099682557,RUNNING,1.0,False,
0.3583,0.0,False,300000.0,1880118.5,0.0,107.41330391343226,110.73536485920852,3.3220609457762578,1.0,10.0,790.0,0.0,25.674804961617383,RUNNING,1.0,False,
0.3584,0.0,False,300000.0,1880118.5,0.0,106.8762373938651,110.18168803491247,3.305450641047372,1.0,10.0,790.0,0.0,25.674802823002874,RUNNING,1.0,False,
0.35850000000000004,0.0,False,300000.0,1880118.5,0.0,106.34185620689577,109.63077959473792,3.2889233878421464,1.0,10.0,790.0,0.0,25.67480068384182,RUNNING,1.0,False,
0.35860000000000003,0.0,False,300000.0,1880118.5,0.0,105.81014692586129,109.08262569676423,3.2724787709029357,1.0,10.0,790.0,0.0,25.674798544136987,RUNNING,1.0,False,
0.3587,0.0,False,300000.0,1880118.5,0.0,105.28109619123198,108.5372125682804,3.2561163770484143,1.0,10.0,790.0,0.0,25.674796403891133,RUNNING,1.0,False,
0.3588,0.0,False,300000.0,1880118.5,0.0,104.75469071027582,107.994526505439,3.2398357951631738,1.0,10.0,790.0,0.0,25.674794263107,RUNNING,1.0,False,
0.3589,0.0,False,300000.0,1880118.5,0.0,104.23091725672444,107.4545538729118,3.2236366161873633,1.0,10.0,790.0,0.0,25.674792121787316,RUNNING,1.0,False,
0.35900000000000004,0.0,False,300000.0,1880118.5,0.0,103.70976267044081,106.91728110354723,3.207518433106415,1.0,10.0,790.0,0.0,25.674789979934797,RUNNING,1.0,False,
0.35910000000000003,0.0,False,300000.0,1880118.5,0.0,103.19121385708861,106.3826946980295,3.1914808409408835,1.0,10.0,790.0,0.0,25.674787837552145,RUNNING,1.0,False,
0.3592,0.0,False,300000.0,1880118.5,0.0,102.67525778780318,105.85078122453936,3.175523436736185,1.0,10.0,790.0,0.0,25.674785694642047,RUNNING,1.0,False,
0.3593,0.0,False,300000.0,1880118.5,0.0,102.16188149886416,105.32152731841667,3.159645819552509,1.0,10.0,790.0,0.0,25.67478355120718,RUNNING,1.0,False,
0.3594,0.0,False,300000.0,1880118.5,0.0,101.65107209136984,104.79491968182458,3.1438475904547403,1.0,10.0,790.0,0.0,25.674781407250205,RUNNING,1.0,False,
0.35950000000000004,0.0,False,300000.0,1880118.5,0.0,101.142816730913,104.27094508341547,3.128128352502472,1.0,10.0,790.0,0.0,25.674779262773768,RUNNING,1.0,False,
0.35960000000000003,0.0,False,300000.0,1880118.5,0.0,100.63710264725843,103.74959035799839,3.1124877107399556,1.0,10.0,790.0,0.0,25.674777117780504,RUNNING,1.0,False,
0.3597,0.0,False,300000.0,1880118.5,0.0,100.13391713402214,103.2308424062084,3.0969252721862546,1.0,10.0,790.0,0.0,25.674774972273035,RUNNING,1.0,False,
0.3598,0.0,False,300000.0,1880118.5,0.0,99.63324754835203,102.71468819417736,3.0814406458253245,1.0,10.0,790.0,0.0,25.67477282625397,RUNNING,1.0,False,
0.3599,0.0,False,300000.0,1880118.5,0.0,99.13508131061027,102.20111475320647,3.0660334425961935,1.0,10.0,790.0,0.0,25.674770679725906,RUNNING,1.0,False,
0.36000000000000004,0.0,False,300000.0,1880118.5,0.0,98.63940590405723,101.69010917944044,3.0507032753832135,1.0,10.0,790.0,0.0,25.674768532691424,RUNNING,1.0,False,
0.36010000000000003,0.0,False,300000.0,1880118.5,0.0,98.14620887453694,101.18165863354324,3.0354497590062977,1.0,10.0,790.0,0.0,25.67476638515309,RUNNING,1.0,False,
0.3602,0.0,False,300000.0,1880118.5,0.0,97.65547783016426,100.67575034037553,3.020272510211271,1.0,10.0,790.0,0.0,25.674764237113468,RUNNING,1.0,False,
0.3603,0.0,False,300000.0,1880118.5,0.0,97.16720044101343,100.17237158867364,3.0051711476602065,1.0,10.0,790.0,0.0,25.674762088575093,RUNNING,1.0,False,
0.3604,0.0,False,300000.0,1880118.5,0.0,96.68136443880837,99.67150973073028,2.9901452919219054,1.0,10.0,790.0,0.0,25.674759939540504,RUNNING,1.0,False,
0.36050000000000004,0.0,False,300000.0,1880118.5,0.0,96.19795761661433,99.17315218207663,2.975194565462303,1.0,10.0,790.0,0.0,25.674757790012215,RUNNING,1.0,False,
0.36060000000000003,0.0,False,300000.0,1880118.5,0.0,95.71696782853127,98.67728642116626,2.960318592634991,1.0,10.0,790.0,0.0,25.674755639992735,RUNNING,1.0,False,
0.3607,0.0,False,300000.0,1880118.5,0.0,95.23838298938861,98.18389998906042,2.94551699967181,1.0,10.0,790.0,0.0,25.674753489484555,RUNNING,1.0,False,
0.3608,0.0,False,300000.0,1880118.5,0.0,94.76219107444167,97.69298048911513,2.9307894146734554,1.0,10.0,790.0,0.0,25.674751338490157,RUNNING,1.0,False,
0.3609,0.0,False,300000.0,1880118.5,0.0,94.28838011906946,97.20451558666954,2.9161354676000855,1.0,10.0,790.0,0.0,25.674749187012008,RUNNING,1.0,False,
0.36100000000000004,0.0,False,300000.0,1880118.5,0.0,93.8169382184741,96.71849300873619,2.9015547902620824,1.0,10.0,790.0,0.0,25.674747035052565,RUNNING,1.0,False,
0.36110000000000003,0.0,False,300000.0,1880118.5,0.0,93.34785352738173,96.2349005436925,2.887047016310774,1.0,10.0,790.0,0.0,25.674744882614274,RUNNING,1.0,False,
0.3612,0.0,False,300000.0,1880118.5,0.0,92.88111425974482,95.75372604097404,2.8726117812292244,1.0,10.0,790.0,0.0,25.674742729699567,RUNNING,1.0,False,
0.3613,0.0,False,300000.0,1880118.5,0.0,92.41670868844609,95.27495741076918,2.858248722323083,1.0,10.0,790.0,0.0,25.67474057631086,RUNNING,1.0,False,
0.3614,0.0,False,300000.0,1880118.5,0.0,91.95462514500386,94.79858262371532,2.8439574787114594,1.0,10.0,790.0,0.0,25.674738422450563,RUNNING,1.0,False,
0.36150000000000004,0.0,False,300000.0,1880118.5,0.0,91.49485201927884,94.32458971059674,2.829737691317902,1.0,10.0,790.0,0.0,25.67473626812107,RUNNING,1.0,False,
0.36160000000000003,0.0,False,300000.0,1880118.5,0.0,91.03737775918245,93.85296676204376,2.8155890028613157,1.0,10.0,790.0,0.0,25.674734113324767,RUNNING,1.0,False,
0.3617,0.0,False,300000.0,1880118.5,0.0,90.58219087038654,93.38370192823355,2.8015110578470086,1.0,10.0,790.0,0.0,25.674731958064022,RUNNING,1.0,False,
0.3618,0.0,False,300000.0,1880118.5,0.0,90.1292799160346,92.91678341859237,2.787503502557769,1.0,10.0,790.0,0.0,25.674729802341197,RUNNING,1.0,False,
0.3619,0.0,False,300000.0,1880118.5,0.0,89.67863351645443,92.45219950149941,2.773565985044982,1.0,10.0,790.0,0.0,25.67472764615864,RUNNING,1.0,False,
0.36200000000000004,0.0,False,300000.0,1880118.5,0.0,89.23024034887216,91.98993850399192,2.7596981551197644,1.0,10.0,790.0,0.0,25.674725489518686,RUNNING,1.0,False,
0.36210000000000003,0.0,False,300000.0,1880118.5,0.0,88.7840891471278,91.52998881147197,2.745899664344165,1.0,10.0,790.0,0.0,25.67472333242366,RUNNING,1.0,False,
0.3622,0.0,False,300000.0,1880118.5,0.0,88.34016870139216,91.0723388674146,2.732170166022442,1.0,10.0,790.0,0.0,25.674721174875874,RUNNING,1.0,False,
0.3623,0.0,False,300000.0,1880118.5,0.0,87.8984678578852,90.61697717307752,2.718509315192321,1.0,10.0,790.0,0.0,25.67471901687763,RUNNING,1.0,False,
0.3624,0.0,False,300000.0,1880118.5,0.0,87.45897551859576,90.16389228721214,2.7049167686163713,1.0,10.0,790.0,0.0,25.674716858431218,RUNNING,1.0,False,
0.36250000000000004,0.0,False,300000.0,1880118.5,0.0,87.02168064100279,89.71307282577607,2.691392184773278,1.0,10.0,790.0,0.0,25.674714699538914,RUNNING,1.0,False,
0.36260000000000003,0.0,False,300000.0,1880118.5,0.0,86.58657223779777,89.26450746164718,2.677935223849417,1.0,10.0,790.0,0.0,25.67471254020299,RUNNING,1.0,False,
0.3627,0.0,False,300000.0,1880118.5,0.0,86.15363937660878,88.81818492433895,2.664545547730171,1.0,10.0,790.0,0.0,25.674710380425697,RUNNING,1.0,False,
0.3628,0.0,False,300000.0,1880118.5,0.0,85.72287117972573,88.37409399971725,2.651222819991517,1.0,10.0,790.0,0.0,25.67470822020928,RUNNING,1.0,False,
0.3629,0.0,False,300000.0,1880118.5,0.0,85.2942568238271,87.93222352971866,2.6379667058915572,1.0,10.0,790.0,0.0,25.674706059555973,RUNNING,1.0,False,
0.36300000000000004,0.0,False,300000.0,1880118.5,0.0,84.86778553970797,87.49256241207007,2.624776872362105,1.0,10.0,790.0,0.0,25.674703898468,RUNNING,1.0,False,
0.36310000000000003,0.0,False,300000.0,1880118.5,0.0,84.44344661200942,87.05509960000971,2.6116529880002872,1.0,10.0,790.0,0.0,25.67470173694757,RUNNING,1.0,False,
0.3632,0.0,False,300000.0,1880118.5,0.0,84.02122937894937,86.61982410200966,2.5985947230602875,1.0,10.0,790.0,0.0,25.67469957499688,RUNNING,1.0,False,
0.3633,0.0,False,300000.0,1880118.5,0.0,83.60112323205462,86.18672498149961,2.58560174944499,1.0,10.0,790.0,0.0,25.67469741261812,RUNNING,1.0,False,
0.3634,0.0,False,300000.0,1880118.5,0.0,83.18311761589435,85.75579135659211,2.572673740697766,1.0,10.0,790.0,0.0,25.674695249813468,RUNNING,1.0,False,
0.3635,0.0,False,300000.0,1880118.5,0.0,82.76720202781488,85.32701239980915,2.559810371994274,1.0,10.0,790.0,0.0,25.674693086585094,RUNNING,1.0,False,
0.36360000000000003,0.0,False,300000.0,1880118.5,0.0,82.3533660176758,84.9003773378101,2.5470113201343025,1.0,10.0,790.0,0.0,25.674690922935152,RUNNING,1.0,False,
0.3637,0.0,False,300000.0,1880118.5,0.0,81.94159918758741,84.47587545112104,2.534276263533627,1.0,10.0,790.0,0.0,25.674688758865788,RUNNING,1.0,False,
0.3638,0.0,False,300000.0,1880118.5,0.0,81.53189119164948,84.05349607386545,2.521604882215968,1.0,10.0,790.0,0.0,25.674686594379132,RUNNING,1.0,False,
0.3639,0.0,False,300000.0,1880118.5,0.0,81.12423173569123,83.63322859349611,2.5089968578048882,1.0,10.0,790.0,0.0,25.674684429477313,RUNNING,1.0,False,
0.364,0.0,False,300000.0,1880118.5,0.0,80.71861057701277,83.21506245052863,2.4964518735158663,1.0,10.0,790.0,0.0,25.674682264162442,RUNNING,1.0,False,
0.36410000000000003,0.0,False,300000.0,1880118.5,0.0,80.31501752412771,82.79898713827599,2.483969614148279,1.0,10.0,790.0,0.0,25.674680098436625,RUNNING,1.0,False,
0.3642,0.0,False,300000.0,1880118.5,0.0,79.91344243650707,82.38499220258461,2.471549766077544,1.0,10.0,790.0,0.0,25.67467793230195,RUNNING,1.0,False,
0.3643,0.0,False,300000.0,1880118.5,0.0,79.51387522432454,81.97306724157168,2.4591920172471475,1.0,10.0,790.0,0.0,25.6746757657605,RUNNING,1.0,False,
0.3644,0.0,False,300000.0,1880118.5,0.0,79.11630584820291,81.56320190536383,2.446896057160913,1.0,10.0,790.0,0.0,25.674673598814348,RUNNING,1.0,False,
0.3645,0.0,False,300000.0,1880118.5,0.0,78.7207243189619,81.15538589583701,2.434661576875115,1.0,10.0,790.0,0.0,25.674671431465555,RUNNING,1.0,False,
0.36460000000000004,0.0,False,300000.0,1880118.5,0.0,78.32712069736709,80.74960896635783,2.422488268990733,1.0,10.0,790.0,0.0,25.67466926371617,RUNNING,1.0,False,
0.3647,0.0,False,300000.0,1880118.5,0.0,77.93548509388026,80.34586092152604,2.4103758276457796,1.0,10.0,790.0,0.0,25.674667095568232,RUNNING,1.0,False,
0.3648,0.0,False,300000.0,1880118.5,0.0,77.54580766841086,79.94413161691841,2.398323948507553,1.0,10.0,790.0,0.0,25.674664927023773,RUNNING,1.0,False,
0.3649,0.0,False,300000.0,1880118.5,0.0,77.1580786300688,79.54441095883382,2.3863323287650218,1.0,10.0,790.0,0.0,25.674662758084814,RUNNING,1.0,False,
0.365,0.0,False,300000.0,1880118.5,0.0,76.77228823691846,79.14668890403965,2.3744006671211935,1.0,10.0,790.0,0.0,25.674660588753365,RUNNING,1.0,False,
0.36510000000000004,0.0,False,300000.0,1880118.5,0.0,76.38842679573386,78.75095545951945,2.3625286637855822,1.0,10.0,790.0,0.0,25.674658419031424,RUNNING,1.0,False,
0.3652,0.0,False,300000.0,1880118.5,0.0,76.0064846617552,78.35720068222186,2.3507160204666633,1.0,10.0,790.0,0.0,25.674656248920982,RUNNING,1.0,False,
0.3653,0.0,False,300000.0,1880118.5,0.0,75.62645223844642,77.96541467881075,2.3389624403643268,1.0,10.0,790.0,0.0,25.67465407842402,RUNNING,1.0,False,
0.3654,0.0,False,300000.0,1880118.5,0.0,75.24831997725418,77.57558760541669,2.3272676281625024,1.0,10.0,790.0,0.0,25.674651907542508,RUNNING,1.0,False,
0.3655,0.0,False,300000.0,1880118.5,0.0,74.87207837736791,77.1877096673896,2.3156312900216847,1.0,10.0,790.0,0.0,25.674649736278404,RUNNING,1.0,False,
0.36560000000000004,0.0,False,300000.0,1880118.5,0.0,74.49771798548107,76.80177111905266,2.3040531335715855,1.0,10.0,790.0,0.0,25.67464756463366,RUNNING,1.0,False,
0.3657,0.0,False,300000.0,1880118.5,0.0,74.12522939555367,76.4177622634574,2.2925328679037307,1.0,10.0,790.0,0.0,25.674645392610216,RUNNING,1.0,False,
0.3658,0.0,False,300000.0,1880118.5,0.0,73.7546032485759,76.03567345214012,2.2810702035642123,1.0,10.0,790.0,0.0,25.674643220210005,RUNNING,1.0,False,
0.3659,0.0,False,300000.0,1880118.5,0.0,73.38583023233302,75.6554950848794,2.2696648525463843,1.0,10.0,790.0,0.0,25.674641047434942,RUNNING,1.0,False,
0.366,0.0,False,300000.0,1880118.5,0.0,73.01890108117135,75.27721760945501,2.2583165282836575,1.0,10.0,790.0,0.0,25.674638874286945,RUNNING,1.0,False,
0.36610000000000004,0.0,False,300000.0,1880118.5,0.0,72.65380657576549,74.90083152140772,2.247024945642238,1.0,10.0,790.0,0.0,25.674636700767916,RUNNING,1.0,False,
0.3662,0.0,False,300000.0,1880118.5,0.0,72.29053754288665,74.52632736380068,2.2357898209140217,1.0,10.0,790.0,0.0,25.674634526879746,RUNNING,1.0,False,
0.3663,0.0,False,300000.0,1880118.5,0.0,71.92908485517222,74.15369572698167,2.224610871809446,1.0,10.0,790.0,0.0,25.674632352624318,RUNNING,1.0,False,
0.3664,0.0,False,300000.0,1880118.5,0.0,71.56943943089635,73.78292724834675,2.2134878174503996,1.0,10.0,790.0,0.0,25.674630178003504,RUNNING,1.0,False,
0.3665,0.0,False,300000.0,1880118.5,0.0,71.21159223374187,73.41401261210503,2.2024203783631577,1.0,10.0,790.0,0.0,25.674628003019173,RUNNING,1.0,False,
0.36660000000000004,0.0,False,300000.0,1880118.5,0.0,70.85553427257315,73.04694254904449,2.1914082764713356,1.0,10.0,790.0,0.0,25.674625827673175,RUNNING,1.0,False,
0.3667,0.0,False,300000.0,1880118.5,0.0,70.50125660121029,72.68170783629927,2.180451235088981,1.0,10.0,790.0,0.0,25.67462365196736,RUNNING,1.0,False,
0.3668,0.0,False,300000.0,1880118.5,0.0,70.14875031820424,72.31829929711778,2.1695489789135394,1.0,10.0,790.0,0.0,25.67462147590356,RUNNING,1.0,False,
0.3669,0.0,False,300000.0,1880118.5,0.0,69.79800656661321,71.95670780063217,2.158701234018963,1.0,10.0,790.0,0.0,25.674619299483606,RUNNING,1.0,False,
0.367,0.0,False,300000.0,1880118.5,0.0,69.44901653378014,71.59692426162901,2.1479077278488745,1.0,10.0,790.0,0.0,25.674617122709314,RUNNING,1.0,False,
0.36710000000000004,0.0,False,300000.0,1880118.5,0.0,69.10177145111123,71.23893964032087,2.137168189209632,1.0,10.0,790.0,0.0,25.674614945582498,RUNNING,1.0,False,
0.3672,0.0,False,300000.0,1880118.5,0.0,68.75626259385568,70.88274494211926,2.126482348263579,1.0,10.0,790.0,0.0,25.674612768104954,RUNNING,1.0,False,
0.3673,0.0,False,300000.0,1880118.5,0.0,68.4124812808864,70.52833121740866,2.1158499365222667,1.0,10.0,790.0,0.0,25.674610590278473,RUNNING,1.0,False,
0.3674,0.0,False,300000.0,1880118.5,0.0,68.07041887448196,70.1756895613216,2.1052706868396456,1.0,10.0,790.0,0.0,25.674608412104835,RUNNING,1.0,False,
0.3675,0.0,False,300000.0,1880118.5,0.0,67.73006678010955,69.82481111351501,2.0947443334054583,1.0,10.0,790.0,0.0,25.674606233585816,RUNNING,1.0,False,
0.36760000000000004,0.0,False,300000.0,1880118.5,0.0,67.391416446209,69.47568705794743,2.084270611738418,1.0,10.0,790.0,0.0,25.674604054723183,RUNNING,1.0,False,
0.3677,0.0,False,300000.0,1880118.5,0.0,67.05445936397797,69.1283086226577,2.0738492586797292,1.0,10.0,790.0,0.0,25.674601875518686,RUNNING,1.0,False,
0.3678,0.0,False,300000.0,1880118.5,0.0,66.71918706715807,68.78266707954441,2.0634800123863357,1.0,10.0,790.0,0.0,25.674599695974077,RUNNING,1.0,False,
0.3679,0.0,False,300000.0,1880118.5,0.0,66.38559113182228,68.43875374414668,2.0531626123243996,1.0,10.0,790.0,0.0,25.67459751609109,RUNNING,1.0,False,
0.368,0.0,False,300000.0,1880118.5,0.0,66.05366317616317,68.09655997542595,2.0428967992627776,1.0,10.0,790.0,0.0,25.67459533587146,RUNNING,1.0,False,
0.36810000000000004,0.0,False,300000.0,1880118.5,0.0,65.72339486028235,67.75607717554882,2.03268231526647,1.0,10.0,790.0,0.0,25.6745931553169,RUNNING,1.0,False,
0.3682,0.0,False,300000.0,1880118.5,0.0,65.39477788598094,67.41729678967108,2.022518903690141,1.0,10.0,790.0,0.0,25.674590974429126,RUNNING,1.0,False,
0.3683,0.0,False,300000.0,1880118.5,0.0,65.06780399655104,67.08021030572272,2.0124063091716806,1.0,10.0,790.0,0.0,25.674588793209843,RUNNING,1.0,False,
0.3684,0.0,False,300000.0,1880118.5,0.0,64.74246497656829,66.74480925419411,2.0023442776258236,1.0,10.0,790.0,0.0,25.674586611660743,RUNNING,1.0,False,
0.3685,0.0,False,300000.0,1880118.5,0.0,64.41875265168544,66.41108520792314,1.9923325562376988,1.0,10.0,790.0,0.0,25.674584429783515,RUNNING,1.0,False,
0.36860000000000004,0.0,False,300000.0,1880118.5,0.0,64.09665888842702,66.07902978188352,1.9823708934565047,1.0,10.0,790.0,0.0,25.674582247579835,RUNNING,1.0,False,
0.3687,0.0,False,300000.0,1880118.5,0.0,63.77617559398488,65.7486346329741,1.9724590389892214,1.0,10.0,790.0,0.0,25.674580065051373,RUNNING,1.0,False,
0.3688,0.0,False,300000.0,1880118.5,0.0,63.45729471601496,65.41989145980924,1.962596743794279,1.0,10.0,790.0,0.0,25.67457788219979,RUNNING,1.0,False,
0.3689,0.0,False,300000.0,1880118.5,0.0,63.14000824243488,65.0927920025102,1.952783760075313,1.0,10.0,790.0,0.0,25.674575699026743,RUNNING,1.0,False,
0.369,0.0,False,300000.0,1880118.5,0.0,62.824308201222706,64.76732804249764,1.943019841274932,1.0,10.0,790.0,0.0,25.674573515533872,RUNNING,1.0,False,
0.36910000000000004,0.0,False,300000.0,1880118.5,0.0,62.51018666021659,64.44349140228515,1.9333047420685574,1.0,10.0,790.0,0.0,25.674571331722817,RUNNING,1.0,False,
0.36920000000000003,0.0,False,300000.0,1880118.5,0.0,62.19763572691551,64.12127394527371,1.9236382183582066,1.0,10.0,790.0,0.0,25.674569147595204,RUNNING,1.0,False,
0.3693,0.0,False,300000.0,1880118.5,0.0,61.886647548280926,63.80066757554735,1.9140200272664245,1.0,10.0,790.0,0.0,25.674566963152653,RUNNING,1.0,False,
0.3694,0.0,False,300000.0,1880118.5,0.0,61.577214310539524,63.48166423766961,1.9044499271300879,1.0,10.0,790.0,0.0,25.67456477839678,RUNNING,1.0,False,
0.3695,0.0,False,300000.0,1880118.5,0.0,61.26932823898683,63.16425591648127,1.8949276774944366,1.0,10.0,790.0,0.0,25.67456259332918,RUNNING,1.0,False,
0.36960000000000004,0.0,False,300000.0,1880118.5,0.0,60.962981597791895,62.848434636898865,1.8854530391069702,1.0,10.0,790.0,0.0,25.67456040795146,RUNNING,1.0,False,
0.36970000000000003,0.0,False,300000.0,1880118.5,0.0,60.65816668980293,62.53419246371436,1.8760257739114294,1.0,10.0,790.0,0.0,25.6745582222652,RUNNING,1.0,False,
0.3698,0.0,False,300000.0,1880118.5,0.0,60.35487585635392,62.2215215013958,1.8666456450418778,1.0,10.0,790.0,0.0,25.674556036271987,RUNNING,1.0,False,
0.3699,0.0,False,300000.0,1880118.5,0.0,60.053101477072154,61.91041389388882,1.8573124168166686,1.0,10.0,790.0,0.0,25.67455384997339,RUNNING,1.0,False,
0.37,0.0,False,300000.0,1880118.5,0.0,59.75283596968679,61.600861824419376,1.8480258547325832,1.0,10.0,790.0,0.0,25.67455166337097,RUNNING,1.0,False,
0.37010000000000004,0.0,False,300000.0,1880118.5,0.0,59.45407178983836,61.29285751529728,1.8387857254589193,1.0,10.0,790.0,0.0,25.674549476466286,RUNNING,1.0,False,
0.37020000000000003,0.0,False,300000.0,1880118.5,0.0,59.15680143088917,60.9863932277208,1.8295917968316289,1.0,10.0,790.0,0.0,25.67454728926089,RUNNING,1.0,False,
0.3703,0.0,False,300000.0,1880118.5,0.0,58.86101742373472,60.68146126158219,1.8204438378474705,1.0,10.0,790.0,0.0,25.67454510175632,RUNNING,1.0,False,
0.3704,0.0,False,300000.0,1880118.5,0.0,58.56671233661605,60.37805395527428,1.8113416186582327,1.0,10.0,790.0,0.0,25.67454291395411,RUNNING,1.0,False,
0.3705,0.0,False,300000.0,1880118.5,0.0,58.27387877493297,60.0761636854979,1.8022849105649357,1.0,10.0,790.0,0.0,25.674540725855785,RUNNING,1.0,False,
0.37060000000000004,0.0,False,300000.0,1880118.5,0.0,57.9825093810583,59.77578286707041,1.7932734860121116,1.0,10.0,790.0,0.0,25.674538537462862,RUNNING,1.0,False,
0.37070000000000003,0.0,False,300000.0,1880118.5,0.0,57.69259683415301,59.476903952735064,1.7843071185820563,1.0,10.0,790.0,0.0,25.674536348776854,RUNNING,1.0,False,
0.3708,0.0,False,300000.0,1880118.5,0.0,57.404133849982244,59.17951943297139,1.775385582989145,1.0,10.0,790.0,0.0,25.67453415979926,RUNNING,1.0,False,
0.3709,0.0,False,300000.0,1880118.5,0.0,57.11711318073233,58.88362183580653,1.7665086550741975,1.0,10.0,790.0,0.0,25.674531970531582,RUNNING,1.0,False,
0.371,0.0,False,300000.0,1880118.5,0.0,56.83152761482867,58.5892037266275,1.7576761117988298,1.0,10.0,790.0,0.0,25.674529780975302,RUNNING,1.0,False,
0.37110000000000004,0.0,False,300000.0,1880118.5,0.0,56.54736997675453,58.296257707994364,1.748887731239833,1.0,10.0,790.0,0.0,25.674527591131902,RUNNING,1.0,False,
0.37120000000000003,0.0,False,300000.0,1880118.5,0.0,56.264633126870756,58.00477641945439,1.7401432925836318,1.0,10.0,790.0,0.0,25.674525401002857,RUNNING,1.0,False,
0.3713,0.0,False,300000.0,1880118.5,0.0,55.9833099612364,57.714752537357114,1.7314425761207133,1.0,10.0,790.0,0.0,25.67452321058963,RUNNING,1.0,False,
0.3714,0.0,False,300000.0,1880118.5,0.0,55.70339341143022,57.42617877467033,1.7227853632401136,1.0,10.0,790.0,0.0,25.67452101989368,RUNNING,1.0,False,
0.3715,0.0,False,300000.0,1880118.5,0.0,55.42487644437307,57.13904788079698,1.7141714364239107,1.0,10.0,790.0,0.0,25.67451882891646,RUNNING,1.0,False,
0.37160000000000004,0.0,False,300000.0,1880118.5,0.0,55.147752062151206,56.853352641392995,1.7056005792417892,1.0,10.0,790.0,0.0,25.674516637659412,RUNNING,1.0,False,
0.37170000000000003,0.0,False,300000.0,1880118.5,0.0,54.87201330184045,56.56908587818603,1.6970725763455832,1.0,10.0,790.0,0.0,25.674514446123972,RUNNING,1.0,False,
0.3718,0.0,False,300000.0,1880118.5,0.0,54.597653235331244,56.2862404487951,1.6885872134638547,1.0,10.0,790.0,0.0,25.67451225431157,RUNNING,1.0,False,
0.3719,0.0,False,300000.0,1880118.5,0.0,54.32466496915459,56.004809246551126,1.6801442773965363,1.0,10.0,790.0,0.0,25.67451006222363,RUNNING,1.0,False,
0.372,0.0,False,300000.0,1880118.5,0.0,54.05304164430882,55.72478520031837,1.6717435560095524,1.0,10.0,790.0,0.0,25.674507869861564,RUNNING,1.0,False,
0.37210000000000004,0.0,False,300000.0,1880118.5,0.0,53.782776436087275,55.44616127431678,1.6633848382295042,1.0,10.0,790.0,0.0,25.674505677226783,RUNNING,1.0,False,
0.37220000000000003,0.0,False,300000.0,1880118.5,0.0,53.51386255390684,55.168930467945195,1.655067914038355,1.0,10.0,790.0,0.0,25.674503484320688,RUNNING,1.0,False,
0.3723,0.0,False,300000.0,1880118.5,0.0,53.24629324113731,54.893085815605474,1.646792574468165,1.0,10.0,790.0,0.0,25.674501291144672,RUNNING,1.0,False,
0.3724,0.0,False,300000.0,1880118.5,0.0,52.98006177493162,54.618620386527446,1.6385586115958262,1.0,10.0,790.0,0.0,25.67449909770012,RUNNING,1.0,False,
0.3725,0.0,False,300000.0,1880118.5,0.0,52.71516146605696,54.34552728459481,1.6303658185378467,1.0,10.0,790.0,0.0,25.674496903988416,RUNNING,1.0,False,
0.37260000000000004,0.0,False,300000.0,1880118.5,0.0,52.45158565872668,54.073799648171835,1.6222139894451573,1.0,10.0,790.0,0.0,25.67449471001093,RUNNING,1.0,False,
0.37270000000000003,0.0,False,300000.0,1880118.5,0.0,52.18932773043304,53.803430649930974,1.614102919497931,1.0,10.0,790.0,0.0,25.67449251576903,RUNNING,1.0,False,
0.3728,0.0,False,300000.0,1880118.5,0.0,51.92838109178088,53.53441349668132,1.6060324049004393,1.0,10.0,790.0,0.0,25.674490321264074,RUNNING,1.0,False,
0.3729,0.0,False,300000.0,1880118.5,0.0,51.66873918632197,53.26674142919791,1.5980022428759355,1.0,10.0,790.0,0.0,25.674488126497415,RUNNING,1.0,False,
0.373,0.0,False,300000.0,1880118.5,0.0,51.410395490390364,53.000407722051925,1.5900122316615608,1.0,10.0,790.0,0.0,25.6744859314704,RUNNING,1.0,False,
0.37310000000000004,0.0,False,300000.0,1880118.5,0.0,51.15334351293841,52.73540568344166,1.5820621705032494,1.0,10.0,790.0,0.0,25.67448373618437,RUNNING,1.0,False,
0.37320000000000003,0.0,False,300000.0,1880118.5,0.0,50.89757679537372,52.47172865502446,1.5741518596507333,1.0,10.0,790.0,0.0,25.674481540640656,RUNNING,1.0,False,
0.3733,0.0,False,300000.0,1880118.5,0.0,50.64308891139685,52.209370011749336,1.5662811003524837,1.0,10.0,790.0,0.0,25.67447934484058,RUNNING,1.0,False,
0.3734,0.0,False,300000.0,1880118.5,0.0,50.389873466839866,51.94832316169059,1.5584496948507223,1.0,10.0,790.0,0.0,25.674477148785467,RUNNING,1.0,False,
0.3735,0.0,False,300000.0,1880118.5,0.0,50.13792409950567,51.68858154588213,1.5506574463764622,1.0,10.0,790.0,0.0,25.67447495247663,RUNNING,1.0,False,
0.37360000000000004,0.0,False,300000.0,1880118.5,0.0,49.88723447900814,51.43013863815273,1.5429041591445838,1.0,10.0,790.0,0.0,25.674472755915367,RUNNING,1.0,False,
0.37370000000000003,0.0,False,300000.0,1880118.5,0.0,49.6377983066131,51.17298794496196,1.5351896383488608,1.0,10.0,790.0,0.0,25.674470559102986,RUNNING,1.0,False,
0.3738,0.0,False,300000.0,1880118.5,0.0,49.38960931508004,50.91712300523715,1.5275136901571145,1.0,10.0,790.0,0.0,25.674468362040777,RUNNING,1.0,False,
0.3739,0.0,False,300000.0,1880118.5,0.0,49.14266126850464,50.66253739021097,1.5198761217063321,1.0,10.0,790.0,0.0,25.674466164730028,RUNNING,1.0,False,
0.374,0.0,False,300000.0,1880118.5,0.0,48.896947962162116,50.409224703259916,1.5122767410978,1.0,10.0,790.0,0.0,25.674463967172017,RUNNING,1.0,False,
0.37410000000000004,0.0,False,300000.0,1880118.5,0.0,48.65246322235131,50.157178579743615,1.5047153573923069,1.0,10.0,790.0,0.0,25.67446176936802,RUNNING,1.0,False,
0.37420000000000003,0.0,False,300000.0,1880118.5,0.0,48.409200906239555,49.9063926868449,1.4971917806053483,1.0,10.0,790.0,0.0,25.6744595713193,RUNNING,1.0,False,
0.3743,0.0,False,300000.0,1880118.5,0.0,48.16715490170836,49.65686072341068,1.489705821702323,1.0,10.0,790.0,0.0,25.67445737302712,RUNNING,1.0,False,
0.3744,0.0,False,300000.0,1880118.5,0.0,47.92631912719982,49.408576419793626,1.4822572925938076,1.0,10.0,790.0,0.0,25.67445517449274,RUNNING,1.0,False,
0.3745,0.0,False,300000.0,1880118.5,0.0,47.68668753156382,49.16153353769466,1.4748460061308393,1.0,10.0,790.0,0.0,25.6744529757174,RUNNING,1.0,False,
0.37460000000000004,0.0,False,300000.0,1880118.5,0.0,47.448254093906,48.91572587000619,1.46747177610019,1.0,10.0,790.0,0.0,25.674450776702347,RUNNING,1.0,False,
0.37470000000000003,0.0,False,300000.0,1880118.5,0.0,47.21101282343647,48.671147240656154,1.4601344172196846,1.0,10.0,790.0,0.0,25.674448577448818,RUNNING,1.0,False,
0.3748,0.0,False,300000.0,1880118.5,0.0,46.97495775931929,48.42779150445288,1.4528337451335886,1.0,10.0,790.0,0.0,25.67444637795804,RUNNING,1.0,False,
0.3749,0.0,False,300000.0,1880118.5,0.0,46.74008297052269,48.18565254693061,1.4455695764079195,1.0,10.0,790.0,0.0,25.67444417823124,RUNNING,1.0,False,
0.375,0.0,False,300000.0,1880118.5,0.0,46.50638255567008,47.944724284195956,1.4383417285258773,1.0,10.0,790.0,0.0,25.674441978269634,RUNNING,1.0,False,
0.37510000000000004,0.0,False,300000.0,1880118.5,0.0,46.27385064289173,47.70500066277498,1.4311500198832476,1.0,10.0,790.0,0.0,25.67443977807443,RUNNING,1.0,False,
0.37520000000000003,0.0,False,300000.0,1880118.5,0.0,46.04248138967727,47.4664756594611,1.423994269783833,1.0,10.0,790.0,0.0,25.674437577646838,RUNNING,1.0,False,
0.3753,0.0,False,300000.0,1880118.5,0.0,45.81226898272888,47.22914328116379,1.4168742984349123,1.0,10.0,790.0,0.0,25.674435376988054,RUNNING,1.0,False,
0.3754,0.0,False,300000.0,1880118.5,0.0,45.583207637815235,46.99299756475798,1.409789926942743,1.0,10.0,790.0,0.0,25.674433176099274,RUNNING,1.0,False,
0.3755,0.0,False,300000.0,1880118.5,0.0,45.355291599626156,46.758032576934184,1.402740977308028,1.0,10.0,790.0,0.0,25.674430974981686,RUNNING,1.0,False,
0.37560000000000004,0.0,False,300000.0,1880118.5,0.0,45.12851514162803,46.52424241404952,1.3957272724214889,1.0,10.0,790.0,0.0,25.674428773636468,RUNNING,1.0,False,
0.37570000000000003,0.0,False,300000.0,1880118.5,0.0,44.902872565919886,46.29162120197927,1.3887486360593826,1.0,10.0,790.0,0.0,25.6744265720648,RUNNING,1.0,False,
0.3758,0.0,False,300000.0,1880118.5,0.0,44.67835820309028,46.060163095969365,1.3818048928790816,1.0,10.0,790.0,0.0,25.674424370267847,RUNNING,1.0,False,
0.3759,0.0,False,300000.0,1880118.5,0.0,44.45496641207483,45.82986228048952,1.37489586841469,1.0,10.0,790.0,0.0,25.674422168246775,RUNNING,1.0,False,
0.376,0.0,False,300000.0,1880118.5,0.0,44.23269158001446,45.60071296908708,1.3680213890726165,1.0,10.0,790.0,0.0,25.67441996600274,RUNNING,1.0,False,
0.37610000000000005,0.0,False,300000.0,1880118.5,0.0,44.011528122114385,45.37270940424163,1.361181282127248,1.0,10.0,790.0,0.0,25.6744177635369,RUNNING,1.0,False,
0.37620000000000003,0.0,False,300000.0,1880118.5,0.0,43.791470481503815,45.14584585722043,1.3543753757166144,1.0,10.0,790.0,0.0,25.6744155608504,RUNNING,1.0,False,
0.3763,0.0,False,300000.0,1880118.5,0.0,43.57251312909629,44.92011662793433,1.3476034988380334,1.0,10.0,790.0,0.0,25.674413357944374,RUNNING,1.0,False,
0.3764,0.0,False,300000.0,1880118.5,0.0,43.35465056345081,44.69551604479465,1.3408654813438403,1.0,10.0,790.0,0.0,25.674411154819964,RUNNING,1.0,False,
0.3765,0.0,False,300000.0,1880118.5,0.0,43.137877310633556,44.47203846457068,1.3341611539371243,1.0,10.0,790.0,0.0,25.6744089514783,RUNNING,1.0,False,
0.3766,0.0,False,300000.0,1880118.5,0.0,42.92218792408039,44.24967827224783,1.3274903481674372,1.0,10.0,790.0,0.0,25.6744067479205,RUNNING,1.0,False,
0.37670000000000003,0.0,False,300000.0,1880118.5,0.0,42.70757698445999,44.02842988088659,1.3208528964266009,1.0,10.0,790.0,0.0,25.674404544147684,RUNNING,1.0,False,
0.3768,0.0,False,300000.0,1880118.5,0.0,42.49403909953769,43.80828773148215,1.3142486319444657,1.0,10.0,790.0,0.0,25.674402340160967,RUNNING,1.0,False,
0.3769,0.0,False,300000.0,1880118.5,0.0,42.28156890404,43.58924629282475,1.3076773887847466,1.0,10.0,790.0,0.0,25.674400135961452,RUNNING,1.0,False,
0.377,0.0,False,300000.0,1880118.5,0.0,42.0701610595198,43.371300061360614,1.3011390018408164,1.0,10.0,790.0,0.0,25.674397931550246,RUNNING,1.0,False,
0.3771,0.0,False,300000.0,1880118.5,0.0,41.8598102542222,43.15444356105381,1.2946333068316136,1.0,10.0,790.0,0.0,25.67439572692844,RUNNING,1.0,False,
0.37720000000000004,0.0,False,300000.0,1880118.5,0.0,41.65051120295109,42.938671343248544,1.2881601402974567,1.0,10.0,790.0,0.0,25.67439352209713,RUNNING,1.0,False,
0.3773,0.0,False,300000.0,1880118.5,0.0,41.44225864693633,42.723977986532304,1.2817193395959734,1.0,10.0,790.0,0.0,25.674391317057395,RUNNING,1.0,False,
0.3774,0.0,False,300000.0,1880118.5,0.0,41.23504735370165,42.510358096599646,1.275310742897993,1.0,10.0,790.0,0.0,25.674389111810317,RUNNING,1.0,False,
0.3775,0.0,False,300000.0,1880118.5,0.0,41.028872116933144,42.29780630611664,1.268934189183497,1.0,10.0,790.0,0.0,25.67438690635697,RUNNING,1.0,False,
0.3776,0.0,False,300000.0,1880118.5,0.0,40.823727756348475,42.08631727458606,1.2625895182375828,1.0,10.0,790.0,0.0,25.674384700698422,RUNNING,1.0,False,
0.37770000000000004,0.0,False,300000.0,1880118.5,0.0,40.61960911756673,41.875885688213124,1.256276570646392,1.0,10.0,790.0,0.0,25.674382494835736,RUNNING,1.0,False,
0.3778,0.0,False,300000.0,1880118.5,0.0,40.416511071978896,41.666506259772056,1.2499951877931608,1.0,10.0,790.0,0.0,25.674380288769974,RUNNING,1.0,False,
0.3779,0.0,False,300000.0,1880118.5,0.0,40.214428516619,41.4581737284732,1.243745211854197,1.0,10.0,790.0,0.0,25.674378082502184,RUNNING,1.0,False,
0.378,0.0,False,300000.0,1880118.5,0.0,40.01335637403591,41.25088285983083,1.2375264857949233,1.0,10.0,790.0,0.0,25.674375876033416,RUNNING,1.0,False,
0.3781,0.0,False,300000.0,1880118.5,0.0,39.81328959216573,41.044628445531686,1.2313388533659548,1.0,10.0,790.0,0.0,25.674373669364712,RUNNING,1.0,False,
0.37820000000000004,0.0,False,300000.0,1880118.5,0.0,39.6142231442049,40.83940530330402,1.2251821590991199,1.0,10.0,790.0,0.0,25.67437146249711,RUNNING,1.0,False,
0.3783,0.0,False,300000.0,1880118.5,0.0,39.41615202848387,40.635208276787495,1.2190562483036231,1.0,10.0,790.0,0.0,25.67436925543164,RUNNING,1.0,False,
0.3784,0.0,False,300000.0,1880118.5,0.0,39.21907126834145,40.43203223540356,1.2129609670621093,1.0,10.0,790.0,0.0,25.67436704816933,RUNNING,1.0,False,
0.3785,0.0,False,300000.0,1880118.5,0.0,39.022975911999744,40.22987207422654,1.2068961622267977,1.0,10.0,790.0,0.0,25.674364840711203,RUNNING,1.0,False,
0.3786,0.0,False,300000.0,1880118.5,0.0,38.82786103243974,40.02872271385541,1.2008616814156667,1.0,10.0,790.0,0.0,25.674362633058273,RUNNING,1.0,False,
0.37870000000000004,0.0,False,300000.0,1880118.5,0.0,38.633721727277546,39.828579100286134,1.1948573730085883,1.0,10.0,790.0,0.0,25.674360425211553,RUNNING,1.0,False,
0.3788,0.0,False,300000.0,1880118.5,0.0,38.440553118641155,39.629436204784696,1.1888830861435409,1.0,10.0,790.0,0.0,25.67435821717205,RUNNING,1.0,False,
0.3789,0.0,False,300000.0,1880118.5,0.0,38.24835035304795,39.43128902376077,1.1829386707128222,1.0,10.0,790.0,0.0,25.674356008940762,RUNNING,1.0,False,
0.379,0.0,False,300000.0,1880118.5,0.0,38.05710860128271,39.23413257864197,1.1770239773592621,1.0,10.0,790.0,0.0,25.674353800518688,RUNNING,1.0,False,
0.3791,0.0,False,300000.0,1880118.5,0.0,37.866823058276296,39.03796191574876,1.1711388574724637,1.0,10.0,790.0,0.0,25.67435159190682,RUNNING,1.0,False,
0.37920000000000004,0.0,False,300000.0,1880118.5,0.0,37.677488942984915,38.84277210617002,1.1652831631851015,1.0,10.0,790.0,0.0,25.674349383106144,RUNNING,1.0,False,
0.3793,0.0,False,300000.0,1880118.5,0.0,37.48910149826999,38.648558245639165,1.1594567473691768,1.0,10.0,790.0,0.0,25.67434717411764,RUNNING,1.0,False,
0.3794,0.0,False,300000.0,1880118.5,0.0,37.30165599077864,38.45531545441097,1.15365946363233,1.0,10.0,790.0,0.0,25.674344964942282,RUNNING,1.0,False,
0.3795,0.0,False,300000.0,1880118.5,0.0,37.11514771082475,38.26303887713892,1.1478911663141673,1.0,10.0,790.0,0.0,25.674342755581048,RUNNING,1.0,False,
0.3796,0.0,False,300000.0,1880118.5,0.0,36.92957197227063,38.07172368275323,1.142151710482601,1.0,10.0,790.0,0.0,25.6743405460349,RUNNING,1.0,False,
0.37970000000000004,0.0,False,300000.0,1880118.5,0.0,36.74492411240928,37.88136506433946,1.136440951930183,1.0,10.0,790.0,0.0,25.674338336304807,RUNNING,1.0,False,
0.3798,0.0,False,300000.0,1880118.5,0.0,36.56119949184723,37.691958239017765,1.1307587471705318,1.0,10.0,790.0,0.0,25.67433612639172,RUNNING,1.0,False,
0.3799,0.0,False,300000.0,1880118.5,0.0,36.378393494388,37.50349844782268,1.125104953434679,1.0,10.0,790.0,0.0,25.67433391629659,RUNNING,1.0,False,
0.38,0.0,False,300000.0,1880118.5,0.0,36.19650152691606,37.31598095558357,1.1194794286675105,1.0,10.0,790.0,0.0,25.674331706020368,RUNNING,1.0,False,
0.3801,0.0,False,300000.0,1880118.5,0.0,36.01551901928148,37.12940105080565,1.1138820315241702,1.0,10.0,790.0,0.0,25.674329495563995,RUNNING,1.0,False,
0.38020000000000004,0.0,False,300000.0,1880118.5,0.0,35.83544142418507,36.94375404555162,1.1083126213665508,1.0,10.0,790.0,0.0,25.67432728492841,RUNNING,1.0,False,
0.3803,0.0,False,300000.0,1880118.5,0.0,35.65626421706415,36.75903527532387,1.1027710582597194,1.0,10.0,790.0,0.0,25.67432507411455,RUNNING,1.0,False,
0.3804,0.0,False,300000.0,1880118.5,0.0,35.477982895978826,36.57524009894725,1.0972572029684216,1.0,10.0,790.0,0.0,25.674322863123336,RUNNING,1.0,False,
0.3805,0.0,False,300000.0,1880118.5,0.0,35.30059298149893,36.39236389845251,1.0917709169535783,1.0,10.0,790.0,0.0,25.6743206519557,RUNNING,1.0,False,
0.3806,0.0,False,300000.0,1880118.5,0.0,35.12409001659144,36.21040207896025,1.0863120623688118,1.0,10.0,790.0,0.0,25.674318440612556,RUNNING,1.0,False,
0.38070000000000004,0.0,False,300000.0,1880118.5,0.0,34.94846956650848,36.02935006856544,1.0808805020569636,1.0,10.0,790.0,0.0,25.674316229094824,RUNNING,1.0,False,
0.3808,0.0,False,300000.0,1880118.5,0.0,34.77372721867594,35.849203318222614,1.0754760995466768,1.0,10.0,790.0,0.0,25.67431401740341,RUNNING,1.0,False,
0.3809,0.0,False,300000.0,1880118.5,0.0,34.599858582582556,35.6699573016315,1.0700987190489428,1.0,10.0,790.0,0.0,25.674311805539222,RUNNING,1.0,False,
0.381,0.0,False,300000.0,1880118.5,0.0,34.42685928966964,35.49160751512334,1.0647482254536982,1.0,10.0,790.0,0.0,25.67430959350316,RUNNING,1.0,False,
0.3811,0.0,False,300000.0,1880118.5,0.0,34.254724993221295,35.31414947754773,1.0594244843264349,1.0,10.0,790.0,0.0,25.674307381296124,RUNNING,1.0,False,
0.38120000000000004,0.0,False,300000.0,1880118.5,0.0,34.08345136825519,35.137578730159994,1.0541273619048042,1.0,10.0,790.0,0.0,25.674305168919002,RUNNING,1.0,False,
0.38130000000000003,0.0,False,300000.0,1880118.5,0.0,33.913034111413914,34.96189083650919,1.048856725095277,1.0,10.0,790.0,0.0,25.674302956372685,RUNNING,1.0,False,
0.3814,0.0,False,300000.0,1880118.5,0.0,33.74346894085684,34.78708138232664,1.0436124414697971,1.0,10.0,790.0,0.0,25.674300743658055,RUNNING,1.0,False,
0.3815,0.0,False,300000.0,1880118.5,0.0,33.57475159615256,34.61314597541501,1.0383943792624493,1.0,10.0,790.0,0.0,25.674298530775992,RUNNING,1.0,False,
0.3816,0.0,False,300000.0,1880118.5,0.0,33.406877838171795,34.440080245537935,1.03320240736614,1.0,10.0,790.0,0.0,25.674296317727368,RUNNING,1.0,False,
0.38170000000000004,0.0,False,300000.0,1880118.5,0.0,33.239843448980935,34.267879844310244,1.028036395329309,1.0,10.0,790.0,0.0,25.674294104513056,RUNNING,1.0,False,
0.38180000000000003,0.0,False,300000.0,1880118.5,0.0,33.07364423173603,34.09654044508869,1.0228962133526593,1.0,10.0,790.0,0.0,25.67429189113392,RUNNING,1.0,False,
0.3819,0.0,False,300000.0,1880118.5,0.0,32.90827601057735,33.92605774286325,1.017781732285897,1.0,10.0,790.0,0.0,25.67428967759082,RUNNING,1.0,False,
0.382,0.0,False,300000.0,1880118.5,0.0,32.743734630524465,33.756427454148934,1.0126928236244694,1.0,10.0,790.0,0.0,25.67428746388462,RUNNING,1.0,False,
0.3821,0.0,False,300000.0,1880118.5,0.0,32.58001595737184,33.58764531687819,1.0076293595063461,1.0,10.0,790.0,0.0,25.67428525001617,RUNNING,1.0,False,
0.38220000000000004,0.0,False,300000.0,1880118.5,0.0,32.41711587758498,33.4197070902938,1.0025912127088148,1.0,10.0,790.0,0.0,25.674283035986313,RUNNING,1.0,False,
0.38230000000000003,0.0,False,300000.0,1880118.5,0.0,32.255030298197056,33.252608554842325,0.9975782566452693,1.0,10.0,790.0,0.0,25.6742808217959,RUNNING,1.0,False,
0.3824,0.0,False,300000.0,1880118.5,0.0,32.09375514670607,33.086345512068114,0.9925903653620409,1.0,10.0,790.0,0.0,25.67427860744577,RUNNING,1.0,False,
0.3825,0.0,False,300000.0,1880118.5,0.0,31.933286370972542,32.920913784507775,0.9876274135352325,1.0,10.0,790.0,0.0,25.674276392936758,RUNNING,1.0,False,
0.3826,0.0,False,300000.0,1880118.5,0.0,31.77361993911768,32.75630921558524,0.9826892764675605,1.0,10.0,790.0,0.0,25.674274178269695,RUNNING,1.0,False,
0.38270000000000004,0.0,False,300000.0,1880118.5,0.0,31.61475183942209,32.59252766950731,0.9777758300852213,1.0,10.0,790.0,0.0,25.67427196344541,RUNNING,1.0,False,
0.38280000000000003,0.0,False,300000.0,1880118.5,0.0,31.45667808022498,32.429565031159775,0.9728869509347966,1.0,10.0,790.0,0.0,25.674269748464727,RUNNING,1.0,False,
0.3829,0.0,False,300000.0,1880118.5,0.0,31.299394689823853,32.26741720600397,0.9680225161801168,1.0,10.0,790.0,0.0,25.674267533328464,RUNNING,1.0,False,
0.383,0.0,False,300000.0,1880118.5,0.0,31.142897716374733,32.10608011997395,0.9631824035992196,1.0,10.0,790.0,0.0,25.67426531803744,RUNNING,1.0,False,
0.3831,0.0,False,300000.0,1880118.5,0.0,30.98718322779286,31.945549719374082,0.9583664915812236,1.0,10.0,790.0,0.0,25.67426310259246,RUNNING,1.0,False,
0.38320000000000004,0.0,False,300000.0,1880118.5,0.0,30.832247311653894,31.78582197077721,0.9535746591233156,1.0,10.0,790.0,0.0,25.674260886994333,RUNNING,1.0,False,
0.38330000000000003,0.0,False,300000.0,1880118.5,0.0,30.678086075095624,31.626892860923324,0.9488067858276992,1.0,10.0,790.0,0.0,25.674258671243866,RUNNING,1.0,False,
0.3834,0.0,False,300000.0,1880118.5,0.0,30.524695644720147,31.46875839661871,0.9440627518985636,1.0,10.0,790.0,0.0,25.674256455341855,RUNNING,1.0,False,
0.3835,0.0,False,300000.0,1880118.5,0.0,30.372072166496547,31.311414604635615,0.939342438139068,1.0,10.0,790.0,0.0,25.674254239289095,RUNNING,1.0,False,
0.3836,0.0,False,300000.0,1880118.5,0.0,30.220211805664064,31.15485753161244,0.9346457259483749,1.0,10.0,790.0,0.0,25.674252023086378,RUNNING,1.0,False,
0.38370000000000004,0.0,False,300000.0,1880118.5,0.0,30.069110746635744,30.999083243954377,0.9299724973186336,1.0,10.0,790.0,0.0,25.67424980673449,RUNNING,1.0,False,
0.38380000000000003,0.0,False,300000.0,1880118.5,0.0,29.918765192902566,30.844087827734604,0.9253226348320389,1.0,10.0,790.0,0.0,25.674247590234216,RUNNING,1.0,False,
0.3839,0.0,False,300000.0,1880118.5,0.0,29.769171366938053,30.689867388595932,0.9206960216578786,1.0,10.0,790.0,0.0,25.674245373586338,RUNNING,1.0,False,
0.384,0.0,False,300000.0,1880118.5,0.0,29.620325510103363,30.53641805165295,0.9160925415495882,1.0,10.0,790.0,0.0,25.674243156791626,RUNNING,1.0,False,
0.3841,0.0,False,300000.0,1880118.5,0.0,29.472223882552846,30.383735961394688,0.9115120788418416,1.0,10.0,790.0,0.0,25.674240939850854,RUNNING,1.0,False,
0.38420000000000004,0.0,False,300000.0,1880118.5,0.0,29.324862763140082,30.231817281587716,0.906954518447634,1.0,10.0,790.0,0.0,25.67423872276479,RUNNING,1.0,False,
0.38430000000000003,0.0,False,300000.0,1880118.5,0.0,29.178238449324382,30.080658195179776,0.9024197458553935,1.0,10.0,790.0,0.0,25.6742365055342,RUNNING,1.0,False,
0.3844,0.0,False,300000.0,1880118.5,0.0,29.03234725707776,29.930254904203878,0.897907647126118,1.0,10.0,790.0,0.0,25.67423428815984,RUNNING,1.0,False,
0.3845,0.0,False,300000.0,1880118.5,0.0,28.88718552079237,29.780603629682858,0.8934181088904865,1.0,10.0,790.0,0.0,25.674232070642468,RUNNING,1.0,False,
0.3846,0.0,False,300000.0,1880118.5,0.0,28.74274959318841,29.631700611534445,0.8889510183460345,1.0,10.0,790.0,0.0,25.674229852982837,RUNNING,1.0,False,
0.38470000000000004,0.0,False,300000.0,1880118.5,0.0,28.599035845222467,29.483542108476772,0.8845062632543055,1.0,10.0,790.0,0.0,25.674227635181694,RUNNING,1.0,False,
0.38480000000000003,0.0,False,300000.0,1880118.5,0.0,28.456040665996355,29.336124397934388,0.8800837319380328,1.0,10.0,790.0,0.0,25.674225417239786,RUNNING,1.0,False,
0.3849,0.0,False,300000.0,1880118.5,0.0,28.313760462666373,29.189443775944714,0.8756833132783406,1.0,10.0,790.0,0.0,25.674223199157854,RUNNING,1.0,False,
0.385,0.0,False,300000.0,1880118.5,0.0,28.17219166035304,29.04349655706499,0.8713048967119512,1.0,10.0,790.0,0.0,25.674220980936635,RUNNING,1.0,False,
0.3851,0.0,False,300000.0,1880118.5,0.0,28.031330702051275,28.898279074279664,0.8669483722283893,1.0,10.0,790.0,0.0,25.67421876257686,RUNNING,1.0,False,
0.38520000000000004,0.0,False,300000.0,1880118.5,0.0,27.891174048541018,28.753787678908267,0.8626136303672496,1.0,10.0,790.0,0.0,25.674216544079265,RUNNING,1.0,False,
0.38530000000000003,0.0,False,300000.0,1880118.5,0.0,27.75171817829831,28.610018740513723,0.8583005622154118,1.0,10.0,790.0,0.0,25.674214325444574,RUNNING,1.0,False,
0.3854,0.0,False,300000.0,1880118.5,0.0,27.61295958740682,28.466968646811157,0.854009059404337,1.0,10.0,790.0,0.0,25.674212106673508,RUNNING,1.0,False,
0.3855,0.0,False,300000.0,1880118.5,0.0,27.474894789469786,28.3246338035771,0.849739014107314,1.0,10.0,790.0,0.0,25.67420988776679,RUNNING,1.0,False,
0.3856,0.0,False,300000.0,1880118.5,0.0,27.337520315522436,28.183010634559214,0.8454903190367773,1.0,10.0,790.0,0.0,25.67420766872513,RUNNING,1.0,False,
0.38570000000000004,0.0,False,300000.0,1880118.5,0.0,27.200832713944823,28.042095581386416,0.8412628674415927,1.0,10.0,790.0,0.0,25.674205449549245,RUNNING,1.0,False,
0.38580000000000003,0.0,False,300000.0,1880118.5,0.0,27.0648285503751,27.901885103479486,0.8370565531043859,1.0,10.0,790.0,0.0,25.674203230239844,RUNNING,1.0,False,
0.3859,0.0,False,300000.0,1880118.5,0.0,26.929504407623224,27.762375677962087,0.8328712703388632,1.0,10.0,790.0,0.0,25.674201010797628,RUNNING,1.0,False,
0.386,0.0,False,300000.0,1880118.5,0.0,26.79485688558511,27.623563799572278,0.828706913987169,1.0,10.0,790.0,0.0,25.6741987912233,RUNNING,1.0,False,
0.3861,0.0,False,300000.0,1880118.5,0.0,26.660882601157184,27.48544598057442,0.8245633794172349,1.0,10.0,790.0,0.0,25.67419657151756,RUNNING,1.0,False,
0.38620000000000004,0.0,False,300000.0,1880118.5,0.0,26.5275781881514,27.348018750671546,0.8204405625201474,1.0,10.0,790.0,0.0,25.6741943516811,RUNNING,1.0,False,
0.38630000000000003,0.0,False,300000.0,1880118.5,0.0,26.394940297210642,27.21127865691819,0.8163383597075473,1.0,10.0,790.0,0.0,25.674192131714612,RUNNING,1.0,False,
0.3864,0.0,False,300000.0,1880118.5,0.0,26.262965595724587,27.075222263633595,0.8122566679090077,1.0,10.0,790.0,0.0,25.674189911618786,RUNNING,1.0,False,
0.3865,0.0,False,300000.0,1880118.5,0.0,26.131650767745963,26.939846152315425,0.808195384569462,1.0,10.0,790.0,0.0,25.6741876913943,RUNNING,1.0,False,
0.3866,0.0,False,300000.0,1880118.5,0.0,26.000992513907235,26.805146921553852,0.8041544076466174,1.0,10.0,790.0,0.0,25.67418547104184,RUNNING,1.0,False,
0.38670000000000004,0.0,False,300000.0,1880118.5,0.0,25.8709875513377,26.67112118694608,0.8001336356083826,1.0,10.0,790.0,0.0,25.674183250562084,RUNNING,1.0,False,
0.38680000000000003,0.0,False,300000.0,1880118.5,0.0,25.74163261358101,26.537765581011353,0.7961329674303421,1.0,10.0,790.0,0.0,25.674181029955705,RUNNING,1.0,False,
0.3869,0.0,False,300000.0,1880118.5,0.0,25.612924450513106,26.405076753106297,0.7921523025931911,1.0,10.0,790.0,0.0,25.67417880922337,RUNNING,1.0,False,
0.387,0.0,False,300000.0,1880118.5,0.0,25.48485982826054,26.273051369340763,0.7881915410802236,1.0,10.0,790.0,0.0,25.67417658836575,RUNNING,1.0,False,
0.3871,0.0,False,300000.0,1880118.5,0.0,25.357435529119236,26.14168611249406,0.7842505833748241,1.0,10.0,790.0,0.0,25.674174367383507,RUNNING,1.0,False,
0.38720000000000004,0.0,False,300000.0,1880118.5,0.0,25.23064835147364,26.01097768193159,0.780329330457949,1.0,10.0,790.0,0.0,25.674172146277304,RUNNING,1.0,False,
0.38730000000000003,0.0,False,300000.0,1880118.5,0.0,25.10449510971627,25.88092279352193,0.7764276838056574,1.0,10.0,790.0,0.0,25.674169925047792,RUNNING,1.0,False,
0.3874,0.0,False,300000.0,1880118.5,0.0,24.97897263416769,25.75151817955432,0.772545545386631,1.0,10.0,790.0,0.0,25.67416770369563,RUNNING,1.0,False,
0.3875,0.0,False,300000.0,1880118.5,0.0,24.854077770996852,25.62276058865655,0.7686828176596983,1.0,10.0,790.0,0.0,25.67416548222147,RUNNING,1.0,False,
0.3876,0.0,False,300000.0,1880118.5,0.0,24.729807382141868,25.494646785713265,0.764839403571397,1.0,10.0,790.0,0.0,25.674163260625956,RUNNING,1.0,False,
0.38770000000000004,0.0,False,300000.0,1880118.5,0.0,24.606158345231158,25.3671735517847,0.7610152065535409,1.0,10.0,790.0,0.0,25.674161038909734,RUNNING,1.0,False,
0.38780000000000003,0.0,False,300000.0,1880118.5,0.0,24.483127553505003,25.24033768402578,0.7572101305207752,1.0,10.0,790.0,0.0,25.674158817073444,RUNNING,1.0,False,
0.3879,0.0,False,300000.0,1880118.5,0.0,24.36071191573748,25.11413599560565,0.7534240798681715,1.0,10.0,790.0,0.0,25.674156595117726,RUNNING,1.0,False,
0.388,0.0,False,300000.0,1880118.5,0.0,24.23890835615879,24.98856531562762,0.7496569594688296,1.0,10.0,790.0,0.0,25.674154373043212,RUNNING,1.0,False,
0.3881,0.0,False,300000.0,1880118.5,0.0,24.117713814377996,24.863622489049483,0.7459086746714867,1.0,10.0,790.0,0.0,25.674152150850535,RUNNING,1.0,False,
0.38820000000000005,0.0,False,300000.0,1880118.5,0.0,23.997125245306105,24.73930437660423,0.7421791312981263,1.0,10.0,790.0,0.0,25.67414992854032,RUNNING,1.0,False,
0.38830000000000003,0.0,False,300000.0,1880118.5,0.0,23.877139619079575,24.615607854721212,0.738468235641637,1.0,10.0,790.0,0.0,25.674147706113196,RUNNING,1.0,False,
0.3884,0.0,False,300000.0,1880118.5,0.0,23.757753920984175,24.492529815447604,0.7347758944634286,1.0,10.0,790.0,0.0,25.674145483569784,RUNNING,1.0,False,
0.3885,0.0,False,300000.0,1880118.5,0.0,23.638965151379253,24.370067166370365,0.7311020149911123,1.0,10.0,790.0,0.0,25.674143260910704,RUNNING,1.0,False,
0.3886,0.0,False,300000.0,1880118.5,0.0,23.520770325622358,24.248216830538514,0.7274465049161556,1.0,10.0,790.0,0.0,25.67414103813657,RUNNING,1.0,False,
0.38870000000000005,0.0,False,300000.0,1880118.5,0.0,23.403166473994247,24.126975746385824,0.723809272391577,1.0,10.0,790.0,0.0,25.674138815247993,RUNNING,1.0,False,
0.38880000000000003,0.0,False,300000.0,1880118.5,0.0,23.286150641624275,24.006340867653893,0.7201902260296187,1.0,10.0,790.0,0.0,25.674136592245585,RUNNING,1.0,False,
0.3889,0.0,False,300000.0,1880118.5,0.0,23.169719888416154,23.886309163315623,0.7165892748994693,1.0,10.0,790.0,0.0,25.674134369129952,RUNNING,1.0,False,
0.389,0.0,False,300000.0,1880118.5,0.0,23.053871288974072,23.766877617499045,0.7130063285249726,1.0,10.0,790.0,0.0,25.674132145901698,RUNNING,1.0,False,
0.3891,0.0,False,300000.0,1880118.5,0.0,22.938601932529203,23.64804322941155,0.7094412968823463,1.0,10.0,790.0,0.0,25.674129922561423,RUNNING,1.0,False,
0.38920000000000005,0.0,False,300000.0,1880118.5,0.0,22.823908922866558,23.529803013264495,0.7058940903979369,1.0,10.0,790.0,0.0,25.674127699109725,RUNNING,1.0,False,
0.38930000000000003,0.0,False,300000.0,1880118.5,0.0,22.709789378252225,23.41215399819817,0.7023646199459463,1.0,10.0,790.0,0.0,25.674125475547196,RUNNING,1.0,False,
0.3894,0.0,False,300000.0,1880118.5,0.0,22.596240431360965,23.29509322820718,0.6988527968462144,1.0,10.0,790.0,0.0,25.67412325187443,RUNNING,1.0,False,
0.3895,0.0,False,300000.0,1880118.5,0.0,22.483259229204158,23.178617762066143,0.6953585328619845,1.0,10.0,790.0,0.0,25.674121028092017,RUNNING,1.0,False,
0.3896,0.0,False,300000.0,1880118.5,0.0,22.37084293305814,23.062724673255815,0.691881740197676,1.0,10.0,790.0,0.0,25.674118804200543,RUNNING,1.0,False,
0.38970000000000005,0.0,False,300000.0,1880118.5,0.0,22.25898871839285,22.947411049889535,0.6884223314966853,1.0,10.0,790.0,0.0,25.674116580200586,RUNNING,1.0,False,
0.38980000000000004,0.0,False,300000.0,1880118.5,0.0,22.147693774800885,22.83267399464009,0.6849802198392041,1.0,10.0,790.0,0.0,25.67411435609273,RUNNING,1.0,False,
0.3899,0.0,False,300000.0,1880118.5,0.0,22.03695530592688,22.718510624666887,0.6815553187400063,1.0,10.0,790.0,0.0,25.67411213187755,RUNNING,1.0,False,
0.39,0.0,False,300000.0,1880118.5,0.0,21.926770529397245,22.60491807154355,0.6781475421463057,1.0,10.0,790.0,0.0,25.67410990755562,RUNNING,1.0,False,
0.3901,0.0,False,300000.0,1880118.5,0.0,21.81713667675026,22.491893481185834,0.6747568044355745,1.0,10.0,790.0,0.0,25.674107683127513,RUNNING,1.0,False,
0.3902,0.0,False,300000.0,1880118.5,0.0,21.70805099336651,22.379434013779907,0.6713830204133977,1.0,10.0,790.0,0.0,25.674105458593797,RUNNING,1.0,False,
0.39030000000000004,0.0,False,300000.0,1880118.5,0.0,21.599510738399676,22.267536843711007,0.6680261053113306,1.0,10.0,790.0,0.0,25.674103233955034,RUNNING,1.0,False,
0.3904,0.0,False,300000.0,1880118.5,0.0,21.491513184707678,22.156199159492452,0.6646859747847742,1.0,10.0,790.0,0.0,25.67410100921179,RUNNING,1.0,False,
0.3905,0.0,False,300000.0,1880118.5,0.0,21.38405561878414,22.04541816369499,0.6613625449108511,1.0,10.0,790.0,0.0,25.674098784364624,RUNNING,1.0,False,
0.3906,0.0,False,300000.0,1880118.5,0.0,21.27713534069022,21.935191072876513,0.6580557321862948,1.0,10.0,790.0,0.0,25.674096559414092,RUNNING,1.0,False,
0.3907,0.0,False,300000.0,1880118.5,0.0,21.17074966398677,21.825515117512133,0.6547654535253642,1.0,10.0,790.0,0.0,25.674094334360753,RUNNING,1.0,False,
0.39080000000000004,0.0,False,300000.0,1880118.5,0.0,21.064895915666835,21.716387541924572,0.6514916262577373,1.0,10.0,790.0,0.0,25.67409210920515,RUNNING,1.0,False,
0.3909,0.0,False,300000.0,1880118.5,0.0,20.9595714360885,21.60780560421495,0.6482341681264501,1.0,10.0,790.0,0.0,25.674089883947843,RUNNING,1.0,False,
0.391,0.0,False,300000.0,1880118.5,0.0,20.854773578908055,21.49976657619387,0.644992997285815,1.0,10.0,790.0,0.0,25.674087658589368,RUNNING,1.0,False,
0.3911,0.0,False,300000.0,1880118.5,0.0,20.750499711013514,21.392267743312903,0.6417680322993888,1.0,10.0,790.0,0.0,25.674085433130273,RUNNING,1.0,False,
0.3912,0.0,False,300000.0,1880118.5,0.0,20.646747212458447,21.285306404596337,0.6385591921378904,1.0,10.0,790.0,0.0,25.674083207571098,RUNNING,1.0,False,
0.39130000000000004,0.0,False,300000.0,1880118.5,0.0,20.543513476396154,21.178879872573354,0.6353663961772007,1.0,10.0,790.0,0.0,25.67408098191238,RUNNING,1.0,False,
0.3914,0.0,False,300000.0,1880118.5,0.0,20.440795909014174,21.07298547321049,0.6321895641963167,1.0,10.0,790.0,0.0,25.674078756154653,RUNNING,1.0,False,
0.3915,0.0,False,300000.0,1880118.5,0.0,20.338591929469104,20.967620545844436,0.6290286163753329,1.0,10.0,790.0,0.0,25.67407653029845,RUNNING,1.0,False,
0.3916,0.0,False,300000.0,1880118.5,0.0,20.23689896982176,20.862782443115215,0.625883473293456,1.0,10.0,790.0,0.0,25.674074304344302,RUNNING,1.0,False,
0.3917,0.0,False,300000.0,1880118.5,0.0,20.13571447497265,20.75846853089964,0.6227540559269897,1.0,10.0,790.0,0.0,25.674072078292735,RUNNING,1.0,False,
0.39180000000000004,0.0,False,300000.0,1880118.5,0.0,20.035035902597787,20.65467618824514,0.6196402856473533,1.0,10.0,790.0,0.0,25.674069852144275,RUNNING,1.0,False,
0.3919,0.0,False,300000.0,1880118.5,0.0,19.9348607230848,20.55140280730392,0.6165420842191196,1.0,10.0,790.0,0.0,25.674067625899443,RUNNING,1.0,False,
0.392,0.0,False,300000.0,1880118.5,0.0,19.835186419469377,20.4486457932674,0.6134593737980225,1.0,10.0,790.0,0.0,25.67406539955876,RUNNING,1.0,False,
0.3921,0.0,False,300000.0,1880118.5,0.0,19.73601048737203,20.346402564301062,0.6103920769290312,1.0,10.0,790.0,0.0,25.67406317312274,RUNNING,1.0,False,
0.3922,0.0,False,300000.0,1880118.5,0.0,19.63733043493517,20.244670551479555,0.6073401165443855,1.0,10.0,790.0,0.0,25.674060946591897,RUNNING,1.0,False,
0.39230000000000004,0.0,False,300000.0,1880118.5,0.0,19.539143782760494,20.14344719872216,0.6043034159616667,1.0,10.0,790.0,0.0,25.674058719966744,RUNNING,1.0,False,
0.3924,0.0,False,300000.0,1880118.5,0.0,19.441448063846693,20.04272996272855,0.601281898881858,1.0,10.0,790.0,0.0,25.674056493247793,RUNNING,1.0,False,
0.3925,0.0,False,300000.0,1880118.5,0.0,19.34424082352746,19.942516312914908,0.5982754893874471,1.0,10.0,790.0,0.0,25.674054266435544,RUNNING,1.0,False,
0.3926,0.0,False,300000.0,1880118.5,0.0,19.24751961940982,19.842803731350333,0.5952841119405115,1.0,10.0,790.0,0.0,25.674052039530505,RUNNING,1.0,False,
0.3927,0.0,False,300000.0,1880118.5,0.0,19.151282021312774,19.74358971269358,0.5923076913808067,1.0,10.0,790.0,0.0,25.674049812533177,RUNNING,1.0,False,
0.39280000000000004,0.0,False,300000.0,1880118.5,0.0,19.05552561120621,19.644871764130116,0.5893461529239055,1.0,10.0,790.0,0.0,25.674047585444058,RUNNING,1.0,False,
0.3929,0.0,False,300000.0,1880118.5,0.0,18.96024798315018,19.546647405309464,0.5863994221592854,1.0,10.0,790.0,0.0,25.674045358263644,RUNNING,1.0,False,
0.393,0.0,False,300000.0,1880118.5,0.0,18.86544674323443,19.44891416828292,0.5834674250484895,1.0,10.0,790.0,0.0,25.67404313099243,RUNNING,1.0,False,
0.3931,0.0,False,300000.0,1880118.5,0.0,18.771119509518257,19.351669597441504,0.5805500879232461,1.0,10.0,790.0,0.0,25.674040903630907,RUNNING,1.0,False,
0.3932,0.0,False,300000.0,1880118.5,0.0,18.677263911970666,19.254911249454295,0.5776473374836293,1.0,10.0,790.0,0.0,25.674038676179563,RUNNING,1.0,False,
0.39330000000000004,0.0,False,300000.0,1880118.5,0.0,18.58387759241081,19.158636693207022,0.5747591007962107,1.0,10.0,790.0,0.0,25.674036448638887,RUNNING,1.0,False,
0.3934,0.0,False,300000.0,1880118.5,0.0,18.490958204448756,19.062843509740986,0.5718853052922306,1.0,10.0,790.0,0.0,25.67403422100936,RUNNING,1.0,False,
0.3935,0.0,False,300000.0,1880118.5,0.0,18.39850341342651,18.96752929219228,0.5690258787657676,1.0,10.0,790.0,0.0,25.674031993291468,RUNNING,1.0,False,
0.3936,0.0,False,300000.0,1880118.5,0.0,18.306510896359377,18.87269164573132,0.5661807493719415,1.0,10.0,790.0,0.0,25.674029765485685,RUNNING,1.0,False,
0.3937,0.0,False,300000.0,1880118.5,0.0,18.21497834187758,18.77832818750266,0.5633498456250798,1.0,10.0,790.0,0.0,25.67402753759249,RUNNING,1.0,False,
0.39380000000000004,0.0,False,300000.0,1880118.5,0.0,18.123903450168193,18.68443654656515,0.5605330963969557,1.0,10.0,790.0,0.0,25.67402530961236,RUNNING,1.0,False,
0.39390000000000003,0.0,False,300000.0,1880118.5,0.0,18.033283932917353,18.591014363832322,0.5577304309149689,1.0,10.0,790.0,0.0,25.674023081545766,RUNNING,1.0,False,
0.394,0.0,False,300000.0,1880118.5,0.0,17.943117513252766,18.49805929201316,0.5549417787603943,1.0,10.0,790.0,0.0,25.674020853393174,RUNNING,1.0,False,
0.3941,0.0,False,300000.0,1880118.5,0.0,17.8534019256865,18.405568995553097,0.552167069866595,1.0,10.0,790.0,0.0,25.674018625155053,RUNNING,1.0,False,
0.3942,0.0,False,300000.0,1880118.5,0.0,17.76413491605807,18.31354115057533,0.5494062345172601,1.0,10.0,790.0,0.0,25.67401639683187,RUNNING,1.0,False,
0.39430000000000004,0.0,False,300000.0,1880118.5,0.0,17.67531424147778,18.221973444822453,0.5466592033446744,1.0,10.0,790.0,0.0,25.67401416842409,RUNNING,1.0,False,
0.39440000000000003,0.0,False,300000.0,1880118.5,0.0,17.58693767027039,18.13086357759834,0.5439259073279494,1.0,10.0,790.0,0.0,25.674011939932168,RUNNING,1.0,False,
0.3945,0.0,False,300000.0,1880118.5,0.0,17.499002981919038,18.04020925971035,0.5412062777913107,1.0,10.0,790.0,0.0,25.674009711356565,RUNNING,1.0,False,
0.3946,0.0,False,300000.0,1880118.5,0.0,17.41150796700944,17.950008213411795,0.5385002464023536,1.0,10.0,790.0,0.0,25.674007482697736,RUNNING,1.0,False,
0.3947,0.0,False,300000.0,1880118.5,0.0,17.324450427174394,17.860258172344736,0.5358077451703416,1.0,10.0,790.0,0.0,25.674005253956135,RUNNING,1.0,False,
0.39480000000000004,0.0,False,300000.0,1880118.5,0.0,17.237828175038523,17.770956881483013,0.5331287064444901,1.0,10.0,790.0,0.0,25.674003025132215,RUNNING,1.0,False,
0.39490000000000003,0.0,False,300000.0,1880118.5,0.0,17.15163903416333,17.6821020970756,0.5304630629122684,1.0,10.0,790.0,0.0,25.674000796226423,RUNNING,1.0,False,
0.395,0.0,False,300000.0,1880118.5,0.0,17.065880838992513,17.59369158659022,0.5278107475977087,1.0,10.0,790.0,0.0,25.673998567239206,RUNNING,1.0,False,
0.3951,0.0,False,300000.0,1880118.5,0.0,16.98055143479755,17.50572312865727,0.5251716938597184,1.0,10.0,790.0,0.0,25.67399633817101,RUNNING,1.0,False,
0.3952,0.0,False,300000.0,1880118.5,0.0,16.895648677623562,17.418194513013983,0.5225458353904209,1.0,10.0,790.0,0.0,25.67399410902227,RUNNING,1.0,False,
0.39530000000000004,0.0,False,300000.0,1880118.5,0.0,16.811170434235443,17.33110354044891,0.5199331062134682,1.0,10.0,790.0,0.0,25.673991879793434,RUNNING,1.0,False,
0.39540000000000003,0.0,False,300000.0,1880118.5,0.0,16.727114582064267,17.244448022746667,0.5173334406823997,1.0,10.0,790.0,0.0,25.673989650484938,RUNNING,1.0,False,
0.3955,0.0,False,300000.0,1880118.5,0.0,16.643479009153946,17.158225782632936,0.5147467734789899,1.0,10.0,790.0,0.0,25.673987421097216,RUNNING,1.0,False,
0.3956,0.0,False,300000.0,1880118.5,0.0,16.560261614108178,17.07243465371977,0.5121730396115929,1.0,10.0,790.0,0.0,25.673985191630706,RUNNING,1.0,False,
0.3957,0.0,False,300000.0,1880118.5,0.0,16.47746030603764,16.987072480451175,0.5096121744135367,1.0,10.0,790.0,0.0,25.673982962085834,RUNNING,1.0,False,
0.39580000000000004,0.0,False,300000.0,1880118.5,0.0,16.39507300450745,16.902137118048916,0.5070641135414675,1.0,10.0,790.0,0.0,25.673980732463033,RUNNING,1.0,False,
0.39590000000000003,0.0,False,300000.0,1880118.5,0.0,16.313097639484912,16.817626432458674,0.5045287929737619,1.0,10.0,790.0,0.0,25.67397850276273,RUNNING,1.0,False,
0.396,0.0,False,300000.0,1880118.5,0.0,16.23153215128749,16.73353830029638,0.5020061490088921,1.0,10.0,790.0,0.0,25.673976272985346,RUNNING,1.0,False,
0.3961,0.0,False,300000.0,1880118.5,0.0,16.15037449053105,16.6498706087949,0.4994961182638491,1.0,10.0,790.0,0.0,25.673974043131306,RUNNING,1.0,False,
0.3962,0.0,False,300000.0,1880118.5,0.0,16.069622618078395,16.566621255750924,0.4969986376725295,1.0,10.0,790.0,0.0,25.67397181320103,RUNNING,1.0,False,
0.39630000000000004,0.0,False,300000.0,1880118.5,0.0,15.989274504988003,16.48378814947217,0.4945136444841651,1.0,10.0,790.0,0.0,25.673969583194943,RUNNING,1.0,False,
0.39640000000000003,0.0,False,300000.0,1880118.5,0.0,15.909328132463063,16.40136920872481,0.49204107626174576,1.0,10.0,790.0,0.0,25.673967353113454,RUNNING,1.0,False,
0.3965,0.0,False,300000.0,1880118.5,0.0,15.829781491800748,16.319362362681183,0.48958087088043456,1.0,10.0,790.0,0.0,25.67396512295698,RUNNING,1.0,False,
0.3966,0.0,False,300000.0,1880118.5,0.0,15.750632584341744,16.237765550867778,0.48713296652603333,1.0,10.0,790.0,0.0,25.673962892725932,RUNNING,1.0,False,
0.3967,0.0,False,300000.0,1880118.5,0.0,15.671879421420035,16.15657672311344,0.4846973016934033,1.0,10.0,790.0,0.0,25.673960662420722,RUNNING,1.0,False,
0.39680000000000004,0.0,False,300000.0,1880118.5,0.0,15.593520024312935,16.075793839497873,0.4822738151849375,1.0,10.0,790.0,0.0,25.673958432041758,RUNNING,1.0,False,
0.39690000000000003,0.0,False,300000.0,1880118.5,0.0,15.515552424191371,15.995414870300383,0.47986244610901174,1.0,10.0,790.0,0.0,25.673956201589444,RUNNING,1.0,False,
0.397,0.0,False,300000.0,1880118.5,0.0,15.437974662070415,15.915437795948883,0.4774631338784676,1.0,10.0,790.0,0.0,25.673953971064186,RUNNING,1.0,False,
0.3971,0.0,False,300000.0,1880118.5,0.0,15.360784788760062,15.835860606969137,0.4750758182090742,1.0,10.0,790.0,0.0,25.673951740466386,RUNNING,1.0,False,
0.3972,0.0,False,300000.0,1880118.5,0.0,15.283980864816263,15.756681303934291,0.4727004391180287,1.0,10.0,790.0,0.0,25.673949509796444,RUNNING,1.0,False,
0.39730000000000004,0.0,False,300000.0,1880118.5,0.0,15.20756096049218,15.67789789741462,0.4703369369224397,1.0,10.0,790.0,0.0,25.673947279054758,RUNNING,1.0,False,
0.39740000000000003,0.0,False,300000.0,1880118.5,0.0,15.13152315568972,15.599508407927548,0.4679852522378276,1.0,10.0,790.0,0.0,25.673945048241727,RUNNING,1.0,False,
0.3975,0.0,False,300000.0,1880118.5,0.0,15.055865539911272,15.52151086588791,0.465645325976638,1.0,10.0,790.0,0.0,25.67394281735774,RUNNING,1.0,False,
0.3976,0.0,False,300000.0,1880118.5,0.0,14.980586212211715,15.44390331155847,0.4633170993467548,1.0,10.0,790.0,0.0,25.673940586403194,RUNNING,1.0,False,
0.3977,0.0,False,300000.0,1880118.5,0.0,14.905683281150656,15.366683795000677,0.4610005138500206,1.0,10.0,790.0,0.0,25.673938355378475,RUNNING,1.0,False,
0.39780000000000004,0.0,False,300000.0,1880118.5,0.0,14.831154864744903,15.289850376025674,0.45869551128077113,1.0,10.0,790.0,0.0,25.673936124283973,RUNNING,1.0,False,
0.39790000000000003,0.0,False,300000.0,1880118.5,0.0,14.756999090421179,15.213401124145545,0.45640203372436616,1.0,10.0,790.0,0.0,25.673933893120076,RUNNING,1.0,False,
0.398,0.0,False,300000.0,1880118.5,0.0,14.683214094969072,15.137334118524818,0.45412002355574543,1.0,10.0,790.0,0.0,25.673931661887167,RUNNING,1.0,False,
0.3981,0.0,False,300000.0,1880118.5,0.0,14.609798024494227,15.061647447932193,0.45184942343796664,1.0,10.0,790.0,0.0,25.673929430585627,RUNNING,1.0,False,
0.3982,0.0,False,300000.0,1880118.5,0.0,14.536749034371756,14.986339210692531,0.44959017632077547,1.0,10.0,790.0,0.0,25.67392719921584,RUNNING,1.0,False,
0.39830000000000004,0.0,False,300000.0,1880118.5,0.0,14.464065289199898,14.91140751463907,0.4473422254391721,1.0,10.0,790.0,0.0,25.67392496777818,RUNNING,1.0,False,
0.39840000000000003,0.0,False,300000.0,1880118.5,0.0,14.391744962753899,14.836850477065875,0.445105514311976,1.0,10.0,790.0,0.0,25.673922736273028,RUNNING,1.0,False,
0.3985,0.0,False,300000.0,1880118.5,0.0,14.319786237940129,14.762666224680546,0.44287998674041695,1.0,10.0,790.0,0.0,25.673920504700757,RUNNING,1.0,False,
0.3986,0.0,False,300000.0,1880118.5,0.0,14.248187306750427,14.688852893557142,0.4406655868067144,1.0,10.0,790.0,0.0,25.67391827306174,RUNNING,1.0,False,
0.3987,0.0,False,300000.0,1880118.5,0.0,14.176946370216676,14.615408629089357,0.438462258872681,1.0,10.0,790.0,0.0,25.67391604135635,RUNNING,1.0,False,
0.39880000000000004,0.0,False,300000.0,1880118.5,0.0,14.106061638365592,14.54233158594391,0.4362699475783174,1.0,10.0,790.0,0.0,25.673913809584953,RUNNING,1.0,False,
0.39890000000000003,0.0,False,300000.0,1880118.5,0.0,14.035531330173765,14.469619928014192,0.43408859784042697,1.0,10.0,790.0,0.0,25.67391157774792,RUNNING,1.0,False,
0.399,0.0,False,300000.0,1880118.5,0.0,13.965353673522896,14.397271828374121,0.43191815485122476,1.0,10.0,790.0,0.0,25.673909345845612,RUNNING,1.0,False,
0.3991,0.0,False,300000.0,1880118.5,0.0,13.895526905155283,14.32528546923225,0.4297585640769679,1.0,10.0,790.0,0.0,25.673907113878396,RUNNING,1.0,False,
0.3992,0.0,False,300000.0,1880118.5,0.0,13.826049270629506,14.253659041886088,0.4276097712565825,1.0,10.0,790.0,0.0,25.673904881846635,RUNNING,1.0,False,
0.39930000000000004,0.0,False,300000.0,1880118.5,0.0,13.756919024276359,14.182390746676658,0.4254717224002995,1.0,10.0,790.0,0.0,25.673902649750687,RUNNING,1.0,False,
0.39940000000000003,0.0,False,300000.0,1880118.5,0.0,13.688134429154976,14.111478792943275,0.4233443637882992,1.0,10.0,790.0,0.0,25.67390041759091,RUNNING,1.0,False,
0.3995,0.0,False,300000.0,1880118.5,0.0,13.619693757009202,14.04092139897856,0.4212276419693577,1.0,10.0,790.0,0.0,25.673898185367666,RUNNING,1.0,False,
0.3996,0.0,False,300000.0,1880118.5,0.0,13.551595288224156,13.970716791983667,0.41912150375951107,1.0,10.0,790.0,0.0,25.673895953081303,RUNNING,1.0,False,
0.3997,0.0,False,300000.0,1880118.5,0.0,13.483837311783036,13.900863208023749,0.4170258962407125,1.0,10.0,790.0,0.0,25.673893720732178,RUNNING,1.0,False,
0.39980000000000004,0.0,False,300000.0,1880118.5,0.0,13.416418125224121,13.83135889198363,0.41494076675950886,1.0,10.0,790.0,0.0,25.67389148832064,RUNNING,1.0,False,
0.39990000000000003,0.0,False,300000.0,1880118.5,0.0,13.349336034598,13.762202097523712,0.41286606292571193,1.0,10.0,790.0,0.0,25.673889255847037,RUNNING,1.0,False,
0.4,0.0,False,300000.0,1880118.5,0.0,13.28258935442501,13.693391087036094,0.410801732611084,1.0,10.0,790.0,0.0,25.67388702331172,RUNNING,1.0,False,
0.4001,0.0,False,300000.0,1880118.5,0.0,13.216176407652885,13.624924131600913,0.4087477239480286,1.0,10.0,790.0,0.0,25.673884790715036,RUNNING,1.0,False,
0.4002,0.0,False,300000.0,1880118.5,0.0,13.15009552561462,13.556799510942907,0.4067039853282868,1.0,10.0,790.0,0.0,25.673882558057326,RUNNING,1.0,False,
0.40030000000000004,0.0,False,300000.0,1880118.5,0.0,13.084345047986547,13.489015513388193,0.40467046540164553,1.0,10.0,790.0,0.0,25.67388032533893,RUNNING,1.0,False,
0.40040000000000003,0.0,False,300000.0,1880118.5,0.0,13.018923322746614,13.421570435821252,0.40264711307463763,1.0,10.0,790.0,0.0,25.673878092560194,RUNNING,1.0,False,
0.4005,0.0,False,300000.0,1880118.5,0.0,12.953828706132882,13.354462583642146,0.4006338775092644,1.0,10.0,790.0,0.0,25.673875859721456,RUNNING,1.0,False,
0.4006,0.0,False,300000.0,1880118.5,0.0,12.889059562602217,13.287690270723935,0.3986307081217184,1.0,10.0,790.0,0.0,25.673873626823053,RUNNING,1.0,False,
0.4007,0.0,False,300000.0,1880118.5,0.0,12.824614264789206,13.221251819370316,0.39663755458111005,1.0,10.0,790.0,0.0,25.67387139386532,RUNNING,1.0,False,
0.40080000000000005,0.0,False,300000.0,1880118.5,0.0,12.76049119346526,13.155145560273464,0.3946543668082043,1.0,10.0,790.0,0.0,25.673869160848593,RUNNING,1.0,False,
0.40090000000000003,0.0,False,300000.0,1880118.5,0.0,12.696688737497933,13.089369832472096,0.39268109497416326,1.0,10.0,790.0,0.0,25.6738669277732,RUNNING,1.0,False,
0.401,0.0,False,300000.0,1880118.5,0.0,12.633205293810443,13.023922983309735,0.39071768949929186,1.0,10.0,790.0,0.0,25.673864694639477,RUNNING,1.0,False,
0.4011,0.0,False,300000.0,1880118.5,0.0,12.570039267341391,12.958803368393188,0.3887641010517964,1.0,10.0,790.0,0.0,25.67386246144775,RUNNING,1.0,False,
0.4012,0.0,False,300000.0,1880118.5,0.0,12.507189071004685,12.894009351551222,0.3868202805465373,1.0,10.0,790.0,0.0,25.67386022819835,RUNNING,1.0,False,
0.40130000000000005,0.0,False,300000.0,1880118.5,0.0,12.444653125649662,12.829539304793466,0.38488617914380363,1.0,10.0,790.0,0.0,25.6738579948916,RUNNING,1.0,False,
0.40140000000000003,0.0,False,300000.0,1880118.5,0.0,12.382429860021414,12.7653916082695,0.3829617482480856,1.0,10.0,790.0,0.0,25.673855761527822,RUNNING,1.0,False,
0.4015,0.0,False,300000.0,1880118.5,0.0,12.320517710721306,12.701564650228152,0.3810469395068452,1.0,10.0,790.0,0.0,25.67385352810734,RUNNING,1.0,False,
0.4016,0.0,False,300000.0,1880118.5,0.0,12.2589151221677,12.63805682697701,0.3791417048093102,1.0,10.0,790.0,0.0,25.673851294630477,RUNNING,1.0,False,
0.4017,0.0,False,300000.0,1880118.5,0.0,12.19762054655686,12.574866542842125,0.37724599628526434,1.0,10.0,790.0,0.0,25.673849061097552,RUNNING,1.0,False,
0.40180000000000005,0.0,False,300000.0,1880118.5,0.0,12.136632443824077,12.511992210127914,0.3753597663038377,1.0,10.0,790.0,0.0,25.673846827508882,RUNNING,1.0,False,
0.40190000000000003,0.0,False,300000.0,1880118.5,0.0,12.075949281604956,12.449432249077274,0.37348296747231835,1.0,10.0,790.0,0.0,25.673844593864782,RUNNING,1.0,False,
0.402,0.0,False,300000.0,1880118.5,0.0,12.015569535196931,12.387185087831888,0.3716155526349567,1.0,10.0,790.0,0.0,25.67384236016557,RUNNING,1.0,False,
0.4021,0.0,False,300000.0,1880118.5,0.0,11.955491687520947,12.32524916239273,0.3697574748717827,1.0,10.0,790.0,0.0,25.673840126411555,RUNNING,1.0,False,
0.4022,0.0,False,300000.0,1880118.5,0.0,11.895714229083342,12.263622916580765,0.36790868749742245,1.0,10.0,790.0,0.0,25.67383789260305,RUNNING,1.0,False,
0.40230000000000005,0.0,False,300000.0,1880118.5,0.0,11.836235657937925,12.202304801997862,0.36606914405993685,1.0,10.0,790.0,0.0,25.673835658740366,RUNNING,1.0,False,
0.40240000000000004,0.0,False,300000.0,1880118.5,0.0,11.777054479648235,12.141293277987872,0.36423879833963646,1.0,10.0,790.0,0.0,25.67383342482381,RUNNING,1.0,False,
0.4025,0.0,False,300000.0,1880118.5,0.0,11.718169207249995,12.080586811597932,0.3624176043479377,1.0,10.0,790.0,0.0,25.673831190853686,RUNNING,1.0,False,
0.4026,0.0,False,300000.0,1880118.5,0.0,11.659578361213745,12.020183877539944,0.3606055163261992,1.0,10.0,790.0,0.0,25.673828956830302,RUNNING,1.0,False,
0.4027,0.0,False,300000.0,1880118.5,0.0,11.601280469407676,11.960082958152244,0.3588024887445673,1.0,10.0,790.0,0.0,25.673826722753965,RUNNING,1.0,False,
0.40280000000000005,0.0,False,300000.0,1880118.5,0.0,11.543274067060638,11.900282543361483,0.35700847630084453,1.0,10.0,790.0,0.0,25.673824488624973,RUNNING,1.0,False,
0.40290000000000004,0.0,False,300000.0,1880118.5,0.0,11.485557696725335,11.840781130644675,0.3552234339193401,1.0,10.0,790.0,0.0,25.67382225444363,RUNNING,1.0,False,
0.403,0.0,False,300000.0,1880118.5,0.0,11.428129908241708,11.781577224991452,0.35344731674974383,1.0,10.0,790.0,0.0,25.67382002021023,RUNNING,1.0,False,
0.4031,0.0,False,300000.0,1880118.5,0.0,11.370989258700499,11.722669338866494,0.3516800801659947,1.0,10.0,790.0,0.0,25.673817785925074,RUNNING,1.0,False,
0.4032,0.0,False,300000.0,1880118.5,0.0,11.314134312406997,11.664055992172162,0.3499216797651652,1.0,10.0,790.0,0.0,25.673815551588458,RUNNING,1.0,False,
0.4033,0.0,False,300000.0,1880118.5,0.0,11.257563640844962,11.6057357122113,0.34817207136633854,1.0,10.0,790.0,0.0,25.673813317200675,RUNNING,1.0,False,
0.40340000000000004,0.0,False,300000.0,1880118.5,0.0,11.201275822640737,11.547707033650244,0.3464312110095076,1.0,10.0,790.0,0.0,25.673811082762022,RUNNING,1.0,False,
0.4035,0.0,False,300000.0,1880118.5,0.0,11.145269443527534,11.489968498481995,0.34469905495446085,1.0,10.0,790.0,0.0,25.673808848272785,RUNNING,1.0,False,
0.4036,0.0,False,300000.0,1880118.5,0.0,11.089543096309896,11.432518655989584,0.3429755596796884,1.0,10.0,790.0,0.0,25.67380661373326,RUNNING,1.0,False,
0.4037,0.0,False,300000.0,1880118.5,0.0,11.034095380828347,11.375356062709637,0.34126068188128933,1.0,10.0,790.0,0.0,25.673804379143732,RUNNING,1.0,False,
0.4038,0.0,False,300000.0,1880118.5,0.0,10.978924903924206,11.318479282396089,0.33955437847188286,1.0,10.0,790.0,0.0,25.673802144504492,RUNNING,1.0,False,
0.40390000000000004,0.0,False,300000.0,1880118.5,0.0,10.924030279404585,11.261886885984108,0.337856606579523,1.0,10.0,790.0,0.0,25.673799909815823,RUNNING,1.0,False,
0.404,0.0,False,300000.0,1880118.5,0.0,10.869410128007562,11.205577451554188,0.3361673235466256,1.0,10.0,790.0,0.0,25.67379767507801,RUNNING,1.0,False,
0.4041,0.0,False,300000.0,1880118.5,0.0,10.815063077367524,11.149549564296416,0.33448648692889194,1.0,10.0,790.0,0.0,25.673795440291336,RUNNING,1.0,False,
0.4042,0.0,False,300000.0,1880118.5,0.0,10.760987761980687,11.093801816474935,0.33281405449424817,1.0,10.0,790.0,0.0,25.673793205456086,RUNNING,1.0,False,
0.4043,0.0,False,300000.0,1880118.5,0.0,10.707182823170783,11.03833280739256,0.33114998422177777,1.0,10.0,790.0,0.0,25.673790970572536,RUNNING,1.0,False,
0.40440000000000004,0.0,False,300000.0,1880118.5,0.0,10.65364690905493,10.983141143355597,0.32949423430066815,1.0,10.0,790.0,0.0,25.67378873564097,RUNNING,1.0,False,
0.4045,0.0,False,300000.0,1880118.5,0.0,10.600378674509654,10.928225437638819,0.3278467631291644,1.0,10.0,790.0,0.0,25.673786500661656,RUNNING,1.0,False,
0.4046,0.0,False,300000.0,1880118.5,0.0,10.547376781137107,10.873584310450626,0.3262075293135194,1.0,10.0,790.0,0.0,25.67378426563488,RUNNING,1.0,False,
0.4047,0.0,False,300000.0,1880118.5,0.0,10.494639897231421,10.819216388898372,0.32457649166695113,1.0,10.0,790.0,0.0,25.67378203056091,RUNNING,1.0,False,
0.4048,0.0,False,300000.0,1880118.5,0.0,10.442166697745265,10.76512030695388,0.32295360920861604,1.0,10.0,790.0,0.0,25.673779795440026,RUNNING,1.0,False,
0.40490000000000004,0.0,False,300000.0,1880118.5,0.0,10.389955864256539,10.711294705419112,0.3213388411625733,1.0,10.0,790.0,0.0,25.673777560272494,RUNNING,1.0,False,
0.405,0.0,False,300000.0,1880118.5,0.0,10.338006084935255,10.657738231892017,0.31973214695676155,1.0,10.0,790.0,0.0,25.67377532505859,RUNNING,1.0,False,
0.4051,0.0,False,300000.0,1880118.5,0.0,10.286316054510579,10.604449540732556,0.3181334862219778,1.0,10.0,790.0,0.0,25.673773089798576,RUNNING,1.0,False,
0.4052,0.0,False,300000.0,1880118.5,0.0,10.234884474238026,10.551427293028892,0.3165428187908663,1.0,10.0,790.0,0.0,25.673770854492727,RUNNING,1.0,False,
0.4053,0.0,False,300000.0,1880118.5,0.0,10.183710051866836,10.49867015656375,0.3149601046969135,1.0,10.0,790.0,0.0,25.673768619141306,RUNNING,1.0,False,
0.40540000000000004,0.0,False,300000.0,1880118.5,0.0,10.132791501607501,10.44617680578093,0.313385304173428,1.0,10.0,790.0,0.0,25.673766383744578,RUNNING,1.0,False,
0.4055,0.0,False,300000.0,1880118.5,0.0,10.082127544099464,10.393945921752024,0.3118183776525605,1.0,10.0,790.0,0.0,25.67376414830281,RUNNING,1.0,False,
0.4056,0.0,False,300000.0,1880118.5,0.0,10.031716906378966,10.341976192143264,0.31025928576429784,1.0,10.0,790.0,0.0,25.67376191281626,RUNNING,1.0,False,
0.4057,0.0,False,300000.0,1880118.5,0.0,9.981558321847071,10.290266311182547,0.30870798933547583,1.0,10.0,790.0,0.0,25.673759677285194,RUNNING,1.0,False,
0.4058,0.0,False,300000.0,1880118.5,0.0,9.931650530237835,10.238814979626635,0.30716444938880016,1.0,10.0,790.0,0.0,25.67375744170987,RUNNING,1.0,False,
0.40590000000000004,0.0,False,300000.0,1880118.5,0.0,9.881992277586646,10.187620904728501,0.30562862714185535,1.0,10.0,790.0,0.0,25.673755206090547,RUNNING,1.0,False,
0.406,0.0,False,300000.0,1880118.5,0.0,9.832582316198712,10.136682800204857,0.3041004840061454,1.0,10.0,790.0,0.0,25.673752970427483,RUNNING,1.0,False,
0.4061,0.0,False,300000.0,1880118.5,0.0,9.78341940461772,10.085999386203834,0.3025799815861152,1.0,10.0,790.0,0.0,25.67375073472093,RUNNING,1.0,False,
0.4062,0.0,False,300000.0,1880118.5,0.0,9.73450230759463,10.035569389272814,0.30106708167818397,1.0,10.0,790.0,0.0,25.673748498971147,RUNNING,1.0,False,
0.4063,0.0,False,300000.0,1880118.5,0.0,9.685829796056657,9.98539154232645,0.29956174626979326,1.0,10.0,790.0,0.0,25.673746263178387,RUNNING,1.0,False,
0.40640000000000004,0.0,False,300000.0,1880118.5,0.0,9.637400647076374,9.935464584614818,0.2980639375384442,1.0,10.0,790.0,0.0,25.673744027342902,RUNNING,1.0,False,
0.40650000000000003,0.0,False,300000.0,1880118.5,0.0,9.589213643840992,9.885787261691744,0.2965736178507523,1.0,10.0,790.0,0.0,25.67374179146494,RUNNING,1.0,False,
0.4066,0.0,False,300000.0,1880118.5,0.0,9.541267575621788,9.836358325383287,0.2950907497614992,1.0,10.0,790.0,0.0,25.673739555544756,RUNNING,1.0,False,
0.4067,0.0,False,300000.0,1880118.5,0.0,9.493561237743679,9.78717653375637,0.29361529601269076,1.0,10.0,790.0,0.0,25.673737319582596,RUNNING,1.0,False,
0.4068,0.0,False,300000.0,1880118.5,0.0,9.44609343155496,9.738240651087589,0.29214721953262845,1.0,10.0,790.0,0.0,25.673735083578705,RUNNING,1.0,False,
0.40690000000000004,0.0,False,300000.0,1880118.5,0.0,9.398862964397185,9.68954944783215,0.29068648343496406,1.0,10.0,790.0,0.0,25.673732847533334,RUNNING,1.0,False,
0.40700000000000003,0.0,False,300000.0,1880118.5,0.0,9.3518686495752,9.64110170059299,0.2892330510177903,1.0,10.0,790.0,0.0,25.673730611446725,RUNNING,1.0,False,
0.4071,0.0,False,300000.0,1880118.5,0.0,9.305109306327324,9.592896192090025,0.28778688576270106,1.0,10.0,790.0,0.0,25.673728375319122,RUNNING,1.0,False,
0.4072,0.0,False,300000.0,1880118.5,0.0,9.258583759795687,9.544931711129575,0.28634795133388735,1.0,10.0,790.0,0.0,25.673726139150766,RUNNING,1.0,False,
0.4073,0.0,False,300000.0,1880118.5,0.0,9.21229084099671,9.497207052573929,0.2849162115772188,1.0,10.0,790.0,0.0,25.6737239029419,RUNNING,1.0,False,
0.40740000000000004,0.0,False,300000.0,1880118.5,0.0,9.166229386791727,9.44972101731106,0.28349163051933246,1.0,10.0,790.0,0.0,25.673721666692767,RUNNING,1.0,False,
0.40750000000000003,0.0,False,300000.0,1880118.5,0.0,9.120398239857769,9.402472412224505,0.2820741723667357,1.0,10.0,790.0,0.0,25.6737194304036,RUNNING,1.0,False,
0.4076,0.0,False,300000.0,1880118.5,0.0,9.07479624865848,9.355460050163382,0.2806638015049021,1.0,10.0,790.0,0.0,25.673717194074637,RUNNING,1.0,False,
0.4077,0.0,False,300000.0,1880118.5,0.0,9.029422267415187,9.308682749912565,0.2792604824973779,1.0,10.0,790.0,0.0,25.673714957706117,RUNNING,1.0,False,
0.4078,0.0,False,300000.0,1880118.5,0.0,8.98427515607811,9.262139336163001,0.2778641800848902,1.0,10.0,790.0,0.0,25.673712721298273,RUNNING,1.0,False,
0.40790000000000004,0.0,False,300000.0,1880118.5,0.0,8.93935378029772,9.215828639482186,0.2764748591844661,1.0,10.0,790.0,0.0,25.67371048485134,RUNNING,1.0,False,
0.40800000000000003,0.0,False,300000.0,1880118.5,0.0,8.894657011396232,9.169749496284776,0.2750924848885443,1.0,10.0,790.0,0.0,25.673708248365553,RUNNING,1.0,False,
0.4081,0.0,False,300000.0,1880118.5,0.0,8.850183726339251,9.123900748803353,0.27371702246410123,1.0,10.0,790.0,0.0,25.67370601184114,RUNNING,1.0,False,
0.4082,0.0,False,300000.0,1880118.5,0.0,8.805932807707554,9.078281245059335,0.2723484373517806,1.0,10.0,790.0,0.0,25.673703775278334,RUNNING,1.0,False,
0.4083,0.0,False,300000.0,1880118.5,0.0,8.761903143669016,9.032889838834038,0.2709866951650213,1.0,10.0,790.0,0.0,25.673701538677363,RUNNING,1.0,False,
0.40840000000000004,0.0,False,300000.0,1880118.5,0.0,8.71809362795067,8.987725389639866,0.26963176168919567,1.0,10.0,790.0,0.0,25.673699302038457,RUNNING,1.0,False,
0.40850000000000003,0.0,False,300000.0,1880118.5,0.0,8.674503159810918,8.942786762691668,0.26828360288075004,1.0,10.0,790.0,0.0,25.673697065361843,RUNNING,1.0,False,
0.4086,0.0,False,300000.0,1880118.5,0.0,8.631130644011863,8.89807282887821,0.26694218486634647,1.0,10.0,790.0,0.0,25.673694828647744,RUNNING,1.0,False,
0.4087,0.0,False,300000.0,1880118.5,0.0,8.587974990791803,8.853582464733819,0.26560747394201556,1.0,10.0,790.0,0.0,25.673692591896387,RUNNING,1.0,False,
0.4088,0.0,False,300000.0,1880118.5,0.0,8.545035115837845,8.80931455241015,0.26427943657230557,1.0,10.0,790.0,0.0,25.673690355107997,RUNNING,1.0,False,
0.40890000000000004,0.0,False,300000.0,1880118.5,0.0,8.502309940258655,8.7652679796481,0.26295803938944395,1.0,10.0,790.0,0.0,25.673688118282794,RUNNING,1.0,False,
0.40900000000000003,0.0,False,300000.0,1880118.5,0.0,8.459798390557362,8.721441639749857,0.2616432491924954,1.0,10.0,790.0,0.0,25.673685881421,RUNNING,1.0,False,
0.4091,0.0,False,300000.0,1880118.5,0.0,8.417499398604575,8.677834431551108,0.26033503294653393,1.0,10.0,790.0,0.0,25.67368364452284,RUNNING,1.0,False,
0.4092,0.0,False,300000.0,1880118.5,0.0,8.375411901611551,8.634445259393353,0.25903335778180114,1.0,10.0,790.0,0.0,25.673681407588525,RUNNING,1.0,False,
0.4093,0.0,False,300000.0,1880118.5,0.0,8.333534842103493,8.591273033096385,0.2577381909928924,1.0,10.0,790.0,0.0,25.67367917061828,RUNNING,1.0,False,
0.40940000000000004,0.0,False,300000.0,1880118.5,0.0,8.291867167892976,8.548316667930903,0.25644950003792744,1.0,10.0,790.0,0.0,25.673676933612317,RUNNING,1.0,False,
0.40950000000000003,0.0,False,300000.0,1880118.5,0.0,8.250407832053511,8.50557508459125,0.2551672525377384,1.0,10.0,790.0,0.0,25.673674696570856,RUNNING,1.0,False,
0.4096,0.0,False,300000.0,1880118.5,0.0,8.209155792893243,8.463047209168293,0.2538914162750494,1.0,10.0,790.0,0.0,25.67367245949411,RUNNING,1.0,False,
0.4097,0.0,False,300000.0,1880118.5,0.0,8.168110013928777,8.42073197312245,0.25262195919367336,1.0,10.0,790.0,0.0,25.67367022238229,RUNNING,1.0,False,
0.4098,0.0,False,300000.0,1880118.5,0.0,8.127269463859133,8.378628313256838,0.2513588493977057,1.0,10.0,790.0,0.0,25.673667985235614,RUNNING,1.0,False,
0.40990000000000004,0.0,False,300000.0,1880118.5,0.0,8.086633116539836,8.336735171690552,0.25010205515071604,1.0,10.0,790.0,0.0,25.67366574805429,RUNNING,1.0,False,
0.41000000000000003,0.0,False,300000.0,1880118.5,0.0,8.046199950957137,8.2950514958321,0.24885154487496308,1.0,10.0,790.0,0.0,25.673663510838534,RUNNING,1.0,False,
0.4101,0.0,False,300000.0,1880118.5,0.0,8.005968951202352,8.25357623835294,0.2476072871505881,1.0,10.0,790.0,0.0,25.67366127358855,RUNNING,1.0,False,
0.4102,0.0,False,300000.0,1880118.5,0.0,7.96593910644634,8.212308357161175,0.24636925071483518,1.0,10.0,790.0,0.0,25.67365903630455,RUNNING,1.0,False,
0.4103,0.0,False,300000.0,1880118.5,0.0,7.926109410914108,8.171246815375369,0.24513740446126064,1.0,10.0,790.0,0.0,25.673656798986737,RUNNING,1.0,False,
0.41040000000000004,0.0,False,300000.0,1880118.5,0.0,7.886478863859538,8.130390581298492,0.24391171743895423,1.0,10.0,790.0,0.0,25.67365456163532,RUNNING,1.0,False,
0.41050000000000003,0.0,False,300000.0,1880118.5,0.0,7.84704646954024,8.089738628392,0.2426921588517601,1.0,10.0,790.0,0.0,25.673652324250504,RUNNING,1.0,False,
0.4106,0.0,False,300000.0,1880118.5,0.0,7.8078112371925394,8.04928993525004,0.24147869805750144,1.0,10.0,790.0,0.0,25.673650086832495,RUNNING,1.0,False,
0.4107,0.0,False,300000.0,1880118.5,0.0,7.768772181006577,8.009043485573791,0.24027130456721402,1.0,10.0,790.0,0.0,25.673647849381496,RUNNING,1.0,False,
0.4108,0.0,False,300000.0,1880118.5,0.0,7.7299283201015445,7.968998268145922,0.23906994804437787,1.0,10.0,790.0,0.0,25.673645611897708,RUNNING,1.0,False,
0.41090000000000004,0.0,False,300000.0,1880118.5,0.0,7.691278678501037,7.929153276805193,0.23787459830415614,1.0,10.0,790.0,0.0,25.673643374381335,RUNNING,1.0,False,
0.41100000000000003,0.0,False,300000.0,1880118.5,0.0,7.652822285108532,7.889507510421167,0.2366852253126348,1.0,10.0,790.0,0.0,25.673641136832575,RUNNING,1.0,False,
0.4111,0.0,False,300000.0,1880118.5,0.0,7.6145581736829895,7.850059972869062,0.23550179918607217,1.0,10.0,790.0,0.0,25.67363889925163,RUNNING,1.0,False,
0.4112,0.0,False,300000.0,1880118.5,0.0,7.576485382814575,7.810809673004717,0.23432429019014211,1.0,10.0,790.0,0.0,25.673636661638692,RUNNING,1.0,False,
0.4113,0.0,False,300000.0,1880118.5,0.0,7.538602955900502,7.771755624639693,0.23315266873919072,1.0,10.0,790.0,0.0,25.673634423993963,RUNNING,1.0,False,
0.41140000000000004,0.0,False,300000.0,1880118.5,0.0,7.500909941120999,7.732896846516494,0.2319869053954946,1.0,10.0,790.0,0.0,25.67363218631764,RUNNING,1.0,False,
0.41150000000000003,0.0,False,300000.0,1880118.5,0.0,7.463405391415394,7.694232362283912,0.23082697086851756,1.0,10.0,790.0,0.0,25.673629948609914,RUNNING,1.0,False,
0.4116,0.0,False,300000.0,1880118.5,0.0,7.426088364458317,7.655761200472492,0.2296728360141751,1.0,10.0,790.0,0.0,25.673627710870985,RUNNING,1.0,False,
0.4117,0.0,False,300000.0,1880118.5,0.0,7.388957922636025,7.617482394470129,0.2285244718341044,1.0,10.0,790.0,0.0,25.673625473101044,RUNNING,1.0,False,
0.4118,0.0,False,300000.0,1880118.5,0.0,7.352013133022845,7.579394982497778,0.22738184947493334,1.0,10.0,790.0,0.0,25.673623235300283,RUNNING,1.0,False,
0.41190000000000004,0.0,False,300000.0,1880118.5,0.0,7.31525306735773,7.5414980075852895,0.22624494022755925,1.0,10.0,790.0,0.0,25.673620997468895,RUNNING,1.0,False,
0.41200000000000003,0.0,False,300000.0,1880118.5,0.0,7.278676802020942,7.503790517547363,0.22511371552642068,1.0,10.0,790.0,0.0,25.673618759607066,RUNNING,1.0,False,
0.4121,0.0,False,300000.0,1880118.5,0.0,7.242283418010837,7.466271564959626,0.22398814694878855,1.0,10.0,790.0,0.0,25.67361652171499,RUNNING,1.0,False,
0.4122,0.0,False,300000.0,1880118.5,0.0,7.206072000920783,7.428940207134828,0.22286820621404502,1.0,10.0,790.0,0.0,25.673614283792855,RUNNING,1.0,False,
0.4123,0.0,False,300000.0,1880118.5,0.0,7.170041640916179,7.391795506099154,0.22175386518297469,1.0,10.0,790.0,0.0,25.673612045840848,RUNNING,1.0,False,
0.41240000000000004,0.0,False,300000.0,1880118.5,0.0,7.1341914327115985,7.354836528568659,0.22064509585706027,1.0,10.0,790.0,0.0,25.673609807859158,RUNNING,1.0,False,
0.41250000000000003,0.0,False,300000.0,1880118.5,0.0,7.098520475548041,7.318062345925815,0.21954187037777473,1.0,10.0,790.0,0.0,25.67360756984797,RUNNING,1.0,False,
0.4126,0.0,False,300000.0,1880118.5,0.0,7.0630278731703005,7.281472034196186,0.21844416102588582,1.0,10.0,790.0,0.0,25.673605331807465,RUNNING,1.0,False,
0.4127,0.0,False,300000.0,1880118.5,0.0,7.027712733804449,7.245064674025206,0.2173519402207562,1.0,10.0,790.0,0.0,25.67360309373783,RUNNING,1.0,False,
0.4128,0.0,False,300000.0,1880118.5,0.0,6.992574170135427,7.208839350655079,0.2162651805196525,1.0,10.0,790.0,0.0,25.67360085563925,RUNNING,1.0,False,
0.41290000000000004,0.0,False,300000.0,1880118.5,0.0,6.95761129928475,7.172795153901804,0.21518385461705414,1.0,10.0,790.0,0.0,25.673598617511903,RUNNING,1.0,False,
0.41300000000000003,0.0,False,300000.0,1880118.5,0.0,6.9228232427883265,7.136931178132295,0.21410793534396877,1.0,10.0,790.0,0.0,25.673596379355974,RUNNING,1.0,False,
0.4131,0.0,False,300000.0,1880118.5,0.0,6.8882091265743846,7.101246522241634,0.2130373956672491,1.0,10.0,790.0,0.0,25.67359414117164,RUNNING,1.0,False,
0.4132,0.0,False,300000.0,1880118.5,0.0,6.853768080941513,7.065740289630425,0.21197220868891264,1.0,10.0,790.0,0.0,25.673591902959085,RUNNING,1.0,False,
0.4133,0.0,False,300000.0,1880118.5,0.0,6.819499240536805,7.0304115881822735,0.2109123476454684,1.0,10.0,790.0,0.0,25.67358966471848,RUNNING,1.0,False,
0.41340000000000005,0.0,False,300000.0,1880118.5,0.0,6.785401744334121,6.995259530241362,0.20985778590724102,1.0,10.0,790.0,0.0,25.67358742645001,RUNNING,1.0,False,
0.41350000000000003,0.0,False,300000.0,1880118.5,0.0,6.75147473561245,6.960283232590155,0.20880849697770465,1.0,10.0,790.0,0.0,25.673585188153847,RUNNING,1.0,False,
0.4136,0.0,False,300000.0,1880118.5,0.0,6.717717361934388,6.925481816427204,0.2077644544928159,1.0,10.0,790.0,0.0,25.67358294983017,RUNNING,1.0,False,
0.4137,0.0,False,300000.0,1880118.5,0.0,6.684128775124716,6.890854407345068,0.20672563222035212,1.0,10.0,790.0,0.0,25.67358071147915,RUNNING,1.0,False,
0.4138,0.0,False,300000.0,1880118.5,0.0,6.650708131249092,6.856400135308343,0.2056920040592507,1.0,10.0,790.0,0.0,25.673578473100967,RUNNING,1.0,False,
0.41390000000000005,0.0,False,300000.0,1880118.5,0.0,6.617454590592847,6.822118134631801,0.20466354403895437,1.0,10.0,790.0,0.0,25.67357623469579,RUNNING,1.0,False,
0.41400000000000003,0.0,False,300000.0,1880118.5,0.0,6.584367317639883,6.788007543958642,0.20364022631875933,1.0,10.0,790.0,0.0,25.673573996263794,RUNNING,1.0,False,
0.4141,0.0,False,300000.0,1880118.5,0.0,6.551445481051683,6.754067506238849,0.202622025187166,1.0,10.0,790.0,0.0,25.67357175780515,RUNNING,1.0,False,
0.4142,0.0,False,300000.0,1880118.5,0.0,6.518688253646425,6.7202971687076545,0.2016089150612297,1.0,10.0,790.0,0.0,25.673569519320026,RUNNING,1.0,False,
0.4143,0.0,False,300000.0,1880118.5,0.0,6.486094812378193,6.686695682864117,0.2006008704859239,1.0,10.0,790.0,0.0,25.67356728080859,RUNNING,1.0,False,
0.41440000000000005,0.0,False,300000.0,1880118.5,0.0,6.453664338316302,6.6532622044497955,0.19959786613349362,1.0,10.0,790.0,0.0,25.67356504227102,RUNNING,1.0,False,
0.41450000000000004,0.0,False,300000.0,1880118.5,0.0,6.421396016624721,6.619995893427547,0.19859987680282654,1.0,10.0,790.0,0.0,25.673562803707473,RUNNING,1.0,False,
0.4146,0.0,False,300000.0,1880118.5,0.0,6.389289036541597,6.58689591396041,0.19760687741881267,1.0,10.0,790.0,0.0,25.673560565118123,RUNNING,1.0,False,
0.4147,0.0,False,300000.0,1880118.5,0.0,6.357342591358889,6.553961434390607,0.19661884303171817,1.0,10.0,790.0,0.0,25.673558326503134,RUNNING,1.0,False,
0.4148,0.0,False,300000.0,1880118.5,0.0,6.325555878402095,6.521191627218655,0.1956357488165601,1.0,10.0,790.0,0.0,25.673556087862675,RUNNING,1.0,False,
0.41490000000000005,0.0,False,300000.0,1880118.5,0.0,6.293928099010084,6.4885856690825605,0.19465757007247664,1.0,10.0,790.0,0.0,25.673553849196907,RUNNING,1.0,False,
0.41500000000000004,0.0,False,300000.0,1880118.5,0.0,6.262458458515034,6.456142740737148,0.1936842822221143,1.0,10.0,790.0,0.0,25.673551610505996,RUNNING,1.0,False,
0.4151,0.0,False,300000.0,1880118.5,0.0,6.231146166222459,6.423862027033463,0.19271586081100445,1.0,10.0,790.0,0.0,25.673549371790102,RUNNING,1.0,False,
0.4152,0.0,False,300000.0,1880118.5,0.0,6.199990435391347,6.391742716898296,0.19175228150694945,1.0,10.0,790.0,0.0,25.673547133049393,RUNNING,1.0,False,
0.4153,0.0,False,300000.0,1880118.5,0.0,6.16899048321439,6.359784003313805,0.19079352009941442,1.0,10.0,790.0,0.0,25.673544894284024,RUNNING,1.0,False,
0.41540000000000005,0.0,False,300000.0,1880118.5,0.0,6.138145530798318,6.327985083297235,0.18983955249891693,1.0,10.0,790.0,0.0,25.67354265549416,RUNNING,1.0,False,
0.41550000000000004,0.0,False,300000.0,1880118.5,0.0,6.107454803144327,6.296345157880749,0.18889035473642224,1.0,10.0,790.0,0.0,25.67354041667996,RUNNING,1.0,False,
0.4156,0.0,False,300000.0,1880118.5,0.0,6.076917529128605,6.264863432091345,0.18794590296274016,1.0,10.0,790.0,0.0,25.673538177841582,RUNNING,1.0,False,
0.4157,0.0,False,300000.0,1880118.5,0.0,6.046532941482962,6.233539114930888,0.18700617344792647,1.0,10.0,790.0,0.0,25.673535938979185,RUNNING,1.0,False,
0.4158,0.0,False,300000.0,1880118.5,0.0,6.016300276775547,6.202371419356234,0.1860711425806869,1.0,10.0,790.0,0.0,25.67353370009293,RUNNING,1.0,False,
0.41590000000000005,0.0,False,300000.0,1880118.5,0.0,5.986218775391669,6.171359562259453,0.1851407868677839,1.0,10.0,790.0,0.0,25.673531461182968,RUNNING,1.0,False,
0.41600000000000004,0.0,False,300000.0,1880118.5,0.0,5.956287681514711,6.140502764448156,0.18421508293344502,1.0,10.0,790.0,0.0,25.673529222249456,RUNNING,1.0,False,
0.4161,0.0,False,300000.0,1880118.5,0.0,5.926506243107138,6.1098002506259155,0.18329400751877767,1.0,10.0,790.0,0.0,25.67352698329255,RUNNING,1.0,False,
0.4162,0.0,False,300000.0,1880118.5,0.0,5.896873711891602,6.079251249372786,0.1823775374811838,1.0,10.0,790.0,0.0,25.673524744312406,RUNNING,1.0,False,
0.4163,0.0,False,300000.0,1880118.5,0.0,5.867389343332144,6.048854993125922,0.1814656497937781,1.0,10.0,790.0,0.0,25.673522505309176,RUNNING,1.0,False,
0.4164,0.0,False,300000.0,1880118.5,0.0,5.838052396615484,6.018610718160293,0.180558321544809,1.0,10.0,790.0,0.0,25.673520266283013,RUNNING,1.0,False,
0.41650000000000004,0.0,False,300000.0,1880118.5,0.0,5.808862134632406,5.988517664569491,0.17965552993708478,1.0,10.0,790.0,0.0,25.67351802723407,RUNNING,1.0,False,
0.4166,0.0,False,300000.0,1880118.5,0.0,5.779817823959244,5.958575076246644,0.17875725228739991,1.0,10.0,790.0,0.0,25.673515788162497,RUNNING,1.0,False,
0.4167,0.0,False,300000.0,1880118.5,0.0,5.750918734839448,5.9287822008654105,0.17786346602596215,1.0,10.0,790.0,0.0,25.673513549068446,RUNNING,1.0,False,
0.4168,0.0,False,300000.0,1880118.5,0.0,5.722164141165251,5.899138289861084,0.17697414869583294,1.0,10.0,790.0,0.0,25.673511309952065,RUNNING,1.0,False,
0.4169,0.0,False,300000.0,1880118.5,0.0,5.693553320459425,5.869642598411779,0.17608927795235374,1.0,10.0,790.0,0.0,25.673509070813505,RUNNING,1.0,False,
0.41700000000000004,0.0,False,300000.0,1880118.5,0.0,5.665085553857128,5.840294385419719,0.1752088315625917,1.0,10.0,790.0,0.0,25.67350683165291,RUNNING,1.0,False,
0.4171,0.0,False,300000.0,1880118.5,0.0,5.636760126087842,5.811092913492621,0.17433278740477842,1.0,10.0,790.0,0.0,25.673504592470433,RUNNING,1.0,False,
0.4172,0.0,False,300000.0,1880118.5,0.0,5.608576325457403,5.782037448925157,0.17346112346775477,1.0,10.0,790.0,0.0,25.67350235326622,RUNNING,1.0,False,
0.4173,0.0,False,300000.0,1880118.5,0.0,5.580533443830116,5.753127261680532,0.17259381785041583,1.0,10.0,790.0,0.0,25.67350011404041,RUNNING,1.0,False,
0.4174,0.0,False,300000.0,1880118.5,0.0,5.5526307766109655,5.724361625372129,0.17173084876116373,1.0,10.0,790.0,0.0,25.67349787479316,RUNNING,1.0,False,
0.41750000000000004,0.0,False,300000.0,1880118.5,0.0,5.5248676227279105,5.6957398172452685,0.1708721945173579,1.0,10.0,790.0,0.0,25.673495635524606,RUNNING,1.0,False,
0.4176,0.0,False,300000.0,1880118.5,0.0,5.497243284614271,5.667261118159042,0.1700178335447715,1.0,10.0,790.0,0.0,25.673493396234893,RUNNING,1.0,False,
0.4177,0.0,False,300000.0,1880118.5,0.0,5.4697570681912,5.638924812568248,0.16916774437704785,1.0,10.0,790.0,0.0,25.673491156924165,RUNNING,1.0,False,
0.4178,0.0,False,300000.0,1880118.5,0.0,5.442408282850244,5.610730188505406,0.16832190565516214,1.0,10.0,790.0,0.0,25.673488917592568,RUNNING,1.0,False,
0.4179,0.0,False,300000.0,1880118.5,0.0,5.415196241435993,5.58267653756288,0.16748029612688686,1.0,10.0,790.0,0.0,25.67348667824024,RUNNING,1.0,False,
0.41800000000000004,0.0,False,300000.0,1880118.5,0.0,5.3881202602288125,5.554763154875064,0.1666428946462517,1.0,10.0,790.0,0.0,25.673484438867323,RUNNING,1.0,False,
0.4181,0.0,False,300000.0,1880118.5,0.0,5.361179658927669,5.526989339100689,0.16580968017302045,1.0,10.0,790.0,0.0,25.673482199473955,RUNNING,1.0,False,
0.4182,0.0,False,300000.0,1880118.5,0.0,5.334373760633031,5.499354392405186,0.16498063177215538,1.0,10.0,790.0,0.0,25.67347996006028,RUNNING,1.0,False,
0.4183,0.0,False,300000.0,1880118.5,0.0,5.307701891829866,5.471857620443161,0.16415572861329508,1.0,10.0,790.0,0.0,25.673477720626433,RUNNING,1.0,False,
0.4184,0.0,False,300000.0,1880118.5,0.0,5.281163382370717,5.444498332340945,0.16333494997022857,1.0,10.0,790.0,0.0,25.673475481172556,RUNNING,1.0,False,
0.41850000000000004,0.0,False,300000.0,1880118.5,0.0,5.254757565458863,5.417275840679241,0.16251827522037754,1.0,10.0,790.0,0.0,25.673473241698783,RUNNING,1.0,False,
0.4186,0.0,False,300000.0,1880118.5,0.0,5.228483777631569,5.3901894614758445,0.16170568384427586,1.0,10.0,790.0,0.0,25.673471002205254,RUNNING,1.0,False,
0.4187,0.0,False,300000.0,1880118.5,0.0,5.202341358743411,5.363238514168465,0.16089715542505445,1.0,10.0,790.0,0.0,25.673468762692103,RUNNING,1.0,False,
0.4188,0.0,False,300000.0,1880118.5,0.0,5.176329651949693,5.336422321597622,0.1600926696479288,1.0,10.0,790.0,0.0,25.673466523159465,RUNNING,1.0,False,
0.4189,0.0,False,300000.0,1880118.5,0.0,5.150448003689945,5.309740209989634,0.1592922062996891,1.0,10.0,790.0,0.0,25.673464283607476,RUNNING,1.0,False,
0.41900000000000004,0.0,False,300000.0,1880118.5,0.0,5.124695763671496,5.283191508939686,0.15849574526819055,1.0,10.0,790.0,0.0,25.67346204403627,RUNNING,1.0,False,
0.41910000000000003,0.0,False,300000.0,1880118.5,0.0,5.099072284853138,5.256775551394988,0.15770326654184963,1.0,10.0,790.0,0.0,25.673459804445983,RUNNING,1.0,False,
0.4192,0.0,False,300000.0,1880118.5,0.0,5.073576923428872,5.230491673638013,0.15691475020914059,1.0,10.0,790.0,0.0,25.673457564836745,RUNNING,1.0,False,
0.4193,0.0,False,300000.0,1880118.5,0.0,5.048209038811728,5.2043392152698225,0.15613017645809446,1.0,10.0,790.0,0.0,25.67345532520869,RUNNING,1.0,False,
0.4194,0.0,False,300000.0,1880118.5,0.0,5.022967993617669,5.178317519193474,0.1553495255758044,1.0,10.0,790.0,0.0,25.673453085561945,RUNNING,1.0,False,
0.41950000000000004,0.0,False,300000.0,1880118.5,0.0,4.997853153649581,5.152425931597507,0.15457277794792557,1.0,10.0,790.0,0.0,25.673450845896646,RUNNING,1.0,False,
0.41960000000000003,0.0,False,300000.0,1880118.5,0.0,4.972863887881333,5.126663801939519,0.15379991405818583,1.0,10.0,790.0,0.0,25.67344860621292,RUNNING,1.0,False,
0.4197,0.0,False,300000.0,1880118.5,0.0,4.947999568441927,5.101030482929821,0.15303091448789452,1.0,10.0,790.0,0.0,25.673446366510895,RUNNING,1.0,False,
0.4198,0.0,False,300000.0,1880118.5,0.0,4.923259570599717,5.0755253305151715,0.15226575991545488,1.0,10.0,790.0,0.0,25.673444126790702,RUNNING,1.0,False,
0.4199,0.0,False,300000.0,1880118.5,0.0,4.898643272746718,5.050147703862597,0.1515044311158782,1.0,10.0,790.0,0.0,25.673441887052473,RUNNING,1.0,False,
0.42000000000000004,0.0,False,300000.0,1880118.5,0.0,4.874150056382985,5.024896965343284,0.15074690896029885,1.0,10.0,790.0,0.0,25.67343964729633,RUNNING,1.0,False,
0.42010000000000003,0.0,False,300000.0,1880118.5,0.0,4.84977930610107,4.999772480516567,0.14999317441549742,1.0,10.0,790.0,0.0,25.673437407522403,RUNNING,1.0,False,
0.4202,0.0,False,300000.0,1880118.5,0.0,4.825530409570565,4.974773618113985,0.1492432085434201,1.0,10.0,790.0,0.0,25.67343516773082,RUNNING,1.0,False,
0.4203,0.0,False,300000.0,1880118.5,0.0,4.801402757522712,4.949899750023414,0.1484969925007027,1.0,10.0,790.0,0.0,25.6734329279217,RUNNING,1.0,False,
0.4204,0.0,False,300000.0,1880118.5,0.0,4.777395743735098,4.925150251273297,0.14775450753819896,1.0,10.0,790.0,0.0,25.673430688095173,RUNNING,1.0,False,
0.42050000000000004,0.0,False,300000.0,1880118.5,0.0,4.753508765016423,4.900524500016931,0.14701573500050813,1.0,10.0,790.0,0.0,25.673428448251364,RUNNING,1.0,False,
0.42060000000000003,0.0,False,300000.0,1880118.5,0.0,4.7297412211913405,4.8760218775168465,0.1462806563255059,1.0,10.0,790.0,0.0,25.673426208390396,RUNNING,1.0,False,
0.4207,0.0,False,300000.0,1880118.5,0.0,4.706092515085384,4.851641768129262,0.14554925304387822,1.0,10.0,790.0,0.0,25.673423968512388,RUNNING,1.0,False,
0.4208,0.0,False,300000.0,1880118.5,0.0,4.682562052509957,4.827383559288616,0.14482150677865846,1.0,10.0,790.0,0.0,25.67342172861747,RUNNING,1.0,False,
0.4209,0.0,False,300000.0,1880118.5,0.0,4.659149242247407,4.803246641492173,0.1440973992447656,1.0,10.0,790.0,0.0,25.673419488705758,RUNNING,1.0,False,
0.42100000000000004,0.0,False,300000.0,1880118.5,0.0,4.63585349603617,4.779230408284712,0.14337691224854154,1.0,10.0,790.0,0.0,25.673417248777376,RUNNING,1.0,False,
0.42110000000000003,0.0,False,300000.0,1880118.5,0.0,4.612674228555989,4.755334256243288,0.1426600276872989,1.0,10.0,790.0,0.0,25.673415008832443,RUNNING,1.0,False,
0.4212,0.0,False,300000.0,1880118.5,0.0,4.589610857413209,4.731557584962071,0.14194672754886195,1.0,10.0,790.0,0.0,25.67341276887108,RUNNING,1.0,False,
0.4213,0.0,False,300000.0,1880118.5,0.0,4.566662803126143,4.707899797037261,0.141236993911118,1.0,10.0,790.0,0.0,25.67341052889341,RUNNING,1.0,False,
0.4214,0.0,False,300000.0,1880118.5,0.0,4.543829489110513,4.684360298052075,0.14053080894156267,1.0,10.0,790.0,0.0,25.673408288899548,RUNNING,1.0,False,
0.42150000000000004,0.0,False,300000.0,1880118.5,0.0,4.5211103416649605,4.6609384965618155,0.13982815489685496,1.0,10.0,790.0,0.0,25.67340604888961,RUNNING,1.0,False,
0.42160000000000003,0.0,False,300000.0,1880118.5,0.0,4.498504789956636,4.637633804079006,0.13912901412237044,1.0,10.0,790.0,0.0,25.673403808863718,RUNNING,1.0,False,
0.4217,0.0,False,300000.0,1880118.5,0.0,4.476012266006853,4.614445635058611,0.13843336905175807,1.0,10.0,790.0,0.0,25.673401568821987,RUNNING,1.0,False,
0.4218,0.0,False,300000.0,1880118.5,0.0,4.453632204676818,4.591373406883318,0.13774120220649966,1.0,10.0,790.0,0.0,25.673399328764535,RUNNING,1.0,False,
0.4219,0.0,False,300000.0,1880118.5,0.0,4.431364043653434,4.568416539848902,0.13705249619546755,1.0,10.0,790.0,0.0,25.67339708869148,RUNNING,1.0,False,
0.42200000000000004,0.0,False,300000.0,1880118.5,0.0,4.409207223435167,4.545574457149656,0.13636723371448944,1.0,10.0,790.0,0.0,25.673394848602936,RUNNING,1.0,False,
0.42210000000000003,0.0,False,300000.0,1880118.5,0.0,4.387161187317991,4.522846584863909,0.13568539754591757,1.0,10.0,790.0,0.0,25.673392608499015,RUNNING,1.0,False,
0.4222,0.0,False,300000.0,1880118.5,0.0,4.365225381381401,4.500232351939589,0.13500697055818822,1.0,10.0,790.0,0.0,25.67339036837983,RUNNING,1.0,False,
0.4223,0.0,False,300000.0,1880118.5,0.0,4.343399254474494,4.477731190179891,0.13433193570539714,1.0,10.0,790.0,0.0,25.673388128245502,RUNNING,1.0,False,
0.4224,0.0,False,300000.0,1880118.5,0.0,4.321682258202121,4.455342534228991,0.1336602760268697,1.0,10.0,790.0,0.0,25.67338588809614,RUNNING,1.0,False,
0.42250000000000004,0.0,False,300000.0,1880118.5,0.0,4.30007384691111,4.433065821557846,0.1329919746467354,1.0,10.0,790.0,0.0,25.673383647931853,RUNNING,1.0,False,
0.42260000000000003,0.0,False,300000.0,1880118.5,0.0,4.278573477676555,4.4109004924500566,0.13232701477350162,1.0,10.0,790.0,0.0,25.67338140775276,RUNNING,1.0,False,
0.4227,0.0,False,300000.0,1880118.5,0.0,4.257180610288172,4.388845989987806,0.13166537969963432,1.0,10.0,790.0,0.0,25.67337916755897,RUNNING,1.0,False,
0.4228,0.0,False,300000.0,1880118.5,0.0,4.2358947072367314,4.366901760037868,0.13100705280113623,1.0,10.0,790.0,0.0,25.673376927350592,RUNNING,1.0,False,
0.4229,0.0,False,300000.0,1880118.5,0.0,4.214715233700548,4.345067251237678,0.13035201753713022,1.0,10.0,790.0,0.0,25.673374687127737,RUNNING,1.0,False,
0.42300000000000004,0.0,False,300000.0,1880118.5,0.0,4.193641657532045,4.32334191498149,0.12970025744944458,1.0,10.0,790.0,0.0,25.673372446890514,RUNNING,1.0,False,
0.42310000000000003,0.0,False,300000.0,1880118.5,0.0,4.172673449244385,4.301725205406583,0.12905175616219733,1.0,10.0,790.0,0.0,25.673370206639035,RUNNING,1.0,False,
0.4232,0.0,False,300000.0,1880118.5,0.0,4.151810081998163,4.28021657937955,0.12840649738138676,1.0,10.0,790.0,0.0,25.673367966373405,RUNNING,1.0,False,
0.4233,0.0,False,300000.0,1880118.5,0.0,4.131051031588172,4.258815496482652,0.12776446489447935,1.0,10.0,790.0,0.0,25.673365726093735,RUNNING,1.0,False,
0.4234,0.0,False,300000.0,1880118.5,0.0,4.110395776430232,4.237521419000239,0.12712564257000736,1.0,10.0,790.0,0.0,25.67336348580013,RUNNING,1.0,False,
0.42350000000000004,0.0,False,300000.0,1880118.5,0.0,4.08984379754808,4.216333811905238,0.12649001435715768,1.0,10.0,790.0,0.0,25.6733612454927,RUNNING,1.0,False,
0.42360000000000003,0.0,False,300000.0,1880118.5,0.0,4.06939457856034,4.195252142845711,0.1258575642853712,1.0,10.0,790.0,0.0,25.673359005171548,RUNNING,1.0,False,
0.4237,0.0,False,300000.0,1880118.5,0.0,4.049047605667538,4.174275882131483,0.12522827646394497,1.0,10.0,790.0,0.0,25.673356764836782,RUNNING,1.0,False,
0.4238,0.0,False,300000.0,1880118.5,0.0,4.028802367639201,4.153404502720825,0.12460213508162443,1.0,10.0,790.0,0.0,25.67335452448851,RUNNING,1.0,False,
0.4239,0.0,False,300000.0,1880118.5,0.0,4.008658355801004,4.132637480207221,0.12397912440621717,1.0,10.0,790.0,0.0,25.673352284126832,RUNNING,1.0,False,
0.42400000000000004,0.0,False,300000.0,1880118.5,0.0,3.988615064021999,4.111974292806185,0.12335922878418559,1.0,10.0,790.0,0.0,25.673350043751856,RUNNING,1.0,False,
0.42410000000000003,0.0,False,300000.0,1880118.5,0.0,3.968671988701889,4.0914144213421535,0.12274243264026463,1.0,10.0,790.0,0.0,25.673347803363686,RUNNING,1.0,False,
0.4242,0.0,False,300000.0,1880118.5,0.0,3.9488286287583794,4.070957349235443,0.1221287204770638,1.0,10.0,790.0,0.0,25.673345562962425,RUNNING,1.0,False,
0.4243,0.0,False,300000.0,1880118.5,0.0,3.9290844856145877,4.050602562489265,0.12151807687467775,1.0,10.0,790.0,0.0,25.67334332254817,RUNNING,1.0,False,
0.4244,0.0,False,300000.0,1880118.5,0.0,3.9094390631865146,4.030349549676819,0.12091048649030434,1.0,10.0,790.0,0.0,25.67334108212103,RUNNING,1.0,False,
0.42450000000000004,0.0,False,300000.0,1880118.5,0.0,3.889891867870582,4.0101978019284354,0.12030593405785339,1.0,10.0,790.0,0.0,25.673338841681108,RUNNING,1.0,False,
0.42460000000000003,0.0,False,300000.0,1880118.5,0.0,3.870442408531229,3.990146812918793,0.11970440438756391,1.0,10.0,790.0,0.0,25.6733366012285,RUNNING,1.0,False,
0.4247,0.0,False,300000.0,1880118.5,0.0,3.8510901964885726,3.970196078854199,0.11910588236562614,1.0,10.0,790.0,0.0,25.67333436076331,RUNNING,1.0,False,
0.4248,0.0,False,300000.0,1880118.5,0.0,3.83183474550613,3.9503450984599278,0.11851035295379786,1.0,10.0,790.0,0.0,25.673332120285636,RUNNING,1.0,False,
0.4249,0.0,False,300000.0,1880118.5,0.0,3.812675571778599,3.9305933729676283,0.11791780118902917,1.0,10.0,790.0,0.0,25.67332987979558,RUNNING,1.0,False,
0.42500000000000004,0.0,False,300000.0,1880118.5,0.0,3.793612193919706,3.9109404061027897,0.11732821218308365,1.0,10.0,790.0,0.0,25.67332763929324,RUNNING,1.0,False,
0.42510000000000003,0.0,False,300000.0,1880118.5,0.0,3.7746441329501077,3.891385704072276,0.11674157112216843,1.0,10.0,790.0,0.0,25.67332539877872,RUNNING,1.0,False,
0.4252,0.0,False,300000.0,1880118.5,0.0,3.755770912285357,3.8719287755519147,0.11615786326655764,1.0,10.0,790.0,0.0,25.67332315825211,RUNNING,1.0,False,
0.4253,0.0,False,300000.0,1880118.5,0.0,3.7369920577239304,3.852569131674155,0.11557707395022465,1.0,10.0,790.0,0.0,25.67332091771351,RUNNING,1.0,False,
0.4254,0.0,False,300000.0,1880118.5,0.0,3.7183070974353107,3.8333062860157843,0.11499918858047353,1.0,10.0,790.0,0.0,25.67331867716302,RUNNING,1.0,False,
0.42550000000000004,0.0,False,300000.0,1880118.5,0.0,3.699715561948134,3.8141397545857054,0.11442419263757131,1.0,10.0,790.0,0.0,25.673316436600736,RUNNING,1.0,False,
0.42560000000000003,0.0,False,300000.0,1880118.5,0.0,3.6812169841383935,3.795069055812777,0.11385207167438338,1.0,10.0,790.0,0.0,25.673314196026755,RUNNING,1.0,False,
0.4257,0.0,False,300000.0,1880118.5,0.0,3.6628108992177015,3.776093710533713,0.11328281131601159,1.0,10.0,790.0,0.0,25.67331195544117,RUNNING,1.0,False,
0.4258,0.0,False,300000.0,1880118.5,0.0,3.644496844721613,3.7572132419810442,0.11271639725943139,1.0,10.0,790.0,0.0,25.67330971484408,RUNNING,1.0,False,
0.4259,0.0,False,300000.0,1880118.5,0.0,3.626274360498005,3.738427175771139,0.11215281527313437,1.0,10.0,790.0,0.0,25.67330747423558,RUNNING,1.0,False,
0.42600000000000005,0.0,False,300000.0,1880118.5,0.0,3.6081429886955148,3.7197350398922833,0.11159205119676852,1.0,10.0,790.0,0.0,25.673305233615757,RUNNING,1.0,False,
0.42610000000000003,0.0,False,300000.0,1880118.5,0.0,3.5901022737520374,3.701136364692822,0.11103409094078476,1.0,10.0,790.0,0.0,25.673302992984713,RUNNING,1.0,False,
0.4262,0.0,False,300000.0,1880118.5,0.0,3.5721517623832773,3.682630682869358,0.11047892048608077,1.0,10.0,790.0,0.0,25.673300752342538,RUNNING,1.0,False,
0.4263,0.0,False,300000.0,1880118.5,0.0,3.554291003571361,3.6642175294550117,0.1099265258836506,1.0,10.0,790.0,0.0,25.673298511689328,RUNNING,1.0,False,
0.4264,0.0,False,300000.0,1880118.5,0.0,3.536519548553504,3.645896441807736,0.10937689325423205,1.0,10.0,790.0,0.0,25.673296271025173,RUNNING,1.0,False,
0.42650000000000005,0.0,False,300000.0,1880118.5,0.0,3.5188369508107367,3.627666959598698,0.10883000878796123,1.0,10.0,790.0,0.0,25.673294030350167,RUNNING,1.0,False,
0.42660000000000003,0.0,False,300000.0,1880118.5,0.0,3.501242766056683,3.609528624800704,0.10828585874402119,1.0,10.0,790.0,0.0,25.6732917896644,RUNNING,1.0,False,
0.4267,0.0,False,300000.0,1880118.5,0.0,3.4837365522263997,3.5914809816767006,0.10774442945030094,1.0,10.0,790.0,0.0,25.673289548967965,RUNNING,1.0,False,
0.4268,0.0,False,300000.0,1880118.5,0.0,3.466317869465268,3.5735235767683173,0.10720570730304946,1.0,10.0,790.0,0.0,25.67328730826095,RUNNING,1.0,False,
0.4269,0.0,False,300000.0,1880118.5,0.0,3.4489862801179414,3.5556559588844756,0.10666967876653421,1.0,10.0,790.0,0.0,25.673285067543446,RUNNING,1.0,False,
0.42700000000000005,0.0,False,300000.0,1880118.5,0.0,3.4317413487173516,3.5378776790900535,0.10613633037270187,1.0,10.0,790.0,0.0,25.673282826815544,RUNNING,1.0,False,
0.42710000000000004,0.0,False,300000.0,1880118.5,0.0,3.414582641973765,3.520188290694603,0.10560564872083811,1.0,10.0,790.0,0.0,25.673280586077333,RUNNING,1.0,False,
0.4272,0.0,False,300000.0,1880118.5,0.0,3.3975097287638962,3.5025873492411304,0.10507762047723412,1.0,10.0,790.0,0.0,25.6732783453289,RUNNING,1.0,False,
0.4273,0.0,False,300000.0,1880118.5,0.0,3.3805221801200767,3.4850744124949244,0.10455223237484779,1.0,10.0,790.0,0.0,25.673276104570334,RUNNING,1.0,False,
0.4274,0.0,False,300000.0,1880118.5,0.0,3.3636195692194764,3.46764904043245,0.10402947121297368,1.0,10.0,790.0,0.0,25.673273863801725,RUNNING,1.0,False,
0.42750000000000005,0.0,False,300000.0,1880118.5,0.0,3.346801471373379,3.450310795230288,0.1035093238569087,1.0,10.0,790.0,0.0,25.67327162302316,RUNNING,1.0,False,
0.42760000000000004,0.0,False,300000.0,1880118.5,0.0,3.3300674640165124,3.4330592412541368,0.10299177723762432,1.0,10.0,790.0,0.0,25.67326938223473,RUNNING,1.0,False,
0.4277,0.0,False,300000.0,1880118.5,0.0,3.31341712669643,3.4158939450478663,0.10247681835143618,1.0,10.0,790.0,0.0,25.673267141436515,RUNNING,1.0,False,
0.4278,0.0,False,300000.0,1880118.5,0.0,3.2968500410629478,3.398814475322627,0.10196443425967905,1.0,10.0,790.0,0.0,25.673264900628602,RUNNING,1.0,False,
0.4279,0.0,False,300000.0,1880118.5,0.0,3.280365790857633,3.3818204029460133,0.10145461208838036,1.0,10.0,790.0,0.0,25.67326265981108,RUNNING,1.0,False,
0.42800000000000005,0.0,False,300000.0,1880118.5,0.0,3.263963961903345,3.3649113009312837,0.10094733902793873,1.0,10.0,790.0,0.0,25.673260418984036,RUNNING,1.0,False,
0.42810000000000004,0.0,False,300000.0,1880118.5,0.0,3.247644142093828,3.348086744426627,0.10044260233279889,1.0,10.0,790.0,0.0,25.67325817814755,RUNNING,1.0,False,
0.4282,0.0,False,300000.0,1880118.5,0.0,3.231405921383359,3.331346310704494,0.09994038932113503,1.0,10.0,790.0,0.0,25.673255937301708,RUNNING,1.0,False,
0.4283,0.0,False,300000.0,1880118.5,0.0,3.2152488917764424,3.3146895791509716,0.09944068737452927,1.0,10.0,790.0,0.0,25.673253696446597,RUNNING,1.0,False,
0.4284,0.0,False,300000.0,1880118.5,0.0,3.1991726473175603,3.2981161312552167,0.0989434839376564,1.0,10.0,790.0,0.0,25.6732514555823,RUNNING,1.0,False,
0.42850000000000005,0.0,False,300000.0,1880118.5,0.0,3.1831767840809726,3.281625550598941,0.09844876651796852,1.0,10.0,790.0,0.0,25.673249214708896,RUNNING,1.0,False,
0.42860000000000004,0.0,False,300000.0,1880118.5,0.0,3.1672609001605676,3.265217422845946,0.09795652268537847,1.0,10.0,790.0,0.0,25.673246973826473,RUNNING,1.0,False,
0.4287,0.0,False,300000.0,1880118.5,0.0,3.1514245956597646,3.248891335731716,0.09746674007195155,1.0,10.0,790.0,0.0,25.67324473293511,RUNNING,1.0,False,
0.4288,0.0,False,300000.0,1880118.5,0.0,3.1356674726814657,3.2326468790530574,0.09697940637159164,1.0,10.0,790.0,0.0,25.67324249203489,RUNNING,1.0,False,
0.4289,0.0,False,300000.0,1880118.5,0.0,3.1199891353180584,3.2164836446577922,0.0964945093397338,1.0,10.0,790.0,0.0,25.673240251125897,RUNNING,1.0,False,
0.42900000000000005,0.0,False,300000.0,1880118.5,0.0,3.104389189641468,3.2004012264345034,0.09601203679303527,1.0,10.0,790.0,0.0,25.67323801020821,RUNNING,1.0,False,
0.42910000000000004,0.0,False,300000.0,1880118.5,0.0,3.0888672436932607,3.1843992203023306,0.09553197660906987,1.0,10.0,790.0,0.0,25.67323576928191,RUNNING,1.0,False,
0.4292,0.0,False,300000.0,1880118.5,0.0,3.0734229074747943,3.168477224200819,0.09505431672602471,1.0,10.0,790.0,0.0,25.673233528347076,RUNNING,1.0,False,
0.4293,0.0,False,300000.0,1880118.5,0.0,3.05805579293742,3.152634838079815,0.09457904514239468,1.0,10.0,790.0,0.0,25.67323128740379,RUNNING,1.0,False,
0.4294,0.0,False,300000.0,1880118.5,0.0,3.042765513972733,3.1368716638894156,0.09410614991668265,1.0,10.0,790.0,0.0,25.673229046452136,RUNNING,1.0,False,
0.4295,0.0,False,300000.0,1880118.5,0.0,3.0275516864028695,3.121187305569969,0.09363561916709928,1.0,10.0,790.0,0.0,25.673226805492185,RUNNING,1.0,False,
0.42960000000000004,0.0,False,300000.0,1880118.5,0.0,3.0124139279708553,3.105581369042119,0.09316744107126373,1.0,10.0,790.0,0.0,25.67322456452402,RUNNING,1.0,False,
0.4297,0.0,False,300000.0,1880118.5,0.0,2.997351858331001,3.0900534621969085,0.09270160386590742,1.0,10.0,790.0,0.0,25.67322232354772,RUNNING,1.0,False,
0.4298,0.0,False,300000.0,1880118.5,0.0,2.982365099039346,3.074603194885924,0.09223809584657783,1.0,10.0,790.0,0.0,25.67322008256336,RUNNING,1.0,False,
0.4299,0.0,False,300000.0,1880118.5,0.0,2.9674532735441495,3.0592301789114944,0.09177690536734495,1.0,10.0,790.0,0.0,25.673217841571024,RUNNING,1.0,False,
0.43,0.0,False,300000.0,1880118.5,0.0,2.9526160071764287,3.043934028016937,0.09131802084050822,1.0,10.0,790.0,0.0,25.67321560057078,RUNNING,1.0,False,
0.43010000000000004,0.0,False,300000.0,1880118.5,0.0,2.9378529271405465,3.028714357876852,0.09086143073630559,1.0,10.0,790.0,0.0,25.673213359562713,RUNNING,1.0,False,
0.4302,0.0,False,300000.0,1880118.5,0.0,2.9231636625048436,3.0135707860874676,0.09040712358262404,1.0,10.0,790.0,0.0,25.673211118546895,RUNNING,1.0,False,
0.4303,0.0,False,300000.0,1880118.5,0.0,2.9085478441923196,2.9985029321570305,0.08995508796471086,1.0,10.0,790.0,0.0,25.673208877523404,RUNNING,1.0,False,
0.4304,0.0,False,300000.0,1880118.5,0.0,2.894005104971358,2.9835104174962455,0.08950531252488725,1.0,10.0,790.0,0.0,25.673206636492313,RUNNING,1.0,False,
0.4305,0.0,False,300000.0,1880118.5,0.0,2.8795350794465016,2.9685928654087648,0.08905778596226321,1.0,10.0,790.0,0.0,25.673204395453702,RUNNING,1.0,False,
0.43060000000000004,0.0,False,300000.0,1880118.5,0.0,2.865137404049269,2.9537499010817205,0.08861249703245155,1.0,10.0,790.0,0.0,25.673202154407644,RUNNING,1.0,False,
0.4307,0.0,False,300000.0,1880118.5,0.0,2.8508117170290226,2.938981151576312,0.08816943454728943,1.0,10.0,790.0,0.0,25.673199913354214,RUNNING,1.0,False,
0.4308,0.0,False,300000.0,1880118.5,0.0,2.8365576584438776,2.9242862458184304,0.0877285873745528,1.0,10.0,790.0,0.0,25.673197672293483,RUNNING,1.0,False,
0.4309,0.0,False,300000.0,1880118.5,0.0,2.822374870151658,2.9096648145893385,0.08728994443768023,1.0,10.0,790.0,0.0,25.67319543122553,RUNNING,1.0,False,
0.431,0.0,False,300000.0,1880118.5,0.0,2.8082629958009,2.8951164905163917,0.08685349471549175,1.0,10.0,790.0,0.0,25.673193190150425,RUNNING,1.0,False,
0.43110000000000004,0.0,False,300000.0,1880118.5,0.0,2.7942216808218956,2.88064090806381,0.08641922724191442,1.0,10.0,790.0,0.0,25.67319094906824,RUNNING,1.0,False,
0.4312,0.0,False,300000.0,1880118.5,0.0,2.780250572417786,2.866237703523491,0.08598713110570477,1.0,10.0,790.0,0.0,25.67318870797905,RUNNING,1.0,False,
0.4313,0.0,False,300000.0,1880118.5,0.0,2.7663493195556974,2.8519065150058736,0.08555719545017615,1.0,10.0,790.0,0.0,25.673186466882928,RUNNING,1.0,False,
0.4314,0.0,False,300000.0,1880118.5,0.0,2.752517572957919,2.8376469824308446,0.08512940947292558,1.0,10.0,790.0,0.0,25.673184225779945,RUNNING,1.0,False,
0.4315,0.0,False,300000.0,1880118.5,0.0,2.7387549850931294,2.82345874751869,0.08470376242556066,1.0,10.0,790.0,0.0,25.673181984670173,RUNNING,1.0,False,
0.43160000000000004,0.0,False,300000.0,1880118.5,0.0,2.725061210167664,2.809341453781097,0.08428024361343311,1.0,10.0,790.0,0.0,25.673179743553682,RUNNING,1.0,False,
0.43170000000000003,0.0,False,300000.0,1880118.5,0.0,2.7114359041168257,2.7952947465121913,0.08385884239536567,1.0,10.0,790.0,0.0,25.673177502430544,RUNNING,1.0,False,
0.4318,0.0,False,300000.0,1880118.5,0.0,2.6978787245962415,2.7813182727796306,0.08343954818338917,1.0,10.0,790.0,0.0,25.67317526130083,RUNNING,1.0,False,
0.4319,0.0,False,300000.0,1880118.5,0.0,2.6843893309732603,2.7674116814157323,0.08302235044247208,1.0,10.0,790.0,0.0,25.67317302016461,RUNNING,1.0,False,
0.432,0.0,False,300000.0,1880118.5,0.0,2.670967384318394,2.753574623008654,0.08260723869025988,1.0,10.0,790.0,0.0,25.673170779021955,RUNNING,1.0,False,
0.43210000000000004,0.0,False,300000.0,1880118.5,0.0,2.657612547396802,2.7398067498936105,0.08219420249680853,1.0,10.0,790.0,0.0,25.673168537872932,RUNNING,1.0,False,
0.43220000000000003,0.0,False,300000.0,1880118.5,0.0,2.644324484659818,2.7261077161441425,0.08178323148432431,1.0,10.0,790.0,0.0,25.673166296717614,RUNNING,1.0,False,
0.4323,0.0,False,300000.0,1880118.5,0.0,2.631102862236519,2.7124771775634215,0.08137431532690265,1.0,10.0,790.0,0.0,25.673164055556065,RUNNING,1.0,False,
0.4324,0.0,False,300000.0,1880118.5,0.0,2.617947347925336,2.6989147916756044,0.08096744375026832,1.0,10.0,790.0,0.0,25.673161814388358,RUNNING,1.0,False,
0.4325,0.0,False,300000.0,1880118.5,0.0,2.6048576111857096,2.6854202177172266,0.08056260653151703,1.0,10.0,790.0,0.0,25.67315957321456,RUNNING,1.0,False,
0.43260000000000004,0.0,False,300000.0,1880118.5,0.0,2.591833323129781,2.67199311662864,0.08015979349885916,1.0,10.0,790.0,0.0,25.673157332034734,RUNNING,1.0,False,
0.43270000000000003,0.0,False,300000.0,1880118.5,0.0,2.578874156514132,2.658633151045497,0.07975899453136481,1.0,10.0,790.0,0.0,25.673155090848955,RUNNING,1.0,False,
0.4328,0.0,False,300000.0,1880118.5,0.0,2.5659797857315616,2.6453399852902697,0.0793601995587081,1.0,10.0,790.0,0.0,25.673152849657285,RUNNING,1.0,False,
0.4329,0.0,False,300000.0,1880118.5,0.0,2.553149886802904,2.6321132853638187,0.07896339856091483,1.0,10.0,790.0,0.0,25.673150608459792,RUNNING,1.0,False,
0.433,0.0,False,300000.0,1880118.5,0.0,2.5403841373688896,2.6189527189369994,0.07856858156810986,1.0,10.0,790.0,0.0,25.673148367256545,RUNNING,1.0,False,
0.43310000000000004,0.0,False,300000.0,1880118.5,0.0,2.527682216682045,2.605857955342315,0.07817573866026972,1.0,10.0,790.0,0.0,25.673146126047605,RUNNING,1.0,False,
0.43320000000000003,0.0,False,300000.0,1880118.5,0.0,2.515043805598635,2.592828665565603,0.07778485996696816,1.0,10.0,790.0,0.0,25.673143884833042,RUNNING,1.0,False,
0.4333,0.0,False,300000.0,1880118.5,0.0,2.5024685865706418,2.579864522237775,0.07739593566713321,1.0,10.0,790.0,0.0,25.673141643612922,RUNNING,1.0,False,
0.4334,0.0,False,300000.0,1880118.5,0.0,2.4899562436377884,2.566965199626586,0.07700895598879764,1.0,10.0,790.0,0.0,25.673139402387307,RUNNING,1.0,False,
0.4335,0.0,False,300000.0,1880118.5,0.0,2.4775064624195995,2.5541303736284533,0.07662391120885381,1.0,10.0,790.0,0.0,25.673137161156262,RUNNING,1.0,False,
0.43360000000000004,0.0,False,300000.0,1880118.5,0.0,2.4651189301075016,2.541359721760311,0.07624079165280939,1.0,10.0,790.0,0.0,25.673134919919857,RUNNING,1.0,False,
0.43370000000000003,0.0,False,300000.0,1880118.5,0.0,2.452793335456964,2.5286529231515096,0.07585958769454537,1.0,10.0,790.0,0.0,25.67313267867815,RUNNING,1.0,False,
0.4338,0.0,False,300000.0,1880118.5,0.0,2.4405293687796794,2.516009658535752,0.07548028975607268,1.0,10.0,790.0,0.0,25.673130437431208,RUNNING,1.0,False,
0.4339,0.0,False,300000.0,1880118.5,0.0,2.428326721935781,2.5034296102430735,0.07510288830729239,1.0,10.0,790.0,0.0,25.673128196179093,RUNNING,1.0,False,
0.434,0.0,False,300000.0,1880118.5,0.0,2.416185088326102,2.490912462191858,0.0747273738657559,1.0,10.0,790.0,0.0,25.67312595492187,RUNNING,1.0,False,
0.43410000000000004,0.0,False,300000.0,1880118.5,0.0,2.4041041628844715,2.4784578998808984,0.07435373699642689,1.0,10.0,790.0,0.0,25.6731237136596,RUNNING,1.0,False,
0.43420000000000003,0.0,False,300000.0,1880118.5,0.0,2.392083642070049,2.466065610381494,0.0739819683114451,1.0,10.0,790.0,0.0,25.673121472392346,RUNNING,1.0,False,
0.4343,0.0,False,300000.0,1880118.5,0.0,2.380123223859699,2.453735282329587,0.07361205846988783,1.0,10.0,790.0,0.0,25.67311923112017,RUNNING,1.0,False,
0.4344,0.0,False,300000.0,1880118.5,0.0,2.3682226077404005,2.4414666059179386,0.07324399817753813,1.0,10.0,790.0,0.0,25.673116989843138,RUNNING,1.0,False,
0.4345,0.0,False,300000.0,1880118.5,0.0,2.3563814947016986,2.4292592728883493,0.07287777818665075,1.0,10.0,790.0,0.0,25.673114748561304,RUNNING,1.0,False,
0.43460000000000004,0.0,False,300000.0,1880118.5,0.0,2.34459958722819,2.4171129765239074,0.07251338929571727,1.0,10.0,790.0,0.0,25.673112507274734,RUNNING,1.0,False,
0.43470000000000003,0.0,False,300000.0,1880118.5,0.0,2.332876589292049,2.4050274116412877,0.07215082234923864,1.0,10.0,790.0,0.0,25.67311026598349,RUNNING,1.0,False,
0.4348,0.0,False,300000.0,1880118.5,0.0,2.3212122063455887,2.3930022745830812,0.07179006823749257,1.0,10.0,790.0,0.0,25.67310802468763,RUNNING,1.0,False,
0.4349,0.0,False,300000.0,1880118.5,0.0,2.3096061453138605,2.3810372632101657,0.07143111789630519,1.0,10.0,790.0,0.0,25.673105783387214,RUNNING,1.0,False,
0.435,0.0,False,300000.0,1880118.5,0.0,2.2980581145872914,2.369132076894115,0.07107396230682372,1.0,10.0,790.0,0.0,25.673103542082305,RUNNING,1.0,False,
0.43510000000000004,0.0,False,300000.0,1880118.5,0.0,2.2865678240143548,2.3572864165096443,0.07071859249528956,1.0,10.0,790.0,0.0,25.673101300772963,RUNNING,1.0,False,
0.43520000000000003,0.0,False,300000.0,1880118.5,0.0,2.275134984894283,2.345499984427096,0.07036499953281306,1.0,10.0,790.0,0.0,25.673099059459247,RUNNING,1.0,False,
0.4353,0.0,False,300000.0,1880118.5,0.0,2.2637593099698115,2.3337724845049603,0.07001317453514888,1.0,10.0,790.0,0.0,25.673096818141214,RUNNING,1.0,False,
0.4354,0.0,False,300000.0,1880118.5,0.0,2.2524405134199625,2.3221036220824356,0.06966310866247305,1.0,10.0,790.0,0.0,25.673094576818926,RUNNING,1.0,False,
0.4355,0.0,False,300000.0,1880118.5,0.0,2.2411783108528627,2.3104931039720236,0.06931479311916089,1.0,10.0,790.0,0.0,25.67309233549244,RUNNING,1.0,False,
0.43560000000000004,0.0,False,300000.0,1880118.5,0.0,2.2299724192985986,2.2989406384521636,0.06896821915356499,1.0,10.0,790.0,0.0,25.673090094161815,RUNNING,1.0,False,
0.43570000000000003,0.0,False,300000.0,1880118.5,0.0,2.2188225572021056,2.287445935259903,0.06862337805779717,1.0,10.0,790.0,0.0,25.67308785282711,RUNNING,1.0,False,
0.4358,0.0,False,300000.0,1880118.5,0.0,2.207728444416095,2.276008705583603,0.06828026116750818,1.0,10.0,790.0,0.0,25.67308561148838,RUNNING,1.0,False,
0.4359,0.0,False,300000.0,1880118.5,0.0,2.1966898021940144,2.264628662055685,0.06793885986167059,1.0,10.0,790.0,0.0,25.673083370145683,RUNNING,1.0,False,
0.436,0.0,False,300000.0,1880118.5,0.0,2.1857063531830443,2.2533055187454067,0.06759916556236245,1.0,10.0,790.0,0.0,25.67308112879908,RUNNING,1.0,False,
0.43610000000000004,0.0,False,300000.0,1880118.5,0.0,2.174777821417129,2.24203899115168,0.06726116973455065,1.0,10.0,790.0,0.0,25.67307888744862,RUNNING,1.0,False,
0.43620000000000003,0.0,False,300000.0,1880118.5,0.0,2.1639039323100433,2.230828796195921,0.0669248638858777,1.0,10.0,790.0,0.0,25.67307664609437,RUNNING,1.0,False,
0.4363,0.0,False,300000.0,1880118.5,0.0,2.153084412648493,2.219674652214941,0.06659023956644816,1.0,10.0,790.0,0.0,25.67307440473638,RUNNING,1.0,False,
0.4364,0.0,False,300000.0,1880118.5,0.0,2.1423189905852507,2.2085762789538665,0.06625728836861589,1.0,10.0,790.0,0.0,25.673072163374705,RUNNING,1.0,False,
0.4365,0.0,False,300000.0,1880118.5,0.0,2.1316073956323245,2.1975333975590976,0.06592600192677311,1.0,10.0,790.0,0.0,25.673069922009404,RUNNING,1.0,False,
0.43660000000000004,0.0,False,300000.0,1880118.5,0.0,2.120949358654163,2.186545730571302,0.06559637191713907,1.0,10.0,790.0,0.0,25.673067680640532,RUNNING,1.0,False,
0.43670000000000003,0.0,False,300000.0,1880118.5,0.0,2.110344611860892,2.1756130019184456,0.06526839005755347,1.0,10.0,790.0,0.0,25.673065439268143,RUNNING,1.0,False,
0.4368,0.0,False,300000.0,1880118.5,0.0,2.0997928888015878,2.1647349369088533,0.06494204810726556,1.0,10.0,790.0,0.0,25.67306319789229,RUNNING,1.0,False,
0.4369,0.0,False,300000.0,1880118.5,0.0,2.08929392435758,2.1539112622243093,0.06461733786672941,1.0,10.0,790.0,0.0,25.673060956513034,RUNNING,1.0,False,
0.437,0.0,False,300000.0,1880118.5,0.0,2.078847454735792,2.1431417059131874,0.06429425117739562,1.0,10.0,790.0,0.0,25.673058715130423,RUNNING,1.0,False,
0.43710000000000004,0.0,False,300000.0,1880118.5,0.0,2.0684532174621126,2.1324259973836215,0.06397277992150885,1.0,10.0,790.0,0.0,25.673056473744516,RUNNING,1.0,False,
0.43720000000000003,0.0,False,300000.0,1880118.5,0.0,2.058110951374802,2.1217638673967034,0.06365291602190126,1.0,10.0,790.0,0.0,25.673054232355362,RUNNING,1.0,False,
0.4373,0.0,False,300000.0,1880118.5,0.0,2.047820396617928,2.11115504805972,0.06333465144179184,1.0,10.0,790.0,0.0,25.673051990963017,RUNNING,1.0,False,
0.4374,0.0,False,300000.0,1880118.5,0.0,2.037581294634838,2.1005992728194207,0.06301797818458255,1.0,10.0,790.0,0.0,25.673049749567536,RUNNING,1.0,False,
0.4375,0.0,False,300000.0,1880118.5,0.0,2.027393388161664,2.090096276455324,0.06270288829365978,1.0,10.0,790.0,0.0,25.67304750816897,RUNNING,1.0,False,
0.43760000000000004,0.0,False,300000.0,1880118.5,0.0,2.0172564212208557,2.079645795073047,0.062389373852191454,1.0,10.0,790.0,0.0,25.673045266767375,RUNNING,1.0,False,
0.43770000000000003,0.0,False,300000.0,1880118.5,0.0,2.0071701391147516,2.0692475660976823,0.06207742698293073,1.0,10.0,790.0,0.0,25.673043025362798,RUNNING,1.0,False,
0.4378,0.0,False,300000.0,1880118.5,0.0,1.9971342884191778,2.0589013282671935,0.06176703984801568,1.0,10.0,790.0,0.0,25.673040783955294,RUNNING,1.0,False,
0.4379,0.0,False,300000.0,1880118.5,0.0,1.987148616977082,2.048606821625858,0.06145820464877594,1.0,10.0,790.0,0.0,25.673038542544916,RUNNING,1.0,False,
0.438,0.0,False,300000.0,1880118.5,0.0,1.9772128738921966,2.0383637875177283,0.06115091362553171,1.0,10.0,790.0,0.0,25.673036301131713,RUNNING,1.0,False,
0.43810000000000004,0.0,False,300000.0,1880118.5,0.0,1.9673268095227356,2.02817196858014,0.0608451590574044,1.0,10.0,790.0,0.0,25.67303405971574,RUNNING,1.0,False,
0.43820000000000003,0.0,False,300000.0,1880118.5,0.0,1.957490175475122,2.0180311087372393,0.0605409332621174,1.0,10.0,790.0,0.0,25.673031818297044,RUNNING,1.0,False,
0.4383,0.0,False,300000.0,1880118.5,0.0,1.9477027245977463,2.007940953193553,0.06023822859580674,1.0,10.0,790.0,0.0,25.67302957687568,RUNNING,1.0,False,
0.4384,0.0,False,300000.0,1880118.5,0.0,1.9379642109747575,1.997901248427585,0.059937037452827635,1.0,10.0,790.0,0.0,25.6730273354517,RUNNING,1.0,False,
0.4385,0.0,False,300000.0,1880118.5,0.0,1.9282743899198838,1.9879117421854473,0.05963735226556355,1.0,10.0,790.0,0.0,25.67302509402515,RUNNING,1.0,False,
0.43860000000000005,0.0,False,300000.0,1880118.5,0.0,1.9186330179702844,1.97797218347452,0.05933916550423568,1.0,10.0,790.0,0.0,25.67302285259608,RUNNING,1.0,False,
0.43870000000000003,0.0,False,300000.0,1880118.5,0.0,1.9090398528804329,1.9680823225571473,0.05904246967671445,1.0,10.0,790.0,0.0,25.673020611164542,RUNNING,1.0,False,
0.4388,0.0,False,300000.0,1880118.5,0.0,1.8994946536160306,1.9582419109443616,0.05874725732833097,1.0,10.0,790.0,0.0,25.67301836973059,RUNNING,1.0,False,
0.4389,0.0,False,300000.0,1880118.5,0.0,1.8899971803479505,1.9484507013896397,0.058453521041689216,1.0,10.0,790.0,0.0,25.673016128294265,RUNNING,1.0,False,
0.439,0.0,False,300000.0,1880118.5,0.0,1.8805471944462107,1.9387084478826915,0.05816125343648082,1.0,10.0,790.0,0.0,25.67301388685562,RUNNING,1.0,False,
0.43910000000000005,0.0,False,300000.0,1880118.5,0.0,1.8711444584739796,1.929014905643278,0.057870447169298345,1.0,10.0,790.0,0.0,25.673011645414707,RUNNING,1.0,False,
0.43920000000000003,0.0,False,300000.0,1880118.5,0.0,1.8617887361816097,1.9193698311150615,0.05758109493345187,1.0,10.0,790.0,0.0,25.67300940397157,RUNNING,1.0,False,
0.4393,0.0,False,300000.0,1880118.5,0.0,1.8524797925007017,1.9097729819594864,0.0572931894587847,1.0,10.0,790.0,0.0,25.67300716252626,RUNNING,1.0,False,
0.4394,0.0,False,300000.0,1880118.5,0.0,1.8432173935381981,1.9002241170496887,0.05700672351149061,1.0,10.0,790.0,0.0,25.673004921078824,RUNNING,1.0,False,
0.4395,0.0,False,300000.0,1880118.5,0.0,1.8340013065705072,1.8907229964644405,0.056721689893933336,1.0,10.0,790.0,0.0,25.673002679629313,RUNNING,1.0,False,
0.43960000000000005,0.0,False,300000.0,1880118.5,0.0,1.8248313000376546,1.8812693814821182,0.056438081444463606,1.0,10.0,790.0,0.0,25.67300043817777,RUNNING,1.0,False,
0.43970000000000004,0.0,False,300000.0,1880118.5,0.0,1.8157071435374663,1.8718630345747076,0.05615589103724128,1.0,10.0,790.0,0.0,25.672998196724244,RUNNING,1.0,False,
0.4398,0.0,False,300000.0,1880118.5,0.0,1.806628607819779,1.8625037194018341,0.05587511158205505,1.0,10.0,790.0,0.0,25.672995955268785,RUNNING,1.0,False,
0.4399,0.0,False,300000.0,1880118.5,0.0,1.7975954647806802,1.853191200804825,0.055595736024144804,1.0,10.0,790.0,0.0,25.672993713811437,RUNNING,1.0,False,
0.44,0.0,False,300000.0,1880118.5,0.0,1.7886074874567768,1.8439252448008008,0.055317757344024,1.0,10.0,790.0,0.0,25.672991472352248,RUNNING,1.0,False,
0.44010000000000005,0.0,False,300000.0,1880118.5,0.0,1.779664450019493,1.834705618576797,0.05504116855730401,1.0,10.0,790.0,0.0,25.672989230891265,RUNNING,1.0,False,
0.44020000000000004,0.0,False,300000.0,1880118.5,0.0,1.7707661277693953,1.8255320904839127,0.05476596271451739,1.0,10.0,790.0,0.0,25.672986989428534,RUNNING,1.0,False,
0.4403,0.0,False,300000.0,1880118.5,0.0,1.7619122971305483,1.8164044300314932,0.0544921329009449,1.0,10.0,790.0,0.0,25.6729847479641,RUNNING,1.0,False,
0.4404,0.0,False,300000.0,1880118.5,0.0,1.7531027356448956,1.8073224078813357,0.054219672236440086,1.0,10.0,790.0,0.0,25.672982506498013,RUNNING,1.0,False,
0.4405,0.0,False,300000.0,1880118.5,0.0,1.744337221966671,1.798285795841929,0.053948573875257866,1.0,10.0,790.0,0.0,25.672980265030315,RUNNING,1.0,False,
0.44060000000000005,0.0,False,300000.0,1880118.5,0.0,1.7356155358568377,1.7892943668627193,0.053678831005881555,1.0,10.0,790.0,0.0,25.67297802356105,RUNNING,1.0,False,
0.44070000000000004,0.0,False,300000.0,1880118.5,0.0,1.7269374581775536,1.7803478950284057,0.05341043685085212,1.0,10.0,790.0,0.0,25.672975782090266,RUNNING,1.0,False,
0.4408,0.0,False,300000.0,1880118.5,0.0,1.7183027708866658,1.771446155553264,0.05314338466659807,1.0,10.0,790.0,0.0,25.672973540618006,RUNNING,1.0,False,
0.4409,0.0,False,300000.0,1880118.5,0.0,1.7097112570322326,1.7625889247754976,0.05287766774326497,1.0,10.0,790.0,0.0,25.67297129914432,RUNNING,1.0,False,
0.441,0.0,False,300000.0,1880118.5,0.0,1.7011627007470713,1.75377598015162,0.05261327940454863,1.0,10.0,790.0,0.0,25.672969057669242,RUNNING,1.0,False,
0.44110000000000005,0.0,False,300000.0,1880118.5,0.0,1.692656887243336,1.745007100250862,0.05235021300752596,1.0,10.0,790.0,0.0,25.672966816192826,RUNNING,1.0,False,
0.44120000000000004,0.0,False,300000.0,1880118.5,0.0,1.6841936028071194,1.7362820647496076,0.05208846194248817,1.0,10.0,790.0,0.0,25.672964574715113,RUNNING,1.0,False,
0.4413,0.0,False,300000.0,1880118.5,0.0,1.6757726347930837,1.7276006544258595,0.051828019632775835,1.0,10.0,790.0,0.0,25.672962333236146,RUNNING,1.0,False,
0.4414,0.0,False,300000.0,1880118.5,0.0,1.6673937716191183,1.7189626511537301,0.05156887953461187,1.0,10.0,790.0,0.0,25.672960091755968,RUNNING,1.0,False,
0.4415,0.0,False,300000.0,1880118.5,0.0,1.6590568027610226,1.7103678378979614,0.0513110351369388,1.0,10.0,790.0,0.0,25.672957850274624,RUNNING,1.0,False,
0.44160000000000005,0.0,False,300000.0,1880118.5,0.0,1.6507615187472175,1.7018159987084718,0.05105447996125423,1.0,10.0,790.0,0.0,25.672955608792158,RUNNING,1.0,False,
0.44170000000000004,0.0,False,300000.0,1880118.5,0.0,1.6425077111534814,1.6933069187149292,0.050799207561447846,1.0,10.0,790.0,0.0,25.67295336730861,RUNNING,1.0,False,
0.4418,0.0,False,300000.0,1880118.5,0.0,1.634295172597714,1.6848403841213546,0.050545211523640665,1.0,10.0,790.0,0.0,25.672951125824028,RUNNING,1.0,False,
0.4419,0.0,False,300000.0,1880118.5,0.0,1.6261236967347255,1.676416182200748,0.050292485466022496,1.0,10.0,790.0,0.0,25.67294888433845,RUNNING,1.0,False,
0.442,0.0,False,300000.0,1880118.5,0.0,1.6179930782510519,1.6680341012897442,0.05004102303869229,1.0,10.0,790.0,0.0,25.67294664285192,RUNNING,1.0,False,
0.44210000000000005,0.0,False,300000.0,1880118.5,0.0,1.6099031128597967,1.6596939307832956,0.04979081792349893,1.0,10.0,790.0,0.0,25.672944401364475,RUNNING,1.0,False,
0.44220000000000004,0.0,False,300000.0,1880118.5,0.0,1.6018535972954977,1.651395461129379,0.04954186383388137,1.0,10.0,790.0,0.0,25.672942159876165,RUNNING,1.0,False,
0.4423,0.0,False,300000.0,1880118.5,0.0,1.5938443293090203,1.6431384838237324,0.049294154514712085,1.0,10.0,790.0,0.0,25.672939918387026,RUNNING,1.0,False,
0.4424,0.0,False,300000.0,1880118.5,0.0,1.5858751076624753,1.6349227914046138,0.049047683742138526,1.0,10.0,790.0,0.0,25.672937676897103,RUNNING,1.0,False,
0.4425,0.0,False,300000.0,1880118.5,0.0,1.577945732124163,1.6267481774475907,0.0488024453234277,1.0,10.0,790.0,0.0,25.672935435406437,RUNNING,1.0,False,
0.44260000000000005,0.0,False,300000.0,1880118.5,0.0,1.5700560034635422,1.618614436560353,0.04855843309681074,1.0,10.0,790.0,0.0,25.672933193915068,RUNNING,1.0,False,
0.44270000000000004,0.0,False,300000.0,1880118.5,0.0,1.5622057234462245,1.6105213643775511,0.048315640931326564,1.0,10.0,790.0,0.0,25.672930952423037,RUNNING,1.0,False,
0.4428,0.0,False,300000.0,1880118.5,0.0,1.5543946948289935,1.6024687575556635,0.04807406272667003,1.0,10.0,790.0,0.0,25.672928710930385,RUNNING,1.0,False,
0.4429,0.0,False,300000.0,1880118.5,0.0,1.5466227213548485,1.5944564137678852,0.0478336924130367,1.0,10.0,790.0,0.0,25.67292646943715,RUNNING,1.0,False,
0.443,0.0,False,300000.0,1880118.5,0.0,1.5388896077480743,1.5864841316990457,0.04759452395097141,1.0,10.0,790.0,0.0,25.672924227943376,RUNNING,1.0,False,
0.4431,0.0,False,300000.0,1880118.5,0.0,1.5311951597093338,1.5785517110405505,0.047356551331216634,1.0,10.0,790.0,0.0,25.6729219864491,RUNNING,1.0,False,
0.44320000000000004,0.0,False,300000.0,1880118.5,0.0,1.5235391839107872,1.5706589524853478,0.04711976857456057,1.0,10.0,790.0,0.0,25.672919744954363,RUNNING,1.0,False,
0.4433,0.0,False,300000.0,1880118.5,0.0,1.5159214879912333,1.562805657722921,0.04688416973168774,1.0,10.0,790.0,0.0,25.672917503459207,RUNNING,1.0,False,
0.4434,0.0,False,300000.0,1880118.5,0.0,1.5083418805512772,1.5549916294343065,0.04664974888302931,1.0,10.0,790.0,0.0,25.672915261963666,RUNNING,1.0,False,
0.4435,0.0,False,300000.0,1880118.5,0.0,1.5008001711485208,1.547216671287135,0.04641650013861409,1.0,10.0,790.0,0.0,25.672913020467785,RUNNING,1.0,False,
0.4436,0.0,False,300000.0,1880118.5,0.0,1.4932961702927783,1.5394805879306992,0.046184417637920916,1.0,10.0,790.0,0.0,25.672910778971602,RUNNING,1.0,False,
0.44370000000000004,0.0,False,300000.0,1880118.5,0.0,1.4858296894413143,1.5317831849910457,0.04595349554973138,1.0,10.0,790.0,0.0,25.672908537475152,RUNNING,1.0,False,
0.44380000000000003,0.0,False,300000.0,1880118.5,0.0,1.4784005409941077,1.5241242690660903,0.04572372807198266,1.0,10.0,790.0,0.0,25.67290629597848,RUNNING,1.0,False,
0.4439,0.0,False,300000.0,1880118.5,0.0,1.4710085382891371,1.51650364772076,0.04549510943162294,1.0,10.0,790.0,0.0,25.672904054481616,RUNNING,1.0,False,
0.444,0.0,False,300000.0,1880118.5,0.0,1.4636534955976914,1.508921129482156,0.04526763388446464,1.0,10.0,790.0,0.0,25.672901812984605,RUNNING,1.0,False,
0.4441,0.0,False,300000.0,1880118.5,0.0,1.456335228119703,1.5013765238347454,0.04504129571504234,1.0,10.0,790.0,0.0,25.672899571487484,RUNNING,1.0,False,
0.44420000000000004,0.0,False,300000.0,1880118.5,0.0,1.4490535519791046,1.4938696412155719,0.044816089236467294,1.0,10.0,790.0,0.0,25.67289732999029,RUNNING,1.0,False,
0.44430000000000003,0.0,False,300000.0,1880118.5,0.0,1.441808284219209,1.486400293009494,0.04459200879028491,1.0,10.0,790.0,0.0,25.672895088493057,RUNNING,1.0,False,
0.4444,0.0,False,300000.0,1880118.5,0.0,1.434599242798113,1.4789682915444464,0.04436904874633352,1.0,10.0,790.0,0.0,25.67289284699583,RUNNING,1.0,False,
0.4445,0.0,False,300000.0,1880118.5,0.0,1.4274262465841223,1.4715734500867241,0.04414720350260182,1.0,10.0,790.0,0.0,25.67289060549864,RUNNING,1.0,False,
0.4446,0.0,False,300000.0,1880118.5,0.0,1.4202891153512016,1.4642155828362904,0.04392646748508877,1.0,10.0,790.0,0.0,25.67288836400153,RUNNING,1.0,False,
0.44470000000000004,0.0,False,300000.0,1880118.5,0.0,1.4131876697744457,1.456894504922109,0.04370683514766327,1.0,10.0,790.0,0.0,25.672886122504533,RUNNING,1.0,False,
0.44480000000000003,0.0,False,300000.0,1880118.5,0.0,1.4061217314255734,1.4496100323974983,0.04348830097192491,1.0,10.0,790.0,0.0,25.672883881007685,RUNNING,1.0,False,
0.4449,0.0,False,300000.0,1880118.5,0.0,1.3990911227684455,1.442361982235511,0.04327085946706544,1.0,10.0,790.0,0.0,25.672881639511026,RUNNING,1.0,False,
0.445,0.0,False,300000.0,1880118.5,0.0,1.3920956671546032,1.4351501723243332,0.04305450516972997,1.0,10.0,790.0,0.0,25.67287939801459,RUNNING,1.0,False,
0.4451,0.0,False,300000.0,1880118.5,0.0,1.3851351888188301,1.4279744214627115,0.04283923264388134,1.0,10.0,790.0,0.0,25.672877156518414,RUNNING,1.0,False,
0.44520000000000004,0.0,False,300000.0,1880118.5,0.0,1.378209512874736,1.420834549355398,0.04262503648066196,1.0,10.0,790.0,0.0,25.672874915022533,RUNNING,1.0,False,
0.44530000000000003,0.0,False,300000.0,1880118.5,0.0,1.3713184653103623,1.4137303766086209,0.04241191129825861,1.0,10.0,790.0,0.0,25.672872673526985,RUNNING,1.0,False,
0.4454,0.0,False,300000.0,1880118.5,0.0,1.3644618729838105,1.406661724725578,0.042199851741767436,1.0,10.0,790.0,0.0,25.672870432031804,RUNNING,1.0,False,
0.4455,0.0,False,300000.0,1880118.5,0.0,1.3576395636188914,1.3996284161019499,0.0419888524830585,1.0,10.0,790.0,0.0,25.672868190537024,RUNNING,1.0,False,
0.4456,0.0,False,300000.0,1880118.5,0.0,1.350851365800797,1.3926302740214402,0.04177890822064323,1.0,10.0,790.0,0.0,25.672865949042684,RUNNING,1.0,False,
0.44570000000000004,0.0,False,300000.0,1880118.5,0.0,1.344097108971793,1.385667122651333,0.04157001367954005,1.0,10.0,790.0,0.0,25.672863707548817,RUNNING,1.0,False,
0.44580000000000003,0.0,False,300000.0,1880118.5,0.0,1.337376623426934,1.3787387870380763,0.04136216361114231,1.0,10.0,790.0,0.0,25.67286146605546,RUNNING,1.0,False,
0.4459,0.0,False,300000.0,1880118.5,0.0,1.3306897403097993,1.3718450931028858,0.041155352793086575,1.0,10.0,790.0,0.0,25.672859224562643,RUNNING,1.0,False,
0.446,0.0,False,300000.0,1880118.5,0.0,1.3240362916082502,1.3649858676373714,0.04094957602912119,1.0,10.0,790.0,0.0,25.672856983070407,RUNNING,1.0,False,
0.4461,0.0,False,300000.0,1880118.5,0.0,1.3174161101502089,1.3581609382991844,0.04074482814897551,1.0,10.0,790.0,0.0,25.67285474157878,RUNNING,1.0,False,
0.44620000000000004,0.0,False,300000.0,1880118.5,0.0,1.3108290295994578,1.3513701336076884,0.04054110400823063,1.0,10.0,790.0,0.0,25.672852500087803,RUNNING,1.0,False,
0.44630000000000003,0.0,False,300000.0,1880118.5,0.0,1.3042748844514604,1.34461328293965,0.04033839848818954,1.0,10.0,790.0,0.0,25.672850258597506,RUNNING,1.0,False,
0.4464,0.0,False,300000.0,1880118.5,0.0,1.2977535100292032,1.3378902165249518,0.04013670649574852,1.0,10.0,790.0,0.0,25.672848017107924,RUNNING,1.0,False,
0.4465,0.0,False,300000.0,1880118.5,0.0,1.2912647424790573,1.3312007654423272,0.039936022963269924,1.0,10.0,790.0,0.0,25.67284577561909,RUNNING,1.0,False,
0.4466,0.0,False,300000.0,1880118.5,0.0,1.284808418766662,1.3245447616151154,0.0397363428484534,1.0,10.0,790.0,0.0,25.67284353413104,RUNNING,1.0,False,
0.44670000000000004,0.0,False,300000.0,1880118.5,0.0,1.2783843766728287,1.31792203780704,0.03953766113421131,1.0,10.0,790.0,0.0,25.672841292643806,RUNNING,1.0,False,
0.44680000000000003,0.0,False,300000.0,1880118.5,0.0,1.2719924547894645,1.3113324276180047,0.03933997282854018,1.0,10.0,790.0,0.0,25.672839051157418,RUNNING,1.0,False,
0.4469,0.0,False,300000.0,1880118.5,0.0,1.2656324925155171,1.3047757654799146,0.03914327296439746,1.0,10.0,790.0,0.0,25.672836809671914,RUNNING,1.0,False,
0.447,0.0,False,300000.0,1880118.5,0.0,1.2593043300529396,1.298251886652515,0.038947556599575384,1.0,10.0,790.0,0.0,25.672834568187323,RUNNING,1.0,False,
0.4471,0.0,False,300000.0,1880118.5,0.0,1.253007808402675,1.2917606272192526,0.03875281881657755,1.0,10.0,790.0,0.0,25.67283232670368,RUNNING,1.0,False,
0.44720000000000004,0.0,False,300000.0,1880118.5,0.0,1.2467427693606616,1.2853018240831564,0.03855905472249477,1.0,10.0,790.0,0.0,25.67283008522102,RUNNING,1.0,False,
0.44730000000000003,0.0,False,300000.0,1880118.5,0.0,1.2405090555138583,1.2788753149627405,0.03836625944888228,1.0,10.0,790.0,0.0,25.67282784373937,RUNNING,1.0,False,
0.4474,0.0,False,300000.0,1880118.5,0.0,1.234306510236289,1.2724809383879268,0.03817442815163785,1.0,10.0,790.0,0.0,25.672825602258765,RUNNING,1.0,False,
0.4475,0.0,False,300000.0,1880118.5,0.0,1.2281349776851074,1.266118533695987,0.03798355601087966,1.0,10.0,790.0,0.0,25.672823360779237,RUNNING,1.0,False,
0.4476,0.0,False,300000.0,1880118.5,0.0,1.2219943027966818,1.259787941027507,0.037793638230825266,1.0,10.0,790.0,0.0,25.67282111930082,RUNNING,1.0,False,
0.44770000000000004,0.0,False,300000.0,1880118.5,0.0,1.2158843312826983,1.2534890013223694,0.03760467003967105,1.0,10.0,790.0,0.0,25.672818877823545,RUNNING,1.0,False,
0.44780000000000003,0.0,False,300000.0,1880118.5,0.0,1.2098049096262848,1.2472215563157576,0.037416646689472755,1.0,10.0,790.0,0.0,25.67281663634744,RUNNING,1.0,False,
0.4479,0.0,False,300000.0,1880118.5,0.0,1.2037558850781533,1.2409854485341787,0.03722956345602535,1.0,10.0,790.0,0.0,25.672814394872542,RUNNING,1.0,False,
0.448,0.0,False,300000.0,1880118.5,0.0,1.1977371056527626,1.234780521291508,0.03704341563874536,1.0,10.0,790.0,0.0,25.67281215339888,RUNNING,1.0,False,
0.4481,0.0,False,300000.0,1880118.5,0.0,1.1917484201244988,1.2286066186850504,0.036858198560551614,1.0,10.0,790.0,0.0,25.672809911926482,RUNNING,1.0,False,
0.44820000000000004,0.0,False,300000.0,1880118.5,0.0,1.1857896780238764,1.222463585591625,0.03667390756774869,1.0,10.0,790.0,0.0,25.67280767045538,RUNNING,1.0,False,
0.44830000000000003,0.0,False,300000.0,1880118.5,0.0,1.1798607296337569,1.216351267663667,0.03649053802991009,1.0,10.0,790.0,0.0,25.67280542898561,RUNNING,1.0,False,
0.4484,0.0,False,300000.0,1880118.5,0.0,1.1739614259855882,1.2102695113253488,0.0363080853397606,1.0,10.0,790.0,0.0,25.672803187517196,RUNNING,1.0,False,
0.4485,0.0,False,300000.0,1880118.5,0.0,1.1680916188556603,1.204218163768722,0.036126544913061664,1.0,10.0,790.0,0.0,25.672800946050174,RUNNING,1.0,False,
0.4486,0.0,False,300000.0,1880118.5,0.0,1.162251160761382,1.1981970729498783,0.03594591218849641,1.0,10.0,790.0,0.0,25.672798704584572,RUNNING,1.0,False,
0.44870000000000004,0.0,False,300000.0,1880118.5,0.0,1.156439904957575,1.192206087585129,0.03576618262755393,1.0,10.0,790.0,0.0,25.67279646312042,RUNNING,1.0,False,
0.44880000000000003,0.0,False,300000.0,1880118.5,0.0,1.1506577054327871,1.1862450571472032,0.03558735171441607,1.0,10.0,790.0,0.0,25.67279422165775,RUNNING,1.0,False,
0.4489,0.0,False,300000.0,1880118.5,0.0,1.1449044169056233,1.1803138318614674,0.035409414955844154,1.0,10.0,790.0,0.0,25.67279198019659,RUNNING,1.0,False,
0.449,0.0,False,300000.0,1880118.5,0.0,1.1391798948210952,1.17441226270216,0.035232367881064874,1.0,10.0,790.0,0.0,25.67278973873697,RUNNING,1.0,False,
0.4491,0.0,False,300000.0,1880118.5,0.0,1.1334839953469897,1.1685402013886492,0.03505620604165949,1.0,10.0,790.0,0.0,25.67278749727892,RUNNING,1.0,False,
0.44920000000000004,0.0,False,300000.0,1880118.5,0.0,1.1278165753702547,1.162697500381706,0.034880925011451236,1.0,10.0,790.0,0.0,25.672785255822472,RUNNING,1.0,False,
0.44930000000000003,0.0,False,300000.0,1880118.5,0.0,1.1221774924934034,1.1568840128797973,0.03470652038639388,1.0,10.0,790.0,0.0,25.67278301436765,RUNNING,1.0,False,
0.4494,0.0,False,300000.0,1880118.5,0.0,1.1165666050309364,1.1510995928153984,0.03453298778446201,1.0,10.0,790.0,0.0,25.672780772914486,RUNNING,1.0,False,
0.4495,0.0,False,300000.0,1880118.5,0.0,1.1109837720057818,1.1453440948513214,0.03436032284553958,1.0,10.0,790.0,0.0,25.67277853146301,RUNNING,1.0,False,
0.4496,0.0,False,300000.0,1880118.5,0.0,1.1054288531457528,1.1396173743770648,0.034188521231312,1.0,10.0,790.0,0.0,25.67277629001325,RUNNING,1.0,False,
0.44970000000000004,0.0,False,300000.0,1880118.5,0.0,1.099901708880024,1.1339192875051793,0.03401757862515531,1.0,10.0,790.0,0.0,25.672774048565234,RUNNING,1.0,False,
0.44980000000000003,0.0,False,300000.0,1880118.5,0.0,1.094402200335624,1.1282496910676536,0.03384749073202964,1.0,10.0,790.0,0.0,25.67277180711899,RUNNING,1.0,False,
0.4499,0.0,False,300000.0,1880118.5,0.0,1.0889301893339458,1.1226084426123153,0.033678253278369485,1.0,10.0,790.0,0.0,25.67276956567455,RUNNING,1.0,False,
0.45,0.0,False,300000.0,1880118.5,0.0,1.0834855383872761,1.1169954003992537,0.03350986201197759,1.0,10.0,790.0,0.0,25.672767324231938,RUNNING,1.0,False,
0.4501,0.0,False,300000.0,1880118.5,0.0,1.0780681106953398,1.1114104233972575,0.033342312701917676,1.0,10.0,790.0,0.0,25.672765082791187,RUNNING,1.0,False,
0.45020000000000004,0.0,False,300000.0,1880118.5,0.0,1.072677770141863,1.1058533712802712,0.03317560113840812,1.0,10.0,790.0,0.0,25.672762841352323,RUNNING,1.0,False,
0.45030000000000003,0.0,False,300000.0,1880118.5,0.0,1.0673143812911536,1.1003241044238699,0.03300972313271622,1.0,10.0,790.0,0.0,25.67276059991537,RUNNING,1.0,False,
0.4504,0.0,False,300000.0,1880118.5,0.0,1.0619778093846979,1.0948224839017504,0.03284467451705253,1.0,10.0,790.0,0.0,25.672758358480362,RUNNING,1.0,False,
0.4505,0.0,False,300000.0,1880118.5,0.0,1.0566679203377745,1.0893483714822418,0.03268045114446738,1.0,10.0,790.0,0.0,25.672756117047324,RUNNING,1.0,False,
0.4506,0.0,False,300000.0,1880118.5,0.0,1.0513845807360855,1.0839016296248305,0.03251704888874496,1.0,10.0,790.0,0.0,25.672753875616284,RUNNING,1.0,False,
0.45070000000000005,0.0,False,300000.0,1880118.5,0.0,1.046127657832405,1.0784821214767062,0.03235446364430117,1.0,10.0,790.0,0.0,25.672751634187268,RUNNING,1.0,False,
0.45080000000000003,0.0,False,300000.0,1880118.5,0.0,1.040897019543243,1.0730897108693227,0.032192691326079714,1.0,10.0,790.0,0.0,25.672749392760302,RUNNING,1.0,False,
0.4509,0.0,False,300000.0,1880118.5,0.0,1.0356925344455268,1.067724262314976,0.0320317278694493,1.0,10.0,790.0,0.0,25.672747151335415,RUNNING,1.0,False,
0.451,0.0,False,300000.0,1880118.5,0.0,1.0305140717732992,1.0623856410034014,0.03187156923010215,1.0,10.0,790.0,0.0,25.672744909912634,RUNNING,1.0,False,
0.4511,0.0,False,300000.0,1880118.5,0.0,1.0253615014144328,1.0570737127983845,0.03171221138395164,1.0,10.0,790.0,0.0,25.672742668491985,RUNNING,1.0,False,
0.45120000000000005,0.0,False,300000.0,1880118.5,0.0,1.0202346939073608,1.0517883442343925,0.031553650327031724,1.0,10.0,790.0,0.0,25.672740427073496,RUNNING,1.0,False,
0.45130000000000003,0.0,False,300000.0,1880118.5,0.0,1.015133520437824,1.0465294025132206,0.031395882075396564,1.0,10.0,790.0,0.0,25.672738185657195,RUNNING,1.0,False,
0.4514,0.0,False,300000.0,1880118.5,0.0,1.010057852835635,1.0412967555006547,0.03123890266501972,1.0,10.0,790.0,0.0,25.672735944243104,RUNNING,1.0,False,
0.4515,0.0,False,300000.0,1880118.5,0.0,1.0050075635714568,1.0360902717231515,0.03108270815169467,1.0,10.0,790.0,0.0,25.672733702831255,RUNNING,1.0,False,
0.4516,0.0,False,300000.0,1880118.5,0.0,0.9999825257535996,1.0309098203645357,0.03092729461093613,1.0,10.0,790.0,0.0,25.67273146142167,RUNNING,1.0,False,
0.45170000000000005,0.0,False,300000.0,1880118.5,0.0,0.9949826131248316,1.025755271262713,0.030772658137881326,1.0,10.0,790.0,0.0,25.672729220014375,RUNNING,1.0,False,
0.45180000000000003,0.0,False,300000.0,1880118.5,0.0,0.9900077000592075,1.0206264949063995,0.030618794847191988,1.0,10.0,790.0,0.0,25.672726978609397,RUNNING,1.0,False,
0.4519,0.0,False,300000.0,1880118.5,0.0,0.9850576615589114,1.0155233624318674,0.03046570087295597,1.0,10.0,790.0,0.0,25.67272473720676,RUNNING,1.0,False,
0.452,0.0,False,300000.0,1880118.5,0.0,0.9801323732511168,1.010445745619708,0.030313372368591218,1.0,10.0,790.0,0.0,25.672722495806493,RUNNING,1.0,False,
0.4521,0.0,False,300000.0,1880118.5,0.0,0.9752317113848612,1.0053935168916095,0.030161805506748296,1.0,10.0,790.0,0.0,25.67272025440862,RUNNING,1.0,False,
0.45220000000000005,0.0,False,300000.0,1880118.5,0.0,0.9703555528279368,1.0003665493071514,0.03001099647921457,1.0,10.0,790.0,0.0,25.672718013013167,RUNNING,1.0,False,
0.45230000000000004,0.0,False,300000.0,1880118.5,0.0,0.9655037750637971,0.9953647165606156,0.029860941496818505,1.0,10.0,790.0,0.0,25.672715771620158,RUNNING,1.0,False,
0.4524,0.0,False,300000.0,1880118.5,0.0,0.9606762561884782,0.9903878929778126,0.029711636789334417,1.0,10.0,790.0,0.0,25.67271353022962,RUNNING,1.0,False,
0.4525,0.0,False,300000.0,1880118.5,0.0,0.9558728749075358,0.9854359535129236,0.02956307860538776,1.0,10.0,790.0,0.0,25.672711288841572,RUNNING,1.0,False,
0.4526,0.0,False,300000.0,1880118.5,0.0,0.9510935105329982,0.9805087737453589,0.029415263212360765,1.0,10.0,790.0,0.0,25.672709047456046,RUNNING,1.0,False,
0.45270000000000005,0.0,False,300000.0,1880118.5,0.0,0.9463380429803332,0.9756062298766321,0.029268186896298953,1.0,10.0,790.0,0.0,25.672706806073062,RUNNING,1.0,False,
0.45280000000000004,0.0,False,300000.0,1880118.5,0.0,0.9416063527654315,0.970728198727249,0.02912184596181755,1.0,10.0,790.0,0.0,25.672704564692648,RUNNING,1.0,False,
0.4529,0.0,False,300000.0,1880118.5,0.0,0.9368983210016043,0.9658745577336127,0.028976236732008442,1.0,10.0,790.0,0.0,25.672702323314827,RUNNING,1.0,False,
0.453,0.0,False,300000.0,1880118.5,0.0,0.9322138293965962,0.9610451849449446,0.02883135554834837,1.0,10.0,790.0,0.0,25.672700081939624,RUNNING,1.0,False,
0.4531,0.0,False,300000.0,1880118.5,0.0,0.9275527602496133,0.95623995902022,0.02868719877060666,1.0,10.0,790.0,0.0,25.672697840567064,RUNNING,1.0,False,
0.45320000000000005,0.0,False,300000.0,1880118.5,0.0,0.9229149964483653,0.9514587592251189,0.028543762776753634,1.0,10.0,790.0,0.0,25.67269559919717,RUNNING,1.0,False,
0.45330000000000004,0.0,False,300000.0,1880118.5,0.0,0.9183004214661235,0.9467014654289932,0.0284010439628698,1.0,10.0,790.0,0.0,25.672693357829964,RUNNING,1.0,False,
0.4534,0.0,False,300000.0,1880118.5,0.0,0.9137089193587928,0.9419679581018483,0.028259038743055465,1.0,10.0,790.0,0.0,25.672691116465472,RUNNING,1.0,False,
0.4535,0.0,False,300000.0,1880118.5,0.0,0.9091403747619988,0.937258118311339,0.028117743549340157,1.0,10.0,790.0,0.0,25.67268887510372,RUNNING,1.0,False,
0.4536,0.0,False,300000.0,1880118.5,0.0,0.9045946728881888,0.9325718277197823,0.027977154831593465,1.0,10.0,790.0,0.0,25.67268663374473,RUNNING,1.0,False,
0.45370000000000005,0.0,False,300000.0,1880118.5,0.0,0.9000716995237479,0.9279089685811834,0.027837269057435554,1.0,10.0,790.0,0.0,25.672684392388522,RUNNING,1.0,False,
0.45380000000000004,0.0,False,300000.0,1880118.5,0.0,0.8955713410261291,0.9232694237382775,0.027698082712148353,1.0,10.0,790.0,0.0,25.672682151035122,RUNNING,1.0,False,
0.4539,0.0,False,300000.0,1880118.5,0.0,0.8910934843209984,0.9186530766195861,0.02755959229858762,1.0,10.0,790.0,0.0,25.672679909684554,RUNNING,1.0,False,
0.454,0.0,False,300000.0,1880118.5,0.0,0.8866380168993935,0.9140598112364882,0.027421794337094685,1.0,10.0,790.0,0.0,25.672677668336842,RUNNING,1.0,False,
0.4541,0.0,False,300000.0,1880118.5,0.0,0.8822048268148965,0.9094895121803057,0.027284685365409178,1.0,10.0,790.0,0.0,25.672675426992008,RUNNING,1.0,False,
0.45420000000000005,0.0,False,300000.0,1880118.5,0.0,0.8777938026808221,0.9049420646194042,0.027148261938582108,1.0,10.0,790.0,0.0,25.672673185650073,RUNNING,1.0,False,
0.45430000000000004,0.0,False,300000.0,1880118.5,0.0,0.873404833667418,0.9004173542963072,0.02701252062888926,1.0,10.0,790.0,0.0,25.67267094431106,RUNNING,1.0,False,
0.4544,0.0,False,300000.0,1880118.5,0.0,0.8690378094990808,0.8959152675248256,0.026877458025744816,1.0,10.0,790.0,0.0,25.672668702975,RUNNING,1.0,False,
0.4545,0.0,False,300000.0,1880118.5,0.0,0.8646926204515855,0.8914356911872016,0.026743070735616103,1.0,10.0,790.0,0.0,25.672666461641903,RUNNING,1.0,False,
0.4546,0.0,False,300000.0,1880118.5,0.0,0.8603691573493275,0.8869785127312655,0.026609355381937982,1.0,10.0,790.0,0.0,25.6726642203118,RUNNING,1.0,False,
0.45470000000000005,0.0,False,300000.0,1880118.5,0.0,0.8560673115625809,0.8825436201676091,0.026476308605028254,1.0,10.0,790.0,0.0,25.67266197898471,RUNNING,1.0,False,
0.45480000000000004,0.0,False,300000.0,1880118.5,0.0,0.851786975004768,0.8781309020667711,0.02634392706200317,1.0,10.0,790.0,0.0,25.672659737660656,RUNNING,1.0,False,
0.4549,0.0,False,300000.0,1880118.5,0.0,0.8475280401297441,0.8737402475564373,0.026212207426693168,1.0,10.0,790.0,0.0,25.67265749633966,RUNNING,1.0,False,
0.455,0.0,False,300000.0,1880118.5,0.0,0.8432903999290954,0.8693715463186551,0.026081146389559717,1.0,10.0,790.0,0.0,25.672655255021745,RUNNING,1.0,False,
0.4551,0.0,False,300000.0,1880118.5,0.0,0.8390739479294499,0.8650246885870617,0.025950740657611826,1.0,10.0,790.0,0.0,25.672653013706935,RUNNING,1.0,False,
0.45520000000000005,0.0,False,300000.0,1880118.5,0.0,0.8348785781898026,0.8606995651441264,0.025820986954323777,1.0,10.0,790.0,0.0,25.672650772395247,RUNNING,1.0,False,
0.45530000000000004,0.0,False,300000.0,1880118.5,0.0,0.8307041852988536,0.8563960673184058,0.025691882019552192,1.0,10.0,790.0,0.0,25.672648531086704,RUNNING,1.0,False,
0.4554,0.0,False,300000.0,1880118.5,0.0,0.8265506643723594,0.8521140869818138,0.025563422609454434,1.0,10.0,790.0,0.0,25.67264628978133,RUNNING,1.0,False,
0.4555,0.0,False,300000.0,1880118.5,0.0,0.8224179110504976,0.8478535165469047,0.02543560549640711,1.0,10.0,790.0,0.0,25.672644048479146,RUNNING,1.0,False,
0.4556,0.0,False,300000.0,1880118.5,0.0,0.8183058214952451,0.8436142489641703,0.025308427468925143,1.0,10.0,790.0,0.0,25.67264180718017,RUNNING,1.0,False,
0.45570000000000005,0.0,False,300000.0,1880118.5,0.0,0.8142142923877689,0.8393961777193494,0.0251818853315805,1.0,10.0,790.0,0.0,25.672639565884428,RUNNING,1.0,False,
0.45580000000000004,0.0,False,300000.0,1880118.5,0.0,0.81014322092583,0.8351991968307526,0.02505597590492259,1.0,10.0,790.0,0.0,25.67263732459194,RUNNING,1.0,False,
0.4559,0.0,False,300000.0,1880118.5,0.0,0.8060925048212009,0.8310232008465989,0.02493069602539799,1.0,10.0,790.0,0.0,25.672635083302723,RUNNING,1.0,False,
0.456,0.0,False,300000.0,1880118.5,0.0,0.8020620422970949,0.8268680848423658,0.024806042545270968,1.0,10.0,790.0,0.0,25.672632842016803,RUNNING,1.0,False,
0.4561,0.0,False,300000.0,1880118.5,0.0,0.7980517320856094,0.8227337444181541,0.024682012332544634,1.0,10.0,790.0,0.0,25.6726306007342,RUNNING,1.0,False,
0.4562,0.0,False,300000.0,1880118.5,0.0,0.7940614734251814,0.8186200756960633,0.024558602270881913,1.0,10.0,790.0,0.0,25.67262835945493,RUNNING,1.0,False,
0.45630000000000004,0.0,False,300000.0,1880118.5,0.0,0.7900911660580555,0.814526975317583,0.024435809259527486,1.0,10.0,790.0,0.0,25.672626118179018,RUNNING,1.0,False,
0.45640000000000003,0.0,False,300000.0,1880118.5,0.0,0.7861407102277652,0.8104543404409951,0.024313630213229853,1.0,10.0,790.0,0.0,25.672623876906485,RUNNING,1.0,False,
0.4565,0.0,False,300000.0,1880118.5,0.0,0.7822100066766264,0.8064020687387902,0.024192062062163733,1.0,10.0,790.0,0.0,25.67262163563735,RUNNING,1.0,False,
0.4566,0.0,False,300000.0,1880118.5,0.0,0.7782989566432433,0.8023700583950962,0.024071101751852897,1.0,10.0,790.0,0.0,25.672619394371633,RUNNING,1.0,False,
0.4567,0.0,False,300000.0,1880118.5,0.0,0.7744074618600271,0.7983582081031207,0.02395074624309368,1.0,10.0,790.0,0.0,25.672617153109357,RUNNING,1.0,False,
0.45680000000000004,0.0,False,300000.0,1880118.5,0.0,0.770535424550727,0.7943664170626051,0.023830992511878146,1.0,10.0,790.0,0.0,25.672614911850538,RUNNING,1.0,False,
0.45690000000000003,0.0,False,300000.0,1880118.5,0.0,0.7666827474279734,0.7903945849772922,0.023711837549318826,1.0,10.0,790.0,0.0,25.672612670595196,RUNNING,1.0,False,
0.457,0.0,False,300000.0,1880118.5,0.0,0.7628493336908335,0.7864426120524057,0.023593278361572212,1.0,10.0,790.0,0.0,25.672610429343354,RUNNING,1.0,False,
0.4571,0.0,False,300000.0,1880118.5,0.0,0.7590350870223793,0.7825103989921437,0.02347531196976438,1.0,10.0,790.0,0.0,25.672608188095033,RUNNING,1.0,False,
0.4572,0.0,False,300000.0,1880118.5,0.0,0.7552399115872674,0.7785978469971829,0.023357935409915487,1.0,10.0,790.0,0.0,25.67260594685025,RUNNING,1.0,False,
0.45730000000000004,0.0,False,300000.0,1880118.5,0.0,0.7514637120293312,0.7747048577621971,0.023241145732865953,1.0,10.0,790.0,0.0,25.672603705609024,RUNNING,1.0,False,
0.45740000000000003,0.0,False,300000.0,1880118.5,0.0,0.7477063934691845,0.7708313334733862,0.023124940004201622,1.0,10.0,790.0,0.0,25.672601464371375,RUNNING,1.0,False,
0.4575,0.0,False,300000.0,1880118.5,0.0,0.7439678615018386,0.7669771768060192,0.0230093153041806,1.0,10.0,790.0,0.0,25.672599223137325,RUNNING,1.0,False,
0.4576,0.0,False,300000.0,1880118.5,0.0,0.7402480221943294,0.763142290921989,0.02289426872765965,1.0,10.0,790.0,0.0,25.672596981906892,RUNNING,1.0,False,
0.4577,0.0,False,300000.0,1880118.5,0.0,0.7365467820833578,0.7593265794673791,0.02277979738402136,1.0,10.0,790.0,0.0,25.672594740680093,RUNNING,1.0,False,
0.45780000000000004,0.0,False,300000.0,1880118.5,0.0,0.732864048172941,0.7555299465700424,0.022665898397101314,1.0,10.0,790.0,0.0,25.67259249945695,RUNNING,1.0,False,
0.45790000000000003,0.0,False,300000.0,1880118.5,0.0,0.7291997279320763,0.7517522968371921,0.02255256890511581,1.0,10.0,790.0,0.0,25.67259025823748,RUNNING,1.0,False,
0.458,0.0,False,300000.0,1880118.5,0.0,0.7255537292924159,0.7479935353530061,0.02243980606059015,1.0,10.0,790.0,0.0,25.672588017021706,RUNNING,1.0,False,
0.4581,0.0,False,300000.0,1880118.5,0.0,0.7219259606459538,0.7442535676762411,0.022327607030287244,1.0,10.0,790.0,0.0,25.672585775809644,RUNNING,1.0,False,
0.4582,0.0,False,300000.0,1880118.5,0.0,0.7183163308427241,0.7405322998378598,0.022215968995135782,1.0,10.0,790.0,0.0,25.672583534601312,RUNNING,1.0,False,
0.45830000000000004,0.0,False,300000.0,1880118.5,0.0,0.7147247491885105,0.7368296383386707,0.02210488915016018,1.0,10.0,790.0,0.0,25.67258129339673,RUNNING,1.0,False,
0.45840000000000003,0.0,False,300000.0,1880118.5,0.0,0.711151125442568,0.7331454901469773,0.021994364704409297,1.0,10.0,790.0,0.0,25.672579052195914,RUNNING,1.0,False,
0.4585,0.0,False,300000.0,1880118.5,0.0,0.7075953698153551,0.7294797626962424,0.021884392880887282,1.0,10.0,790.0,0.0,25.672576810998887,RUNNING,1.0,False,
0.4586,0.0,False,300000.0,1880118.5,0.0,0.7040573929662783,0.7258323638827612,0.02177497091648284,1.0,10.0,790.0,0.0,25.672574569805665,RUNNING,1.0,False,
0.4587,0.0,False,300000.0,1880118.5,0.0,0.7005371060014469,0.7222032020633473,0.021666096061900397,1.0,10.0,790.0,0.0,25.672572328616265,RUNNING,1.0,False,
0.45880000000000004,0.0,False,300000.0,1880118.5,0.0,0.6970344204714397,0.7185921860530307,0.02155776558159095,1.0,10.0,790.0,0.0,25.672570087430707,RUNNING,1.0,False,
0.45890000000000003,0.0,False,300000.0,1880118.5,0.0,0.6935492483690825,0.7149992251227655,0.021449976753682987,1.0,10.0,790.0,0.0,25.672567846249006,RUNNING,1.0,False,
0.459,0.0,False,300000.0,1880118.5,0.0,0.6900815021272371,0.7114242289971516,0.021342726869914563,1.0,10.0,790.0,0.0,25.672565605071185,RUNNING,1.0,False,
0.4591,0.0,False,300000.0,1880118.5,0.0,0.6866310946166009,0.7078671078521659,0.02123601323556501,1.0,10.0,790.0,0.0,25.672563363897257,RUNNING,1.0,False,
0.4592,0.0,False,300000.0,1880118.5,0.0,0.6831979391435179,0.7043277723129051,0.021129833169387213,1.0,10.0,790.0,0.0,25.672561122727245,RUNNING,1.0,False,
0.45930000000000004,0.0,False,300000.0,1880118.5,0.0,0.6797819494478003,0.7008061334513406,0.021024184003540225,1.0,10.0,790.0,0.0,25.672558881561162,RUNNING,1.0,False,
0.45940000000000003,0.0,False,300000.0,1880118.5,0.0,0.6763830397005614,0.6973021027840839,0.020919063083522538,1.0,10.0,790.0,0.0,25.67255664039903,RUNNING,1.0,False,
0.4595,0.0,False,300000.0,1880118.5,0.0,0.6730011245020585,0.6938155922701634,0.020814467768104916,1.0,10.0,790.0,0.0,25.672554399240862,RUNNING,1.0,False,
0.4596,0.0,False,300000.0,1880118.5,0.0,0.6696361188795482,0.6903465143088127,0.02071039542926445,1.0,10.0,790.0,0.0,25.67255215808668,RUNNING,1.0,False,
0.4597,0.0,False,300000.0,1880118.5,0.0,0.6662879382851504,0.6868947817372685,0.02060684345211805,1.0,10.0,790.0,0.0,25.6725499169365,RUNNING,1.0,False,
0.45980000000000004,0.0,False,300000.0,1880118.5,0.0,0.6629564985937246,0.6834603078285821,0.020503809234857506,1.0,10.0,790.0,0.0,25.672547675790337,RUNNING,1.0,False,
0.45990000000000003,0.0,False,300000.0,1880118.5,0.0,0.6596417161007561,0.6800430062894393,0.020401290188683197,1.0,10.0,790.0,0.0,25.67254543464821,RUNNING,1.0,False,
0.46,0.0,False,300000.0,1880118.5,0.0,0.6563435075202523,0.6766427912579921,0.020299283737739815,1.0,10.0,790.0,0.0,25.672543193510137,RUNNING,1.0,False,
0.4601,0.0,False,300000.0,1880118.5,0.0,0.653061789982651,0.673259577301702,0.020197787319051086,1.0,10.0,790.0,0.0,25.672540952376135,RUNNING,1.0,False,
0.4602,0.0,False,300000.0,1880118.5,0.0,0.6497964810327377,0.6698932794151935,0.020096798382455816,1.0,10.0,790.0,0.0,25.67253871124622,RUNNING,1.0,False,
0.46030000000000004,0.0,False,300000.0,1880118.5,0.0,0.646547498627574,0.6665438130181175,0.0199963143905435,1.0,10.0,790.0,0.0,25.67253647012041,RUNNING,1.0,False,
0.46040000000000003,0.0,False,300000.0,1880118.5,0.0,0.6433147611344361,0.6632110939530269,0.019896332818590823,1.0,10.0,790.0,0.0,25.67253422899872,RUNNING,1.0,False,
0.4605,0.0,False,300000.0,1880118.5,0.0,0.6400981873287639,0.6598950384832618,0.01979685115449792,1.0,10.0,790.0,0.0,25.672531987881168,RUNNING,1.0,False,
0.4606,0.0,False,300000.0,1880118.5,0.0,0.63689769639212,0.6565955632908453,0.019697866898725325,1.0,10.0,790.0,0.0,25.672529746767772,RUNNING,1.0,False,
0.4607,0.0,False,300000.0,1880118.5,0.0,0.6337132079101594,0.6533125854743912,0.0195993775642318,1.0,10.0,790.0,0.0,25.672527505658547,RUNNING,1.0,False,
0.46080000000000004,0.0,False,300000.0,1880118.5,0.0,0.6305446418706085,0.6500460225470192,0.019501380676410607,1.0,10.0,790.0,0.0,25.672525264553506,RUNNING,1.0,False,
0.46090000000000003,0.0,False,300000.0,1880118.5,0.0,0.6273919186612555,0.6467957924342841,0.019403873773028546,1.0,10.0,790.0,0.0,25.67252302345267,RUNNING,1.0,False,
0.461,0.0,False,300000.0,1880118.5,0.0,0.6242549590679493,0.6435618134721126,0.019306854404163354,1.0,10.0,790.0,0.0,25.672520782356052,RUNNING,1.0,False,
0.4611,0.0,False,300000.0,1880118.5,0.0,0.6211336842726095,0.6403440044047521,0.019210320132142633,1.0,10.0,790.0,0.0,25.672518541263674,RUNNING,1.0,False,
0.4612,0.0,False,300000.0,1880118.5,0.0,0.6180280158512464,0.6371422843827284,0.019114268531481904,1.0,10.0,790.0,0.0,25.67251630017555,RUNNING,1.0,False,
0.46130000000000004,0.0,False,300000.0,1880118.5,0.0,0.6149378757719902,0.6339565729608146,0.01901869718882443,1.0,10.0,790.0,0.0,25.67251405909169,RUNNING,1.0,False,
0.46140000000000003,0.0,False,300000.0,1880118.5,0.0,0.6118631863931303,0.6307867900960107,0.018923603702880376,1.0,10.0,790.0,0.0,25.672511818012115,RUNNING,1.0,False,
0.4615,0.0,False,300000.0,1880118.5,0.0,0.6088038704611647,0.6276328561455307,0.018828985684365973,1.0,10.0,790.0,0.0,25.672509576936843,RUNNING,1.0,False,
0.4616,0.0,False,300000.0,1880118.5,0.0,0.6057598511088589,0.624494691864803,0.018734840755944115,1.0,10.0,790.0,0.0,25.672507335865888,RUNNING,1.0,False,
0.4617,0.0,False,300000.0,1880118.5,0.0,0.6027310518533145,0.621372218405479,0.018641166552164412,1.0,10.0,790.0,0.0,25.672505094799263,RUNNING,1.0,False,
0.46180000000000004,0.0,False,300000.0,1880118.5,0.0,0.599717396594048,0.6182653573134516,0.018547960719403567,1.0,10.0,790.0,0.0,25.672502853736987,RUNNING,1.0,False,
0.46190000000000003,0.0,False,300000.0,1880118.5,0.0,0.5967188096110777,0.6151740305268842,0.018455220915806536,1.0,10.0,790.0,0.0,25.672500612679073,RUNNING,1.0,False,
0.462,0.0,False,300000.0,1880118.5,0.0,0.5937352155630223,0.6120981603742498,0.018362944811227466,1.0,10.0,790.0,0.0,25.672498371625537,RUNNING,1.0,False,
0.4621,0.0,False,300000.0,1880118.5,0.0,0.5907665394852072,0.6090376695723786,0.018271130087171406,1.0,10.0,790.0,0.0,25.672496130576395,RUNNING,1.0,False,
0.4622,0.0,False,300000.0,1880118.5,0.0,0.5878127067877812,0.6059924812245167,0.018179774436735463,1.0,10.0,790.0,0.0,25.672493889531665,RUNNING,1.0,False,
0.46230000000000004,0.0,False,300000.0,1880118.5,0.0,0.5848736432538423,0.6029625188183941,0.018088875564551854,1.0,10.0,790.0,0.0,25.67249164849136,RUNNING,1.0,False,
0.46240000000000003,0.0,False,300000.0,1880118.5,0.0,0.5819492750375731,0.5999477062243022,0.017998431186729058,1.0,10.0,790.0,0.0,25.672489407455494,RUNNING,1.0,False,
0.4625,0.0,False,300000.0,1880118.5,0.0,0.5790395286623853,0.5969479676931807,0.01790843903079542,1.0,10.0,790.0,0.0,25.672487166424084,RUNNING,1.0,False,
0.4626,0.0,False,300000.0,1880118.5,0.0,0.5761443310190734,0.5939632278547148,0.017818896835641418,1.0,10.0,790.0,0.0,25.672484925397143,RUNNING,1.0,False,
0.4627,0.0,False,300000.0,1880118.5,0.0,0.573263609363978,0.5909934117154413,0.017729802351463264,1.0,10.0,790.0,0.0,25.67248268437469,RUNNING,1.0,False,
0.46280000000000004,0.0,False,300000.0,1880118.5,0.0,0.5703972913171581,0.5880384446568641,0.01764115333970595,1.0,10.0,790.0,0.0,25.672480443356733,RUNNING,1.0,False,
0.46290000000000003,0.0,False,300000.0,1880118.5,0.0,0.5675453048605723,0.5850982524335797,0.017552947573007405,1.0,10.0,790.0,0.0,25.672478202343292,RUNNING,1.0,False,
0.463,0.0,False,300000.0,1880118.5,0.0,0.5647075783362695,0.5821727611714119,0.017465182835142423,1.0,10.0,790.0,0.0,25.67247596133438,RUNNING,1.0,False,
0.4631,0.0,False,300000.0,1880118.5,0.0,0.5618840404445882,0.5792618973655548,0.017377856920966606,1.0,10.0,790.0,0.0,25.672473720330018,RUNNING,1.0,False,
0.4632,0.0,False,300000.0,1880118.5,0.0,0.5590746202423652,0.576365587878727,0.017290967636361843,1.0,10.0,790.0,0.0,25.672471479330213,RUNNING,1.0,False,
0.46330000000000005,0.0,False,300000.0,1880118.5,0.0,0.5562792471411534,0.5734837599393334,0.017204512798180027,1.0,10.0,790.0,0.0,25.67246923833498,RUNNING,1.0,False,
0.46340000000000003,0.0,False,300000.0,1880118.5,0.0,0.5534978509054477,0.5706163411396368,0.0171184902341891,1.0,10.0,790.0,0.0,25.672466997344337,RUNNING,1.0,False,
0.4635,0.0,False,300000.0,1880118.5,0.0,0.5507303616509205,0.5677632594339387,0.017032897783018197,1.0,10.0,790.0,0.0,25.672464756358295,RUNNING,1.0,False,
0.4636,0.0,False,300000.0,1880118.5,0.0,0.5479767098426659,0.5649244431367689,0.01694773329410304,1.0,10.0,790.0,0.0,25.67246251537687,RUNNING,1.0,False,
0.4637,0.0,False,300000.0,1880118.5,0.0,0.5452368262934526,0.5620998209210851,0.01686299462763252,1.0,10.0,790.0,0.0,25.672460274400077,RUNNING,1.0,False,
0.46380000000000005,0.0,False,300000.0,1880118.5,0.0,0.5425106421619853,0.5592893218164797,0.01677867965449442,1.0,10.0,790.0,0.0,25.67245803342793,RUNNING,1.0,False,
0.46390000000000003,0.0,False,300000.0,1880118.5,0.0,0.5397980889511754,0.5564928752073973,0.016694786256221894,1.0,10.0,790.0,0.0,25.67245579246044,RUNNING,1.0,False,
0.464,0.0,False,300000.0,1880118.5,0.0,0.5370990985064196,0.5537104108313604,0.01661131232494084,1.0,10.0,790.0,0.0,25.672453551497625,RUNNING,1.0,False,
0.4641,0.0,False,300000.0,1880118.5,0.0,0.5344136030138875,0.5509418587772036,0.01652825576331607,1.0,10.0,790.0,0.0,25.672451310539497,RUNNING,1.0,False,
0.4642,0.0,False,300000.0,1880118.5,0.0,0.531741534998818,0.5481871494833176,0.01644561448449955,1.0,10.0,790.0,0.0,25.67244906958607,RUNNING,1.0,False,
0.46430000000000005,0.0,False,300000.0,1880118.5,0.0,0.529082827323824,0.545446213735901,0.01636338641207702,1.0,10.0,790.0,0.0,25.67244682863736,RUNNING,1.0,False,
0.46440000000000003,0.0,False,300000.0,1880118.5,0.0,0.5264374131872048,0.5427189826672215,0.01628156948001669,1.0,10.0,790.0,0.0,25.672444587693377,RUNNING,1.0,False,
0.4645,0.0,False,300000.0,1880118.5,0.0,0.5238052261212688,0.5400053877538854,0.016200161632616616,1.0,10.0,790.0,0.0,25.67244234675414,RUNNING,1.0,False,
0.4646,0.0,False,300000.0,1880118.5,0.0,0.5211861999906624,0.5373053608151159,0.016119160824453527,1.0,10.0,790.0,0.0,25.672440105819653,RUNNING,1.0,False,
0.4647,0.0,False,300000.0,1880118.5,0.0,0.5185802689907091,0.5346188340110403,0.016038565020331186,1.0,10.0,790.0,0.0,25.67243786488994,RUNNING,1.0,False,
0.46480000000000005,0.0,False,300000.0,1880118.5,0.0,0.5159873676457556,0.5319457398409851,0.015958372195229553,1.0,10.0,790.0,0.0,25.672435623965008,RUNNING,1.0,False,
0.46490000000000004,0.0,False,300000.0,1880118.5,0.0,0.5134074308075268,0.5292860111417802,0.015878580334253378,1.0,10.0,790.0,0.0,25.672433383044872,RUNNING,1.0,False,
0.465,0.0,False,300000.0,1880118.5,0.0,0.5108403936534892,0.5266395810860713,0.01579918743258213,1.0,10.0,790.0,0.0,25.672431142129547,RUNNING,1.0,False,
0.4651,0.0,False,300000.0,1880118.5,0.0,0.5082861916852217,0.524006383180641,0.015720191495419256,1.0,10.0,790.0,0.0,25.672428901219046,RUNNING,1.0,False,
0.4652,0.0,False,300000.0,1880118.5,0.0,0.5057447607267956,0.5213863512647378,0.01564159053794212,1.0,10.0,790.0,0.0,25.67242666031338,RUNNING,1.0,False,
0.46530000000000005,0.0,False,300000.0,1880118.5,0.0,0.5032160369231616,0.5187794195084141,0.015563382585252472,1.0,10.0,790.0,0.0,25.672424419412565,RUNNING,1.0,False,
0.46540000000000004,0.0,False,300000.0,1880118.5,0.0,0.5006999567385458,0.516185522410872,0.015485565672326174,1.0,10.0,790.0,0.0,25.672422178516612,RUNNING,1.0,False,
0.4655,0.0,False,300000.0,1880118.5,0.0,0.4981964569548531,0.5136045947988176,0.015408137843964498,1.0,10.0,790.0,0.0,25.672419937625538,RUNNING,1.0,False,
0.4656,0.0,False,300000.0,1880118.5,0.0,0.4957054746700788,0.5110365718248235,0.015331097154744733,1.0,10.0,790.0,0.0,25.672417696739352,RUNNING,1.0,False,
0.4657,0.0,False,300000.0,1880118.5,0.0,0.4932269472967284,0.5084813889656994,0.015254441668970997,1.0,10.0,790.0,0.0,25.672415455858065,RUNNING,1.0,False,
0.46580000000000005,0.0,False,300000.0,1880118.5,0.0,0.49076081256024473,0.5059389820208708,0.015178169460626112,1.0,10.0,790.0,0.0,25.672413214981695,RUNNING,1.0,False,
0.46590000000000004,0.0,False,300000.0,1880118.5,0.0,0.4883070084974435,0.5034092871107665,0.015102278613322973,1.0,10.0,790.0,0.0,25.67241097411025,RUNNING,1.0,False,
0.466,0.0,False,300000.0,1880118.5,0.0,0.4858654734549563,0.5008922406752127,0.015026767220256365,1.0,10.0,790.0,0.0,25.672408733243746,RUNNING,1.0,False,
0.4661,0.0,False,300000.0,1880118.5,0.0,0.4834361460876815,0.4983877794718366,0.014951633384155116,1.0,10.0,790.0,0.0,25.672406492382194,RUNNING,1.0,False,
0.4662,0.0,False,300000.0,1880118.5,0.0,0.4810189653572431,0.49589584057447744,0.014876875217234353,1.0,10.0,790.0,0.0,25.672404251525606,RUNNING,1.0,False,
0.46630000000000005,0.0,False,300000.0,1880118.5,0.0,0.4786138705304569,0.49341636137160505,0.014802490841148153,1.0,10.0,790.0,0.0,25.672402010673995,RUNNING,1.0,False,
0.46640000000000004,0.0,False,300000.0,1880118.5,0.0,0.47622080117780463,0.49094927956474704,0.014728478386942412,1.0,10.0,790.0,0.0,25.672399769827376,RUNNING,1.0,False,
0.4665,0.0,False,300000.0,1880118.5,0.0,0.4738396971719156,0.4884945331669233,0.01465483599500772,1.0,10.0,790.0,0.0,25.67239752898576,RUNNING,1.0,False,
0.4666,0.0,False,300000.0,1880118.5,0.0,0.471470498686056,0.4860520605010887,0.014581561815032673,1.0,10.0,790.0,0.0,25.672395288149158,RUNNING,1.0,False,
0.4667,0.0,False,300000.0,1880118.5,0.0,0.46911314619262573,0.48362180019858325,0.014508654005957522,1.0,10.0,790.0,0.0,25.672393047317584,RUNNING,1.0,False,
0.46680000000000005,0.0,False,300000.0,1880118.5,0.0,0.4667675804616626,0.4812036911975903,0.01443611073592771,1.0,10.0,790.0,0.0,25.672390806491048,RUNNING,1.0,False,
0.46690000000000004,0.0,False,300000.0,1880118.5,0.0,0.4644337425593543,0.4787976727416024,0.014363930182248075,1.0,10.0,790.0,0.0,25.672388565669564,RUNNING,1.0,False,
0.467,0.0,False,300000.0,1880118.5,0.0,0.46211157384655754,0.4764036843778944,0.014292110531336832,1.0,10.0,790.0,0.0,25.672386324853143,RUNNING,1.0,False,
0.4671,0.0,False,300000.0,1880118.5,0.0,0.45980101597732476,0.4740216659560049,0.014220649978680167,1.0,10.0,790.0,0.0,25.6723840840418,RUNNING,1.0,False,
0.4672,0.0,False,300000.0,1880118.5,0.0,0.45750201089743814,0.4716515576262249,0.014149546728786766,1.0,10.0,790.0,0.0,25.67238184323554,RUNNING,1.0,False,
0.46730000000000005,0.0,False,300000.0,1880118.5,0.0,0.45521450084295095,0.46929329983809376,0.014078798995142805,1.0,10.0,790.0,0.0,25.672379602434383,RUNNING,1.0,False,
0.46740000000000004,0.0,False,300000.0,1880118.5,0.0,0.4529384283387362,0.4669468333389033,0.01400840500016709,1.0,10.0,790.0,0.0,25.672377361638336,RUNNING,1.0,False,
0.4675,0.0,False,300000.0,1880118.5,0.0,0.45067373619704254,0.4646120991722088,0.013938362975166263,1.0,10.0,790.0,0.0,25.67237512084741,RUNNING,1.0,False,
0.4676,0.0,False,300000.0,1880118.5,0.0,0.44842036751605735,0.4622890386763478,0.013868671160290447,1.0,10.0,790.0,0.0,25.67237288006162,RUNNING,1.0,False,
0.4677,0.0,False,300000.0,1880118.5,0.0,0.44617826567847707,0.4599775934829661,0.013799327804489003,1.0,10.0,790.0,0.0,25.672370639280974,RUNNING,1.0,False,
0.46780000000000005,0.0,False,300000.0,1880118.5,0.0,0.4439473743500847,0.45767770551555126,0.01373033116546657,1.0,10.0,790.0,0.0,25.672368398505487,RUNNING,1.0,False,
0.46790000000000004,0.0,False,300000.0,1880118.5,0.0,0.44172763747833427,0.45538931698797347,0.013661679509639202,1.0,10.0,790.0,0.0,25.67236615773517,RUNNING,1.0,False,
0.468,0.0,False,300000.0,1880118.5,0.0,0.43951899929094257,0.4531123704030336,0.013593371112091024,1.0,10.0,790.0,0.0,25.67236391697003,RUNNING,1.0,False,
0.4681,0.0,False,300000.0,1880118.5,0.0,0.43732140429448785,0.4508468085510184,0.013525404256530538,1.0,10.0,790.0,0.0,25.672361676210087,RUNNING,1.0,False,
0.4682,0.0,False,300000.0,1880118.5,0.0,0.4351347972730154,0.44859257450826334,0.013457777235247936,1.0,10.0,790.0,0.0,25.67235943545535,RUNNING,1.0,False,
0.46830000000000005,0.0,False,300000.0,1880118.5,0.0,0.4329591232866503,0.446349611635722,0.013390488349071694,1.0,10.0,790.0,0.0,25.67235719470582,RUNNING,1.0,False,
0.46840000000000004,0.0,False,300000.0,1880118.5,0.0,0.4307943276702171,0.4441178635775434,0.013323535907326323,1.0,10.0,790.0,0.0,25.672354953961523,RUNNING,1.0,False,
0.4685,0.0,False,300000.0,1880118.5,0.0,0.428640356031866,0.4418972742596557,0.013256918227789682,1.0,10.0,790.0,0.0,25.672352713222462,RUNNING,1.0,False,
0.4686,0.0,False,300000.0,1880118.5,0.0,0.4264971542517067,0.43968778788835744,0.01319063363665074,1.0,10.0,790.0,0.0,25.67235047248865,RUNNING,1.0,False,
0.4687,0.0,False,300000.0,1880118.5,0.0,0.4243646684804482,0.43748934894891567,0.013124680468467487,1.0,10.0,790.0,0.0,25.672348231760093,RUNNING,1.0,False,
0.46880000000000005,0.0,False,300000.0,1880118.5,0.0,0.42224284513804594,0.4353019022041711,0.013059057066125146,1.0,10.0,790.0,0.0,25.67234599103681,RUNNING,1.0,False,
0.46890000000000004,0.0,False,300000.0,1880118.5,0.0,0.4201316309123557,0.43312539269315026,0.012993761780794533,1.0,10.0,790.0,0.0,25.67234375031881,RUNNING,1.0,False,
0.46900000000000003,0.0,False,300000.0,1880118.5,0.0,0.41803097275779394,0.4309597657296845,0.012928792971890535,1.0,10.0,790.0,0.0,25.6723415096061,RUNNING,1.0,False,
0.4691,0.0,False,300000.0,1880118.5,0.0,0.41594081789400494,0.42880496690103603,0.01286414900703109,1.0,10.0,790.0,0.0,25.672339268898693,RUNNING,1.0,False,
0.4692,0.0,False,300000.0,1880118.5,0.0,0.41386111380453494,0.4266609420665309,0.012799828261995938,1.0,10.0,790.0,0.0,25.6723370281966,RUNNING,1.0,False,
0.4693,0.0,False,300000.0,1880118.5,0.0,0.41179180823551226,0.4245276373561982,0.012735829120685938,1.0,10.0,790.0,0.0,25.672334787499835,RUNNING,1.0,False,
0.46940000000000004,0.0,False,300000.0,1880118.5,0.0,0.40973284919433467,0.4224049991694172,0.012672149975082536,1.0,10.0,790.0,0.0,25.672332546808406,RUNNING,1.0,False,
0.46950000000000003,0.0,False,300000.0,1880118.5,0.0,0.407684184948363,0.42029297417357014,0.01260878922520714,1.0,10.0,790.0,0.0,25.672330306122323,RUNNING,1.0,False,
0.4696,0.0,False,300000.0,1880118.5,0.0,0.4056457640236212,0.41819150930270227,0.012545745279081089,1.0,10.0,790.0,0.0,25.672328065441594,RUNNING,1.0,False,
0.4697,0.0,False,300000.0,1880118.5,0.0,0.4036175352035031,0.41610055175618876,0.012483016552685688,1.0,10.0,790.0,0.0,25.672325824766233,RUNNING,1.0,False,
0.4698,0.0,False,300000.0,1880118.5,0.0,0.40159944752748555,0.4140200489974078,0.012420601469922243,1.0,10.0,790.0,0.0,25.67232358409625,RUNNING,1.0,False,
0.46990000000000004,0.0,False,300000.0,1880118.5,0.0,0.3995914502898481,0.41194994875242075,0.012358498462572642,1.0,10.0,790.0,0.0,25.67232134343166,RUNNING,1.0,False,
0.47000000000000003,0.0,False,300000.0,1880118.5,0.0,0.39759349303839886,0.40989019900865864,0.01229670597025978,1.0,10.0,790.0,0.0,25.672319102772462,RUNNING,1.0,False,
0.4701,0.0,False,300000.0,1880118.5,0.0,0.3956055255732069,0.40784074801361536,0.012235222440408478,1.0,10.0,790.0,0.0,25.672316862118677,RUNNING,1.0,False,
0.4702,0.0,False,300000.0,1880118.5,0.0,0.39362749794534085,0.4058015442735473,0.012174046328206456,1.0,10.0,790.0,0.0,25.67231462147031,RUNNING,1.0,False,
0.4703,0.0,False,300000.0,1880118.5,0.0,0.39165936045561417,0.40377253655217954,0.01211317609656537,1.0,10.0,790.0,0.0,25.672312380827375,RUNNING,1.0,False,
0.47040000000000004,0.0,False,300000.0,1880118.5,0.0,0.3897010636533361,0.4017536738694187,0.01205261021608256,1.0,10.0,790.0,0.0,25.67231014018988,RUNNING,1.0,False,
0.47050000000000003,0.0,False,300000.0,1880118.5,0.0,0.38775255833506944,0.3997449055000716,0.011992347165002137,1.0,10.0,790.0,0.0,25.672307899557833,RUNNING,1.0,False,
0.4706,0.0,False,300000.0,1880118.5,0.0,0.38581379554339407,0.3977461809725712,0.011932385429177128,1.0,10.0,790.0,0.0,25.672305658931247,RUNNING,1.0,False,
0.4707,0.0,False,300000.0,1880118.5,0.0,0.38388472656567707,0.39575745006770835,0.01187272350203128,1.0,10.0,790.0,0.0,25.67230341831013,RUNNING,1.0,False,
0.4708,0.0,False,300000.0,1880118.5,0.0,0.3819653029328487,0.3937786628173698,0.01181335988452109,1.0,10.0,790.0,0.0,25.672301177694493,RUNNING,1.0,False,
0.47090000000000004,0.0,False,300000.0,1880118.5,0.0,0.38005547641818443,0.39180976950328295,0.01175429308509851,1.0,10.0,790.0,0.0,25.672298937084346,RUNNING,1.0,False,
0.47100000000000003,0.0,False,300000.0,1880118.5,0.0,0.3781551990360935,0.38985072065576654,0.011695521619673022,1.0,10.0,790.0,0.0,25.672296696479698,RUNNING,1.0,False,
0.4711,0.0,False,300000.0,1880118.5,0.0,0.37626442304091307,0.3879014670524877,0.011637044011574615,1.0,10.0,790.0,0.0,25.67229445588056,RUNNING,1.0,False,
0.4712,0.0,False,300000.0,1880118.5,0.0,0.3743831009257085,0.38596195971722524,0.011578858791516766,1.0,10.0,790.0,0.0,25.672292215286944,RUNNING,1.0,False,
0.4713,0.0,False,300000.0,1880118.5,0.0,0.3725111854210799,0.3840321499186391,0.011520964497559183,1.0,10.0,790.0,0.0,25.672289974698856,RUNNING,1.0,False,
0.47140000000000004,0.0,False,300000.0,1880118.5,0.0,0.37064862949397454,0.38211198916904593,0.011463359675071394,1.0,10.0,790.0,0.0,25.672287734116306,RUNNING,1.0,False,
0.47150000000000003,0.0,False,300000.0,1880118.5,0.0,0.36879538634650466,0.3802014292232007,0.011406042876696054,1.0,10.0,790.0,0.0,25.672285493539306,RUNNING,1.0,False,
0.4716,0.0,False,300000.0,1880118.5,0.0,0.3669514094147721,0.37830042207708464,0.01134901266231253,1.0,10.0,790.0,0.0,25.672283252967862,RUNNING,1.0,False,
0.4717,0.0,False,300000.0,1880118.5,0.0,0.36511665236769825,0.37640891996669923,0.011292267599000982,1.0,10.0,790.0,0.0,25.672281012401985,RUNNING,1.0,False,
0.4718,0.0,False,300000.0,1880118.5,0.0,0.36329106910585973,0.3745268753668657,0.011235806261005954,1.0,10.0,790.0,0.0,25.672278771841686,RUNNING,1.0,False,
0.47190000000000004,0.0,False,300000.0,1880118.5,0.0,0.3614746137603304,0.37265424099003136,0.01117962722970095,1.0,10.0,790.0,0.0,25.672276531286972,RUNNING,1.0,False,
0.47200000000000003,0.0,False,300000.0,1880118.5,0.0,0.3596672406915288,0.37079096978508125,0.01112372909355247,1.0,10.0,790.0,0.0,25.672274290737857,RUNNING,1.0,False,
0.4721,0.0,False,300000.0,1880118.5,0.0,0.3578689044880711,0.3689370149361558,0.0110681104480847,1.0,10.0,790.0,0.0,25.672272050194344,RUNNING,1.0,False,
0.4722,0.0,False,300000.0,1880118.5,0.0,0.3560795599656308,0.36709232986147505,0.011012769895844265,1.0,10.0,790.0,0.0,25.67226980965645,RUNNING,1.0,False,
0.4723,0.0,False,300000.0,1880118.5,0.0,0.35429916216580265,0.3652568682121677,0.010957706046365034,1.0,10.0,790.0,0.0,25.672267569124177,RUNNING,1.0,False,
0.47240000000000004,0.0,False,300000.0,1880118.5,0.0,0.3525276663549736,0.3634305838711068,0.010902917516133204,1.0,10.0,790.0,0.0,25.672265328597536,RUNNING,1.0,False,
0.47250000000000003,0.0,False,300000.0,1880118.5,0.0,0.35076502802319875,0.3616134309517513,0.010848402928552547,1.0,10.0,790.0,0.0,25.672263088076537,RUNNING,1.0,False,
0.4726,0.0,False,300000.0,1880118.5,0.0,0.34901120288308274,0.3598053637969925,0.010794160913909778,1.0,10.0,790.0,0.0,25.67226084756119,RUNNING,1.0,False,
0.4727,0.0,False,300000.0,1880118.5,0.0,0.3472661468686673,0.35800633697800754,0.010740190109340242,1.0,10.0,790.0,0.0,25.672258607051504,RUNNING,1.0,False,
0.4728,0.0,False,300000.0,1880118.5,0.0,0.345529816134324,0.35621630529311754,0.010686489158793555,1.0,10.0,790.0,0.0,25.672256366547487,RUNNING,1.0,False,
0.47290000000000004,0.0,False,300000.0,1880118.5,0.0,0.34380216705365235,0.35443522376665193,0.010633056712999578,1.0,10.0,790.0,0.0,25.672254126049147,RUNNING,1.0,False,
0.47300000000000003,0.0,False,300000.0,1880118.5,0.0,0.3420831562183841,0.35266304764781864,0.010579891429434551,1.0,10.0,790.0,0.0,25.672251885556495,RUNNING,1.0,False,
0.4731,0.0,False,300000.0,1880118.5,0.0,0.34037274043729215,0.35089973240957956,0.010526991972287403,1.0,10.0,790.0,0.0,25.672249645069538,RUNNING,1.0,False,
0.4732,0.0,False,300000.0,1880118.5,0.0,0.3386708767351057,0.34914523374753165,0.010474357012425939,1.0,10.0,790.0,0.0,25.672247404588287,RUNNING,1.0,False,
0.4733,0.0,False,300000.0,1880118.5,0.0,0.3369775223514302,0.347399507578794,0.010421985227363817,1.0,10.0,790.0,0.0,25.67224516411275,RUNNING,1.0,False,
0.47340000000000004,0.0,False,300000.0,1880118.5,0.0,0.335292634739673,0.34566251004090004,0.010369875301227016,1.0,10.0,790.0,0.0,25.672242923642933,RUNNING,1.0,False,
0.47350000000000003,0.0,False,300000.0,1880118.5,0.0,0.3336161715659747,0.34393419749069554,0.010318025924720864,1.0,10.0,790.0,0.0,25.67224068317885,RUNNING,1.0,False,
0.4736,0.0,False,300000.0,1880118.5,0.0,0.3319480907081448,0.3422145265032421,0.010266435795097284,1.0,10.0,790.0,0.0,25.672238442720506,RUNNING,1.0,False,
0.4737,0.0,False,300000.0,1880118.5,0.0,0.33028835025460407,0.34050345387072584,0.010215103616121768,1.0,10.0,790.0,0.0,25.67223620226791,RUNNING,1.0,False,
0.4738,0.0,False,300000.0,1880118.5,0.0,0.32863690850333105,0.3388009366013722,0.010164028098041178,1.0,10.0,790.0,0.0,25.672233961821075,RUNNING,1.0,False,
0.47390000000000004,0.0,False,300000.0,1880118.5,0.0,0.3269937239608144,0.3371069319183654,0.010113207957550996,1.0,10.0,790.0,0.0,25.67223172138,RUNNING,1.0,False,
0.47400000000000003,0.0,False,300000.0,1880118.5,0.0,0.32535875534101033,0.33542139725877357,0.010062641917763238,1.0,10.0,790.0,0.0,25.672229480944704,RUNNING,1.0,False,
0.4741,0.0,False,300000.0,1880118.5,0.0,0.3237319615643053,0.3337442902724797,0.010012328708174423,1.0,10.0,790.0,0.0,25.672227240515188,RUNNING,1.0,False,
0.4742,0.0,False,300000.0,1880118.5,0.0,0.3221133017564837,0.3320755688211173,0.009962267064633545,1.0,10.0,790.0,0.0,25.672225000091462,RUNNING,1.0,False,
0.4743,0.0,False,300000.0,1880118.5,0.0,0.3205027352477013,0.33041519097701166,0.009912455729310377,1.0,10.0,790.0,0.0,25.672222759673538,RUNNING,1.0,False,
0.47440000000000004,0.0,False,300000.0,1880118.5,0.0,0.3189002215714628,0.32876311502212663,0.009862893450663823,1.0,10.0,790.0,0.0,25.672220519261423,RUNNING,1.0,False,
0.47450000000000003,0.0,False,300000.0,1880118.5,0.0,0.3173057204636055,0.327119299447016,0.00981357898341051,1.0,10.0,790.0,0.0,25.672218278855123,RUNNING,1.0,False,
0.4746,0.0,False,300000.0,1880118.5,0.0,0.3157191918612875,0.3254837029497809,0.00976451108849341,1.0,10.0,790.0,0.0,25.672216038454646,RUNNING,1.0,False,
0.4747,0.0,False,300000.0,1880118.5,0.0,0.31414059590198107,0.32385628443503206,0.009715688533050992,1.0,10.0,790.0,0.0,25.672213798060003,RUNNING,1.0,False,
0.4748,0.0,False,300000.0,1880118.5,0.0,0.31256989292247117,0.3222370030128569,0.009667110090385733,1.0,10.0,790.0,0.0,25.6722115576712,RUNNING,1.0,False,
0.47490000000000004,0.0,False,300000.0,1880118.5,0.0,0.3110070434578588,0.32062581799779255,0.009618774539933761,1.0,10.0,790.0,0.0,25.672209317288246,RUNNING,1.0,False,
0.47500000000000003,0.0,False,300000.0,1880118.5,0.0,0.3094520082405695,0.3190226889078036,0.0095706806672341,1.0,10.0,790.0,0.0,25.672207076911146,RUNNING,1.0,False,
0.4751,0.0,False,300000.0,1880118.5,0.0,0.30790474819936664,0.3174275754632646,0.00952282726389797,1.0,10.0,790.0,0.0,25.672204836539912,RUNNING,1.0,False,
0.4752,0.0,False,300000.0,1880118.5,0.0,0.30636522445836983,0.31584043758594826,0.00947521312757843,1.0,10.0,790.0,0.0,25.67220259617455,RUNNING,1.0,False,
0.4753,0.0,False,300000.0,1880118.5,0.0,0.304833398336078,0.31426123539801853,0.009427837061940558,1.0,10.0,790.0,0.0,25.67220035581507,RUNNING,1.0,False,
0.47540000000000004,0.0,False,300000.0,1880118.5,0.0,0.3033092313443976,0.31268992922102845,0.009380697876630872,1.0,10.0,790.0,0.0,25.67219811546148,RUNNING,1.0,False,
0.47550000000000003,0.0,False,300000.0,1880118.5,0.0,0.3017926851876756,0.3111264795749233,0.009333794387247685,1.0,10.0,790.0,0.0,25.672195875113786,RUNNING,1.0,False,
0.4756,0.0,False,300000.0,1880118.5,0.0,0.30028372176173723,0.3095708471770487,0.009287125415311459,1.0,10.0,790.0,0.0,25.672193634771997,RUNNING,1.0,False,
0.4757,0.0,False,300000.0,1880118.5,0.0,0.29878230315292853,0.3080229929411634,0.00924068978823489,1.0,10.0,790.0,0.0,25.67219139443612,RUNNING,1.0,False,
0.4758,0.0,False,300000.0,1880118.5,0.0,0.29728839163716386,0.3064828779764576,0.009194486339293761,1.0,10.0,790.0,0.0,25.67218915410616,RUNNING,1.0,False,
0.47590000000000005,0.0,False,300000.0,1880118.5,0.0,0.29580194967897805,0.3049504635865753,0.009148513907597244,1.0,10.0,790.0,0.0,25.67218691378213,RUNNING,1.0,False,
0.47600000000000003,0.0,False,300000.0,1880118.5,0.0,0.29432293993058317,0.30342571126864243,0.009102771338059257,1.0,10.0,790.0,0.0,25.672184673464034,RUNNING,1.0,False,
0.4761,0.0,False,300000.0,1880118.5,0.0,0.29285132523093027,0.30190858271229926,0.009057257481368985,1.0,10.0,790.0,0.0,25.67218243315188,RUNNING,1.0,False,
0.4762,0.0,False,300000.0,1880118.5,0.0,0.29138706860477565,0.3003990397987378,0.009011971193962132,1.0,10.0,790.0,0.0,25.67218019284568,RUNNING,1.0,False,
0.4763,0.0,False,300000.0,1880118.5,0.0,0.28993013326175177,0.2988970445997441,0.008966911337992323,1.0,10.0,790.0,0.0,25.672177952545436,RUNNING,1.0,False,
0.47640000000000005,0.0,False,300000.0,1880118.5,0.0,0.288480482595443,0.29740255937674537,0.008922076781302357,1.0,10.0,790.0,0.0,25.672175712251157,RUNNING,1.0,False,
0.47650000000000003,0.0,False,300000.0,1880118.5,0.0,0.2870380801824658,0.29591554657986163,0.008877466397395839,1.0,10.0,790.0,0.0,25.672173471962854,RUNNING,1.0,False,
0.4766,0.0,False,300000.0,1880118.5,0.0,0.28560288978155346,0.2944359688469623,0.008833079065408866,1.0,10.0,790.0,0.0,25.67217123168053,RUNNING,1.0,False,
0.4767,0.0,False,300000.0,1880118.5,0.0,0.2841748753326457,0.2929637890027275,0.008788913670081833,1.0,10.0,790.0,0.0,25.67216899140419,RUNNING,1.0,False,
0.4768,0.0,False,300000.0,1880118.5,0.0,0.28275400095598247,0.2914989700577139,0.008744969101731448,1.0,10.0,790.0,0.0,25.67216675113385,RUNNING,1.0,False,
0.47690000000000005,0.0,False,300000.0,1880118.5,0.0,0.28134023095120253,0.2900414752074253,0.008701244256222762,1.0,10.0,790.0,0.0,25.672164510869514,RUNNING,1.0,False,
0.47700000000000004,0.0,False,300000.0,1880118.5,0.0,0.27993352979644653,0.28859126783138817,0.008657738034941631,1.0,10.0,790.0,0.0,25.672162270611185,RUNNING,1.0,False,
0.4771,0.0,False,300000.0,1880118.5,0.0,0.2785338621474643,0.28714831149223125,0.008614449344766961,1.0,10.0,790.0,0.0,25.672160030358874,RUNNING,1.0,False,
0.4772,0.0,False,300000.0,1880118.5,0.0,0.27714119283672695,0.28571256993477007,0.00857137709804312,1.0,10.0,790.0,0.0,25.67215779011259,RUNNING,1.0,False,
0.4773,0.0,False,300000.0,1880118.5,0.0,0.2757554868725433,0.2842840070850962,0.008528520212552904,1.0,10.0,790.0,0.0,25.672155549872336,RUNNING,1.0,False,
0.47740000000000005,0.0,False,300000.0,1880118.5,0.0,0.2743767094381806,0.2828625870496707,0.008485877611490111,1.0,10.0,790.0,0.0,25.67215330963812,RUNNING,1.0,False,
0.47750000000000004,0.0,False,300000.0,1880118.5,0.0,0.2730048258909897,0.28144827411442236,0.008443448223432681,1.0,10.0,790.0,0.0,25.67215106940995,RUNNING,1.0,False,
0.4776,0.0,False,300000.0,1880118.5,0.0,0.27163980176153474,0.2800410327438502,0.008401230982315488,1.0,10.0,790.0,0.0,25.672148829187833,RUNNING,1.0,False,
0.4777,0.0,False,300000.0,1880118.5,0.0,0.27028160275272706,0.278640827580131,0.008359224827403922,1.0,10.0,790.0,0.0,25.672146588971778,RUNNING,1.0,False,
0.4778,0.0,False,300000.0,1880118.5,0.0,0.2689301947389634,0.2772476234422303,0.008317428703266905,1.0,10.0,790.0,0.0,25.672144348761787,RUNNING,1.0,False,
0.47790000000000005,0.0,False,300000.0,1880118.5,0.0,0.2675855437652686,0.2758613853250192,0.008275841559750585,1.0,10.0,790.0,0.0,25.67214210855787,RUNNING,1.0,False,
0.47800000000000004,0.0,False,300000.0,1880118.5,0.0,0.26624761604644226,0.2744820783983941,0.008234462351951854,1.0,10.0,790.0,0.0,25.672139868360038,RUNNING,1.0,False,
0.4781,0.0,False,300000.0,1880118.5,0.0,0.26491637796621004,0.27310966800640213,0.008193290040192092,1.0,10.0,790.0,0.0,25.672137628168294,RUNNING,1.0,False,
0.4782,0.0,False,300000.0,1880118.5,0.0,0.263591796076379,0.27174411966637013,0.008152323589991128,1.0,10.0,790.0,0.0,25.672135387982642,RUNNING,1.0,False,
0.4783,0.0,False,300000.0,1880118.5,0.0,0.2622738370959971,0.27038539906803827,0.00811156197204116,1.0,10.0,790.0,0.0,25.672133147803095,RUNNING,1.0,False,
0.47840000000000005,0.0,False,300000.0,1880118.5,0.0,0.26096246791051714,0.26903347207269807,0.008071004162180928,1.0,10.0,790.0,0.0,25.672130907629654,RUNNING,1.0,False,
0.47850000000000004,0.0,False,300000.0,1880118.5,0.0,0.25965765557096454,0.26768830471233457,0.008030649141370028,1.0,10.0,790.0,0.0,25.672128667462328,RUNNING,1.0,False,
0.4786,0.0,False,300000.0,1880118.5,0.0,0.2583593672931097,0.2663498631887729,0.007990495895663197,1.0,10.0,790.0,0.0,25.672126427301123,RUNNING,1.0,False,
0.4787,0.0,False,300000.0,1880118.5,0.0,0.25706757045664413,0.26501811387282903,0.007950543416184896,1.0,10.0,790.0,0.0,25.67212418714605,RUNNING,1.0,False,
0.4788,0.0,False,300000.0,1880118.5,0.0,0.2557822326043609,0.26369302330346484,0.007910790699103942,1.0,10.0,790.0,0.0,25.672121946997112,RUNNING,1.0,False,
0.47890000000000005,0.0,False,300000.0,1880118.5,0.0,0.2545033214413391,0.2623745581869475,0.007871236745608412,1.0,10.0,790.0,0.0,25.672119706854314,RUNNING,1.0,False,
0.47900000000000004,0.0,False,300000.0,1880118.5,0.0,0.2532308048341324,0.2610626853960128,0.007831880561880389,1.0,10.0,790.0,0.0,25.672117466717665,RUNNING,1.0,False,
0.4791,0.0,False,300000.0,1880118.5,0.0,0.2519646508099617,0.2597573719690327,0.007792721159070981,1.0,10.0,790.0,0.0,25.672115226587174,RUNNING,1.0,False,
0.4792,0.0,False,300000.0,1880118.5,0.0,0.2507048275559119,0.2584585851091875,0.00775375755327562,1.0,10.0,790.0,0.0,25.672112986462842,RUNNING,1.0,False,
0.4793,0.0,False,300000.0,1880118.5,0.0,0.24945130341813232,0.25716629218364156,0.007714988765509245,1.0,10.0,790.0,0.0,25.67211074634468,RUNNING,1.0,False,
0.47940000000000005,0.0,False,300000.0,1880118.5,0.0,0.24820404690104167,0.25588046072272336,0.007676413821681688,1.0,10.0,790.0,0.0,25.67210850623269,RUNNING,1.0,False,
0.47950000000000004,0.0,False,300000.0,1880118.5,0.0,0.24696302666653647,0.2546010584191098,0.0076380317525733266,1.0,10.0,790.0,0.0,25.67210626612688,RUNNING,1.0,False,
0.4796,0.0,False,300000.0,1880118.5,0.0,0.2457282115332038,0.25332805312701423,0.007599841593810441,1.0,10.0,790.0,0.0,25.672104026027263,RUNNING,1.0,False,
0.4797,0.0,False,300000.0,1880118.5,0.0,0.24449957047553778,0.2520614128613792,0.0075618423858414,1.0,10.0,790.0,0.0,25.672101785933837,RUNNING,1.0,False,
0.4798,0.0,False,300000.0,1880118.5,0.0,0.2432770726231601,0.25080110579707227,0.007524033173912176,1.0,10.0,790.0,0.0,25.672099545846613,RUNNING,1.0,False,
0.47990000000000005,0.0,False,300000.0,1880118.5,0.0,0.2420606872600443,0.2495471002680869,0.0074864130080426194,1.0,10.0,790.0,0.0,25.672097305765597,RUNNING,1.0,False,
0.48000000000000004,0.0,False,300000.0,1880118.5,0.0,0.24085038382374407,0.24829936476674647,0.007448980943002392,1.0,10.0,790.0,0.0,25.67209506569079,RUNNING,1.0,False,
0.4801,0.0,False,300000.0,1880118.5,0.0,0.23964613190462536,0.24705786794291273,0.007411736038287375,1.0,10.0,790.0,0.0,25.672092825622205,RUNNING,1.0,False,
0.4802,0.0,False,300000.0,1880118.5,0.0,0.23844790124510223,0.2458225786031982,0.007374677358095966,1.0,10.0,790.0,0.0,25.672090585559843,RUNNING,1.0,False,
0.4803,0.0,False,300000.0,1880118.5,0.0,0.23725566173887672,0.2445934657101822,0.007337803971305484,1.0,10.0,790.0,0.0,25.672088345503713,RUNNING,1.0,False,
0.48040000000000005,0.0,False,300000.0,1880118.5,0.0,0.23606938343018233,0.24337049838163127,0.007301114951448945,1.0,10.0,790.0,0.0,25.672086105453822,RUNNING,1.0,False,
0.48050000000000004,0.0,False,300000.0,1880118.5,0.0,0.23488903651303142,0.24215364588972313,0.007264609376691711,1.0,10.0,790.0,0.0,25.672083865410173,RUNNING,1.0,False,
0.4806,0.0,False,300000.0,1880118.5,0.0,0.23371459133046626,0.2409428776602745,0.007228286329808237,1.0,10.0,790.0,0.0,25.672081625372776,RUNNING,1.0,False,
0.4807,0.0,False,300000.0,1880118.5,0.0,0.23254601837381395,0.23973816327197314,0.007192144898159197,1.0,10.0,790.0,0.0,25.672079385341636,RUNNING,1.0,False,
0.4808,0.0,False,300000.0,1880118.5,0.0,0.23138328828194488,0.23853947245561327,0.007156184173668395,1.0,10.0,790.0,0.0,25.672077145316756,RUNNING,1.0,False,
0.48090000000000005,0.0,False,300000.0,1880118.5,0.0,0.23022637184053515,0.2373467750933352,0.007120403252800056,1.0,10.0,790.0,0.0,25.672074905298143,RUNNING,1.0,False,
0.48100000000000004,0.0,False,300000.0,1880118.5,0.0,0.22907523998133247,0.23616004121786854,0.00708480123653607,1.0,10.0,790.0,0.0,25.672072665285803,RUNNING,1.0,False,
0.4811,0.0,False,300000.0,1880118.5,0.0,0.22792986378142582,0.2349792410117792,0.007049377230353371,1.0,10.0,790.0,0.0,25.672070425279745,RUNNING,1.0,False,
0.4812,0.0,False,300000.0,1880118.5,0.0,0.2267902144625187,0.23380434480672033,0.007014130344201619,1.0,10.0,790.0,0.0,25.672068185279972,RUNNING,1.0,False,
0.4813,0.0,False,300000.0,1880118.5,0.0,0.2256562633902061,0.23263532308268672,0.00697905969248061,1.0,10.0,790.0,0.0,25.67206594528649,RUNNING,1.0,False,
0.48140000000000005,0.0,False,300000.0,1880118.5,0.0,0.22452798207325508,0.2314721464672733,0.00694416439401821,1.0,10.0,790.0,0.0,25.67206370529931,RUNNING,1.0,False,
0.48150000000000004,0.0,False,300000.0,1880118.5,0.0,0.22340534216288882,0.23031478573493694,0.006909443572048118,1.0,10.0,790.0,0.0,25.67206146531843,RUNNING,1.0,False,
0.48160000000000003,0.0,False,300000.0,1880118.5,0.0,0.22228831545207436,0.22916321180626223,0.006874896354187865,1.0,10.0,790.0,0.0,25.672059225343858,RUNNING,1.0,False,
0.4817,0.0,False,300000.0,1880118.5,0.0,0.221176873874814,0.22801739574723093,0.0068405218724169325,1.0,10.0,790.0,0.0,25.672056985375605,RUNNING,1.0,False,
0.4818,0.0,False,300000.0,1880118.5,0.0,0.22007098950543993,0.2268773087684948,0.006806319263054861,1.0,10.0,790.0,0.0,25.67205474541367,RUNNING,1.0,False,
0.48190000000000005,0.0,False,300000.0,1880118.5,0.0,0.21897063455791274,0.2257429222246523,0.006772287666739568,1.0,10.0,790.0,0.0,25.672052505458065,RUNNING,1.0,False,
0.48200000000000004,0.0,False,300000.0,1880118.5,0.0,0.21787578138512317,0.22461420761352904,0.006738426228405869,1.0,10.0,790.0,0.0,25.67205026550879,RUNNING,1.0,False,
0.48210000000000003,0.0,False,300000.0,1880118.5,0.0,0.21678640247819755,0.2234911365754614,0.006704734097263854,1.0,10.0,790.0,0.0,25.672048025565854,RUNNING,1.0,False,
0.4822,0.0,False,300000.0,1880118.5,0.0,0.21570247046580657,0.2223736808925841,0.006671210426777541,1.0,10.0,790.0,0.0,25.67204578562926,RUNNING,1.0,False,
0.4823,0.0,False,300000.0,1880118.5,0.0,0.21462395811347754,0.22126181248812118,0.006637854374643648,1.0,10.0,790.0,0.0,25.67204354569901,RUNNING,1.0,False,
0.4824,0.0,False,300000.0,1880118.5,0.0,0.21355083832291014,0.22015550342568055,0.006604665102770413,1.0,10.0,790.0,0.0,25.67204130577512,RUNNING,1.0,False,
0.48250000000000004,0.0,False,300000.0,1880118.5,0.0,0.21248308413129557,0.21905472590855216,0.006571641777256582,1.0,10.0,790.0,0.0,25.67203906585759,RUNNING,1.0,False,
0.48260000000000003,0.0,False,300000.0,1880118.5,0.0,0.2114206687106391,0.2179594522790094,0.006538783568370288,1.0,10.0,790.0,0.0,25.672036825946424,RUNNING,1.0,False,
0.4827,0.0,False,300000.0,1880118.5,0.0,0.21036356536708592,0.21686965501761435,0.006506089650528429,1.0,10.0,790.0,0.0,25.67203458604163,RUNNING,1.0,False,
0.4828,0.0,False,300000.0,1880118.5,0.0,0.2093117475402505,0.2157853067425263,0.006473559202275797,1.0,10.0,790.0,0.0,25.67203234614321,RUNNING,1.0,False,
0.4829,0.0,False,300000.0,1880118.5,0.0,0.20826518880254924,0.21470638020881366,0.006441191406264424,1.0,10.0,790.0,0.0,25.672030106251178,RUNNING,1.0,False,
0.48300000000000004,0.0,False,300000.0,1880118.5,0.0,0.2072238628585365,0.2136328483077696,0.006408985449233101,1.0,10.0,790.0,0.0,25.67202786636553,RUNNING,1.0,False,
0.48310000000000003,0.0,False,300000.0,1880118.5,0.0,0.20618774354424382,0.21256468406623075,0.0063769405219869235,1.0,10.0,790.0,0.0,25.672025626486274,RUNNING,1.0,False,
0.4832,0.0,False,300000.0,1880118.5,0.0,0.2051568048265226,0.2115018606458996,0.006345055819376999,1.0,10.0,790.0,0.0,25.672023386613418,RUNNING,1.0,False,
0.4833,0.0,False,300000.0,1880118.5,0.0,0.20413102080238998,0.2104443513426701,0.006313330540280104,1.0,10.0,790.0,0.0,25.672021146746964,RUNNING,1.0,False,
0.4834,0.0,False,300000.0,1880118.5,0.0,0.20311036569837804,0.20939212958595674,0.006281763887578701,1.0,10.0,790.0,0.0,25.67201890688692,RUNNING,1.0,False,
0.48350000000000004,0.0,False,300000.0,1880118.5,0.0,0.20209481386988615,0.20834516893802696,0.0062503550681408115,1.0,10.0,790.0,0.0,25.672016667033287,RUNNING,1.0,False,
0.48360000000000003,0.0,False,300000.0,1880118.5,0.0,0.20108433980053672,0.20730344309333684,0.006219103292800121,1.0,10.0,790.0,0.0,25.672014427186074,RUNNING,1.0,False,
0.4837,0.0,False,300000.0,1880118.5,0.0,0.20007891810153403,0.20626692587787013,0.006188007776336102,1.0,10.0,790.0,0.0,25.67201218734529,RUNNING,1.0,False,
0.4838,0.0,False,300000.0,1880118.5,0.0,0.19907852351102637,0.2052355912484808,0.006157067737454419,1.0,10.0,790.0,0.0,25.67200994751093,RUNNING,1.0,False,
0.4839,0.0,False,300000.0,1880118.5,0.0,0.19808313089347124,0.2042094132922384,0.006126282398767169,1.0,10.0,790.0,0.0,25.672007707683008,RUNNING,1.0,False,
0.48400000000000004,0.0,False,300000.0,1880118.5,0.0,0.19709271523900387,0.20318836622577718,0.00609565098677331,1.0,10.0,790.0,0.0,25.672005467861524,RUNNING,1.0,False,
0.48410000000000003,0.0,False,300000.0,1880118.5,0.0,0.19610725166280885,0.2021724243946483,0.006065172731839458,1.0,10.0,790.0,0.0,25.672003228046485,RUNNING,1.0,False,
0.4842,0.0,False,300000.0,1880118.5,0.0,0.1951267154044948,0.20116156227267507,0.00603484686818026,1.0,10.0,790.0,0.0,25.672000988237897,RUNNING,1.0,False,
0.4843,0.0,False,300000.0,1880118.5,0.0,0.19415108182747234,0.2001557544613117,0.0060046726338393586,1.0,10.0,790.0,0.0,25.671998748435765,RUNNING,1.0,False,
0.4844,0.0,False,300000.0,1880118.5,0.0,0.193180326418335,0.19915497568900514,0.0059746492706701515,1.0,10.0,790.0,0.0,25.671996508640092,RUNNING,1.0,False,
0.48450000000000004,0.0,False,300000.0,1880118.5,0.0,0.19221442478624332,0.19815920081056013,0.005944776024316811,1.0,10.0,790.0,0.0,25.671994268850884,RUNNING,1.0,False,
0.48460000000000003,0.0,False,300000.0,1880118.5,0.0,0.1912533526623121,0.19716840480650732,0.005915052144195215,1.0,10.0,790.0,0.0,25.671992029068146,RUNNING,1.0,False,
0.4847,0.0,False,300000.0,1880118.5,0.0,0.19029708589900055,0.19618256278247478,0.005885476883474239,1.0,10.0,790.0,0.0,25.671989789291885,RUNNING,1.0,False,
0.4848,0.0,False,300000.0,1880118.5,0.0,0.18934560046950555,0.19520164996856243,0.005856049499056881,1.0,10.0,790.0,0.0,25.671987549522104,RUNNING,1.0,False,
0.4849,0.0,False,300000.0,1880118.5,0.0,0.18839887246715803,0.19422564171871962,0.0058267692515615865,1.0,10.0,790.0,0.0,25.671985309758806,RUNNING,1.0,False,
0.48500000000000004,0.0,False,300000.0,1880118.5,0.0,0.18745687810482223,0.193254513510126,0.005797635405303786,1.0,10.0,790.0,0.0,25.671983070002,RUNNING,1.0,False,
0.48510000000000003,0.0,False,300000.0,1880118.5,0.0,0.1865195937142981,0.19228824094257538,0.005768647228277274,1.0,10.0,790.0,0.0,25.671980830251687,RUNNING,1.0,False,
0.4852,0.0,False,300000.0,1880118.5,0.0,0.18558699574572662,0.1913267997378625,0.005739803992135889,1.0,10.0,790.0,0.0,25.671978590507877,RUNNING,1.0,False,
0.4853,0.0,False,300000.0,1880118.5,0.0,0.18465906076699798,0.19037016573917317,0.005711104972175196,1.0,10.0,790.0,0.0,25.671976350770567,RUNNING,1.0,False,
0.4854,0.0,False,300000.0,1880118.5,0.0,0.18373576546316298,0.1894183149104773,0.005682549447314333,1.0,10.0,790.0,0.0,25.671974111039766,RUNNING,1.0,False,
0.48550000000000004,0.0,False,300000.0,1880118.5,0.0,0.18281708663584717,0.18847122333592492,0.00565413670007775,1.0,10.0,790.0,0.0,25.67197187131548,RUNNING,1.0,False,
0.48560000000000003,0.0,False,300000.0,1880118.5,0.0,0.18190300120266795,0.1875288672192453,0.005625866016577358,1.0,10.0,790.0,0.0,25.671969631597715,RUNNING,1.0,False,
0.4857,0.0,False,300000.0,1880118.5,0.0,0.18099348619665462,0.18659122288314908,0.005597736686494464,1.0,10.0,790.0,0.0,25.671967391886472,RUNNING,1.0,False,
0.4858,0.0,False,300000.0,1880118.5,0.0,0.18008851876567133,0.18565826676873334,0.005569748003062008,1.0,10.0,790.0,0.0,25.671965152181755,RUNNING,1.0,False,
0.4859,0.0,False,300000.0,1880118.5,0.0,0.17918807617184299,0.18472997543488967,0.0055418992630466846,1.0,10.0,790.0,0.0,25.671962912483572,RUNNING,1.0,False,
0.48600000000000004,0.0,False,300000.0,1880118.5,0.0,0.17829213579098377,0.18380632555771523,0.005514189766731459,1.0,10.0,790.0,0.0,25.671960672791926,RUNNING,1.0,False,
0.48610000000000003,0.0,False,300000.0,1880118.5,0.0,0.17740067511202884,0.18288729392992664,0.005486618817897804,1.0,10.0,790.0,0.0,25.671958433106823,RUNNING,1.0,False,
0.4862,0.0,False,300000.0,1880118.5,0.0,0.1765136717364687,0.18197285746027703,0.005459185723808324,1.0,10.0,790.0,0.0,25.671956193428265,RUNNING,1.0,False,
0.4863,0.0,False,300000.0,1880118.5,0.0,0.17563110337778637,0.18106299317297564,0.005431889795189271,1.0,10.0,790.0,0.0,25.671953953756258,RUNNING,1.0,False,
0.4864,0.0,False,300000.0,1880118.5,0.0,0.17475294786089743,0.18015767820711076,0.005404730346213332,1.0,10.0,790.0,0.0,25.67195171409081,RUNNING,1.0,False,
0.48650000000000004,0.0,False,300000.0,1880118.5,0.0,0.17387918312159295,0.1792568898160752,0.005377706694482259,1.0,10.0,790.0,0.0,25.67194947443192,RUNNING,1.0,False,
0.48660000000000003,0.0,False,300000.0,1880118.5,0.0,0.17300978720598498,0.17836060536699483,0.0053508181610098515,1.0,10.0,790.0,0.0,25.671947234779594,RUNNING,1.0,False,
0.4867,0.0,False,300000.0,1880118.5,0.0,0.17214473826995505,0.17746880234015985,0.005324064070204804,1.0,10.0,790.0,0.0,25.67194499513384,RUNNING,1.0,False,
0.4868,0.0,False,300000.0,1880118.5,0.0,0.1712840145786053,0.17658145832845906,0.005297443749853775,1.0,10.0,790.0,0.0,25.67194275549466,RUNNING,1.0,False,
0.4869,0.0,False,300000.0,1880118.5,0.0,0.17042759450571227,0.17569855103681678,0.005270956531104515,1.0,10.0,790.0,0.0,25.671940515862055,RUNNING,1.0,False,
0.48700000000000004,0.0,False,300000.0,1880118.5,0.0,0.1695754565331837,0.1748200582816327,0.005244601748448985,1.0,10.0,790.0,0.0,25.671938276236034,RUNNING,1.0,False,
0.48710000000000003,0.0,False,300000.0,1880118.5,0.0,0.1687275792505178,0.17394595799022453,0.005218378739706736,1.0,10.0,790.0,0.0,25.6719360366166,RUNNING,1.0,False,
0.4872,0.0,False,300000.0,1880118.5,0.0,0.1678839413542652,0.1730762282002734,0.005192286846008198,1.0,10.0,790.0,0.0,25.671933797003756,RUNNING,1.0,False,
0.4873,0.0,False,300000.0,1880118.5,0.0,0.1670445216474939,0.17221084705927206,0.0051663254117781665,1.0,10.0,790.0,0.0,25.67193155739751,RUNNING,1.0,False,
0.4874,0.0,False,300000.0,1880118.5,0.0,0.16620929903925644,0.17134979282397572,0.0051404937847192855,1.0,10.0,790.0,0.0,25.67192931779786,RUNNING,1.0,False,
0.48750000000000004,0.0,False,300000.0,1880118.5,0.0,0.16537825254406016,0.17049304385985584,0.005114791315795675,1.0,10.0,790.0,0.0,25.671927078204817,RUNNING,1.0,False,
0.48760000000000003,0.0,False,300000.0,1880118.5,0.0,0.16455136128133985,0.16964057864055654,0.005089217359216691,1.0,10.0,790.0,0.0,25.671924838618384,RUNNING,1.0,False,
0.4877,0.0,False,300000.0,1880118.5,0.0,0.16372860447493315,0.16879237574735376,0.0050637712724206085,1.0,10.0,790.0,0.0,25.671922599038563,RUNNING,1.0,False,
0.4878,0.0,False,300000.0,1880118.5,0.0,0.16290996145255848,0.167948413868617,0.00503845241605852,1.0,10.0,790.0,0.0,25.671920359465357,RUNNING,1.0,False,
0.4879,0.0,False,300000.0,1880118.5,0.0,0.1620954116452957,0.1671086717992739,0.005013260153978211,1.0,10.0,790.0,0.0,25.671918119898773,RUNNING,1.0,False,
0.48800000000000004,0.0,False,300000.0,1880118.5,0.0,0.16128493458706922,0.16627312844027756,0.004988193853208339,1.0,10.0,790.0,0.0,25.671915880338815,RUNNING,1.0,False,
0.48810000000000003,0.0,False,300000.0,1880118.5,0.0,0.16047850991413387,0.16544176279807615,0.004963252883942282,1.0,10.0,790.0,0.0,25.671913640785487,RUNNING,1.0,False,
0.4882,0.0,False,300000.0,1880118.5,0.0,0.1596761173645632,0.16461455398408578,0.00493843661952259,1.0,10.0,790.0,0.0,25.67191140123879,RUNNING,1.0,False,
0.4883,0.0,False,300000.0,1880118.5,0.0,0.15887773677774036,0.16379148121416534,0.004913744436424977,1.0,10.0,790.0,0.0,25.671909161698736,RUNNING,1.0,False,
0.4884,0.0,False,300000.0,1880118.5,0.0,0.15808334809385166,0.1629725238080945,0.004889175714242827,1.0,10.0,790.0,0.0,25.67190692216532,RUNNING,1.0,False,
0.48850000000000005,0.0,False,300000.0,1880118.5,0.0,0.1572929313533824,0.16215766118905403,0.004864729835671627,1.0,10.0,790.0,0.0,25.67190468263855,RUNNING,1.0,False,
0.48860000000000003,0.0,False,300000.0,1880118.5,0.0,0.1565064666966155,0.16134687288310876,0.004840406186493257,1.0,10.0,790.0,0.0,25.671902443118434,RUNNING,1.0,False,
0.4887,0.0,False,300000.0,1880118.5,0.0,0.15572393436313242,0.16054013851869323,0.004816204155560805,1.0,10.0,790.0,0.0,25.67190020360497,RUNNING,1.0,False,
0.4888,0.0,False,300000.0,1880118.5,0.0,0.15494531469131675,0.15973743782609975,0.0047921231347829996,1.0,10.0,790.0,0.0,25.671897964098164,RUNNING,1.0,False,
0.4889,0.0,False,300000.0,1880118.5,0.0,0.15417058811786016,0.15893875063696924,0.0047681625191090815,1.0,10.0,790.0,0.0,25.67189572459802,RUNNING,1.0,False,
0.48900000000000005,0.0,False,300000.0,1880118.5,0.0,0.15339973517727087,0.1581440568837844,0.004744321706513538,1.0,10.0,790.0,0.0,25.671893485104544,RUNNING,1.0,False,
0.48910000000000003,0.0,False,300000.0,1880118.5,0.0,0.1526327365013845,0.15735333659936548,0.004720600097980976,1.0,10.0,790.0,0.0,25.671891245617736,RUNNING,1.0,False,
0.4892,0.0,False,300000.0,1880118.5,0.0,0.15186957281887759,0.15656656991636864,0.004696997097491051,1.0,10.0,790.0,0.0,25.671889006137604,RUNNING,1.0,False,
0.4893,0.0,False,300000.0,1880118.5,0.0,0.15111022495478318,0.1557837370667868,0.004673512112003619,1.0,10.0,790.0,0.0,25.67188676666415,RUNNING,1.0,False,
0.4894,0.0,False,300000.0,1880118.5,0.0,0.15035467383000928,0.15500481838145286,0.00465014455144358,1.0,10.0,790.0,0.0,25.67188452719738,RUNNING,1.0,False,
0.48950000000000005,0.0,False,300000.0,1880118.5,0.0,0.14960290046085922,0.15422979428954559,0.0046268938286863626,1.0,10.0,790.0,0.0,25.671882287737294,RUNNING,1.0,False,
0.48960000000000004,0.0,False,300000.0,1880118.5,0.0,0.14885488595855492,0.15345864531809786,0.004603759359542936,1.0,10.0,790.0,0.0,25.6718800482839,RUNNING,1.0,False,
0.4897,0.0,False,300000.0,1880118.5,0.0,0.14811061152876215,0.1526913520915074,0.004580740562745239,1.0,10.0,790.0,0.0,25.6718778088372,RUNNING,1.0,False,
0.4898,0.0,False,300000.0,1880118.5,0.0,0.14737005847111834,0.15192789533104983,0.004557836859931497,1.0,10.0,790.0,0.0,25.671875569397194,RUNNING,1.0,False,
0.4899,0.0,False,300000.0,1880118.5,0.0,0.14663320817876274,0.15116825585439458,0.0045350476756318425,1.0,10.0,790.0,0.0,25.67187332996389,RUNNING,1.0,False,
0.49000000000000005,0.0,False,300000.0,1880118.5,0.0,0.14590004213786892,0.1504124145751226,0.004512372437253692,1.0,10.0,790.0,0.0,25.67187109053729,RUNNING,1.0,False,
0.49010000000000004,0.0,False,300000.0,1880118.5,0.0,0.14517054192717957,0.149660352502247,0.004489810575067421,1.0,10.0,790.0,0.0,25.671868851117402,RUNNING,1.0,False,
0.4902,0.0,False,300000.0,1880118.5,0.0,0.14444468921754366,0.14891205073973574,0.00446736152219207,1.0,10.0,790.0,0.0,25.671866611704225,RUNNING,1.0,False,
0.4903,0.0,False,300000.0,1880118.5,0.0,0.14372246577145595,0.14816749048603706,0.004445024714581108,1.0,10.0,790.0,0.0,25.671864372297765,RUNNING,1.0,False,
0.4904,0.0,False,300000.0,1880118.5,0.0,0.14300385344259867,0.14742665303360689,0.00442279959100822,1.0,10.0,790.0,0.0,25.671862132898024,RUNNING,1.0,False,
0.49050000000000005,0.0,False,300000.0,1880118.5,0.0,0.14228883417538568,0.14668951976843886,0.004400685593053177,1.0,10.0,790.0,0.0,25.671859893505008,RUNNING,1.0,False,
0.49060000000000004,0.0,False,300000.0,1880118.5,0.0,0.14157739000450875,0.14595607216959666,0.00437868216508791,1.0,10.0,790.0,0.0,25.67185765411872,RUNNING,1.0,False,
0.4907,0.0,False,300000.0,1880118.5,0.0,0.1408695030544862,0.14522629180874866,0.004356788754262458,1.0,10.0,790.0,0.0,25.671855414739163,RUNNING,1.0,False,
0.4908,0.0,False,300000.0,1880118.5,0.0,0.14016515553921377,0.14450016034970492,0.00433500481049115,1.0,10.0,790.0,0.0,25.67185317536634,RUNNING,1.0,False,
0.4909,0.0,False,300000.0,1880118.5,0.0,0.1394643297615177,0.1437776595479564,0.004313329786438697,1.0,10.0,790.0,0.0,25.671850936000258,RUNNING,1.0,False,
0.49100000000000005,0.0,False,300000.0,1880118.5,0.0,0.13876700811271012,0.14305877125021663,0.00429176313750651,1.0,10.0,790.0,0.0,25.671848696640915,RUNNING,1.0,False,
0.49110000000000004,0.0,False,300000.0,1880118.5,0.0,0.13807317307214656,0.14234347739396552,0.004270304321818963,1.0,10.0,790.0,0.0,25.671846457288318,RUNNING,1.0,False,
0.4912,0.0,False,300000.0,1880118.5,0.0,0.13738280720678583,0.1416317600069957,0.004248952800209871,1.0,10.0,790.0,0.0,25.67184421794247,RUNNING,1.0,False,
0.4913,0.0,False,300000.0,1880118.5,0.0,0.1366958931707519,0.14092360120696074,0.004227708036208838,1.0,10.0,790.0,0.0,25.671841978603375,RUNNING,1.0,False,
0.4914,0.0,False,300000.0,1880118.5,0.0,0.13601241370489814,0.1402189832009259,0.004206569496027768,1.0,10.0,790.0,0.0,25.671839739271036,RUNNING,1.0,False,
0.49150000000000005,0.0,False,300000.0,1880118.5,0.0,0.13533235163637364,0.1395178882849213,0.00418553664854765,1.0,10.0,790.0,0.0,25.671837499945457,RUNNING,1.0,False,
0.49160000000000004,0.0,False,300000.0,1880118.5,0.0,0.13465568987819176,0.13882029884349667,0.004164608965304906,1.0,10.0,790.0,0.0,25.671835260626644,RUNNING,1.0,False,
0.4917,0.0,False,300000.0,1880118.5,0.0,0.1339824114288008,0.13812619734927917,0.004143785920478371,1.0,10.0,790.0,0.0,25.671833021314594,RUNNING,1.0,False,
0.4918,0.0,False,300000.0,1880118.5,0.0,0.1333124993716568,0.13743556636253276,0.004123066990875973,1.0,10.0,790.0,0.0,25.671830782009316,RUNNING,1.0,False,
0.4919,0.0,False,300000.0,1880118.5,0.0,0.1326459368747985,0.1367483885307201,0.004102451655921602,1.0,10.0,790.0,0.0,25.671828542710813,RUNNING,1.0,False,
0.49200000000000005,0.0,False,300000.0,1880118.5,0.0,0.13198270719042451,0.13606464658806652,0.004081939397642009,1.0,10.0,790.0,0.0,25.671826303419085,RUNNING,1.0,False,
0.49210000000000004,0.0,False,300000.0,1880118.5,0.0,0.1313227936544724,0.13538432335512618,0.004061529700653793,1.0,10.0,790.0,0.0,25.67182406413414,RUNNING,1.0,False,
0.4922,0.0,False,300000.0,1880118.5,0.0,0.13066617968620003,0.13470740173835055,0.004041222052150517,1.0,10.0,790.0,0.0,25.671821824855975,RUNNING,1.0,False,
0.4923,0.0,False,300000.0,1880118.5,0.0,0.13001284878776903,0.1340338647296588,0.004021015941889777,1.0,10.0,790.0,0.0,25.6718195855846,RUNNING,1.0,False,
0.4924,0.0,False,300000.0,1880118.5,0.0,0.12936278454383018,0.1333636954060105,0.0040009108621803235,1.0,10.0,790.0,0.0,25.671817346320015,RUNNING,1.0,False,
0.49250000000000005,0.0,False,300000.0,1880118.5,0.0,0.12871597062111104,0.13269687692898047,0.003980906307869431,1.0,10.0,790.0,0.0,25.671815107062226,RUNNING,1.0,False,
0.49260000000000004,0.0,False,300000.0,1880118.5,0.0,0.12807239076800547,0.13203339254433555,0.003961001776330075,1.0,10.0,790.0,0.0,25.671812867811234,RUNNING,1.0,False,
0.4927,0.0,False,300000.0,1880118.5,0.0,0.12743202881416543,0.13137322558161385,0.003941196767448418,1.0,10.0,790.0,0.0,25.67181062856704,RUNNING,1.0,False,
0.4928,0.0,False,300000.0,1880118.5,0.0,0.1267948686700946,0.13071635945370577,0.003921490783611176,1.0,10.0,790.0,0.0,25.67180838932965,RUNNING,1.0,False,
0.4929,0.0,False,300000.0,1880118.5,0.0,0.12616089432674413,0.13006277765643726,0.003901883329693129,1.0,10.0,790.0,0.0,25.67180615009907,RUNNING,1.0,False,
0.49300000000000005,0.0,False,300000.0,1880118.5,0.0,0.1255300898551104,0.12941246376815507,0.003882373913044662,1.0,10.0,790.0,0.0,25.671803910875298,RUNNING,1.0,False,
0.49310000000000004,0.0,False,300000.0,1880118.5,0.0,0.12490243940583486,0.12876540144931428,0.003862962043479426,1.0,10.0,790.0,0.0,25.67180167165834,RUNNING,1.0,False,
0.4932,0.0,False,300000.0,1880118.5,0.0,0.12427792720880568,0.1281215744420677,0.0038436472332620264,1.0,10.0,790.0,0.0,25.6717994324482,RUNNING,1.0,False,
0.4933,0.0,False,300000.0,1880118.5,0.0,0.12365653757276165,0.12748096656985738,0.00382442899709573,1.0,10.0,790.0,0.0,25.67179719324488,RUNNING,1.0,False,
0.4934,0.0,False,300000.0,1880118.5,0.0,0.12303825488489785,0.1268435617370081,0.003805306852110238,1.0,10.0,790.0,0.0,25.671794954048384,RUNNING,1.0,False,
0.49350000000000005,0.0,False,300000.0,1880118.5,0.0,0.12242306361047336,0.12620934392832306,0.003786280317849694,1.0,10.0,790.0,0.0,25.671792714858714,RUNNING,1.0,False,
0.49360000000000004,0.0,False,300000.0,1880118.5,0.0,0.12181094829242099,0.12557829720868144,0.003767348916260446,1.0,10.0,790.0,0.0,25.671790475675873,RUNNING,1.0,False,
0.4937,0.0,False,300000.0,1880118.5,0.0,0.12120189355095888,0.12495040572263802,0.0037485121716791386,1.0,10.0,790.0,0.0,25.671788236499864,RUNNING,1.0,False,
0.4938,0.0,False,300000.0,1880118.5,0.0,0.12059588408320408,0.12432565369402483,0.003729769610820749,1.0,10.0,790.0,0.0,25.671785997330694,RUNNING,1.0,False,
0.4939,0.0,False,300000.0,1880118.5,0.0,0.11999290466278806,0.1237040254255547,0.00371112076276664,1.0,10.0,790.0,0.0,25.671783758168363,RUNNING,1.0,False,
0.49400000000000005,0.0,False,300000.0,1880118.5,0.0,0.11939294013947412,0.12308550529842693,0.003692565158952818,1.0,10.0,790.0,0.0,25.671781519012875,RUNNING,1.0,False,
0.49410000000000004,0.0,False,300000.0,1880118.5,0.0,0.11879597543877675,0.12247007777193479,0.0036741023331580414,1.0,10.0,790.0,0.0,25.67177927986423,RUNNING,1.0,False,
0.49420000000000003,0.0,False,300000.0,1880118.5,0.0,0.11820199556158287,0.12185772738307513,0.0036557318214922585,1.0,10.0,790.0,0.0,25.671777040722432,RUNNING,1.0,False,
0.4943,0.0,False,300000.0,1880118.5,0.0,0.11761098558377496,0.12124843874615976,0.003637453162384799,1.0,10.0,790.0,0.0,25.67177480158749,RUNNING,1.0,False,
0.4944,0.0,False,300000.0,1880118.5,0.0,0.11702293065585609,0.12064219655242896,0.003619265896572868,1.0,10.0,790.0,0.0,25.6717725624594,RUNNING,1.0,False,
0.49450000000000005,0.0,False,300000.0,1880118.5,0.0,0.11643781600257681,0.12003898556966681,0.0036011695670900012,1.0,10.0,790.0,0.0,25.671770323338166,RUNNING,1.0,False,
0.49460000000000004,0.0,False,300000.0,1880118.5,0.0,0.11585562692256393,0.11943879064181849,0.003583163719254559,1.0,10.0,790.0,0.0,25.671768084223793,RUNNING,1.0,False,
0.49470000000000003,0.0,False,300000.0,1880118.5,0.0,0.11527634878795111,0.1188415966886094,0.0035652479006582916,1.0,10.0,790.0,0.0,25.671765845116283,RUNNING,1.0,False,
0.4948,0.0,False,300000.0,1880118.5,0.0,0.11469996704401135,0.11824738870516634,0.003547421661154987,1.0,10.0,790.0,0.0,25.67176360601564,RUNNING,1.0,False,
0.4949,0.0,False,300000.0,1880118.5,0.0,0.1141264672087913,0.11765615176164052,0.003529684552849216,1.0,10.0,790.0,0.0,25.671761366921867,RUNNING,1.0,False,
0.49500000000000005,0.0,False,300000.0,1880118.5,0.0,0.11355583487274734,0.11706787100283231,0.0035120361300849667,1.0,10.0,790.0,0.0,25.671759127834967,RUNNING,1.0,False,
0.49510000000000004,0.0,False,300000.0,1880118.5,0.0,0.1129880556983836,0.11648253164781815,0.0034944759494345418,1.0,10.0,790.0,0.0,25.671756888754942,RUNNING,1.0,False,
0.49520000000000003,0.0,False,300000.0,1880118.5,0.0,0.11242311541989168,0.11590011898957905,0.003477003569687373,1.0,10.0,790.0,0.0,25.671754649681795,RUNNING,1.0,False,
0.4953,0.0,False,300000.0,1880118.5,0.0,0.11186099984279223,0.11532061839463116,0.0034596185518389333,1.0,10.0,790.0,0.0,25.67175241061553,RUNNING,1.0,False,
0.4954,0.0,False,300000.0,1880118.5,0.0,0.11130169484357827,0.11474401530265801,0.003442320459079745,1.0,10.0,790.0,0.0,25.67175017155615,RUNNING,1.0,False,
0.4955,0.0,False,300000.0,1880118.5,0.0,0.11074518636936037,0.11417029522614472,0.003425108856784348,1.0,10.0,790.0,0.0,25.671747932503653,RUNNING,1.0,False,
0.49560000000000004,0.0,False,300000.0,1880118.5,0.0,0.11019146043751357,0.11359944375001399,0.0034079833125004177,1.0,10.0,790.0,0.0,25.67174569345805,RUNNING,1.0,False,
0.49570000000000003,0.0,False,300000.0,1880118.5,0.0,0.109640503135326,0.11303144653126392,0.003390943395937915,1.0,10.0,790.0,0.0,25.67174345441934,RUNNING,1.0,False,
0.4958,0.0,False,300000.0,1880118.5,0.0,0.10909230061964938,0.11246628929860761,0.0033739886789582313,1.0,10.0,790.0,0.0,25.671741215387524,RUNNING,1.0,False,
0.4959,0.0,False,300000.0,1880118.5,0.0,0.10854683911655114,0.11190395785211457,0.0033571187355634358,1.0,10.0,790.0,0.0,25.671738976362604,RUNNING,1.0,False,
0.496,0.0,False,300000.0,1880118.5,0.0,0.10800410492096837,0.111344438062854,0.003340333141885629,1.0,10.0,790.0,0.0,25.671736737344588,RUNNING,1.0,False,
0.49610000000000004,0.0,False,300000.0,1880118.5,0.0,0.10746408439636353,0.11078771587253972,0.0033236314761761893,1.0,10.0,790.0,0.0,25.671734498333475,RUNNING,1.0,False,
0.49620000000000003,0.0,False,300000.0,1880118.5,0.0,0.10692676397438171,0.11023377729317702,0.003307013318795307,1.0,10.0,790.0,0.0,25.671732259329268,RUNNING,1.0,False,
0.4963,0.0,False,300000.0,1880118.5,0.0,0.1063921301545098,0.10968260840671114,0.0032904782522013426,1.0,10.0,790.0,0.0,25.67173002033197,RUNNING,1.0,False,
0.4964,0.0,False,300000.0,1880118.5,0.0,0.10586016950373725,0.10913419536467758,0.0032740258609403328,1.0,10.0,790.0,0.0,25.671727781341584,RUNNING,1.0,False,
0.4965,0.0,False,300000.0,1880118.5,0.0,0.10533086865621856,0.10858852438785419,0.0032576557316356253,1.0,10.0,790.0,0.0,25.671725542358114,RUNNING,1.0,False,
0.49660000000000004,0.0,False,300000.0,1880118.5,0.0,0.10480421431293746,0.10804558176591492,0.003241367452977456,1.0,10.0,790.0,0.0,25.67172330338156,RUNNING,1.0,False,
0.49670000000000003,0.0,False,300000.0,1880118.5,0.0,0.10428019324137278,0.10750535385708535,0.003225160615712569,1.0,10.0,790.0,0.0,25.67172106441193,RUNNING,1.0,False,
0.4968,0.0,False,300000.0,1880118.5,0.0,0.1037587922751659,0.10696782708779991,0.0032090348126340013,1.0,10.0,790.0,0.0,25.671718825449222,RUNNING,1.0,False,
0.4969,0.0,False,300000.0,1880118.5,0.0,0.10323999831379008,0.1064329879523609,0.0031929896385708284,1.0,10.0,790.0,0.0,25.67171658649344,RUNNING,1.0,False,
0.497,0.0,False,300000.0,1880118.5,0.0,0.10272379832222113,0.10590082301259911,0.0031770246903779775,1.0,10.0,790.0,0.0,25.671714347544583,RUNNING,1.0,False,
0.49710000000000004,0.0,False,300000.0,1880118.5,0.0,0.10221017933061002,0.1053713188975361,0.0031611395669260828,1.0,10.0,790.0,0.0,25.67171210860266,RUNNING,1.0,False,
0.49720000000000003,0.0,False,300000.0,1880118.5,0.0,0.10169912843395697,0.10484446230304842,0.0031453338690914517,1.0,10.0,790.0,0.0,25.67170986966767,RUNNING,1.0,False,
0.4973,0.0,False,300000.0,1880118.5,0.0,0.10119063279178718,0.10432023999153318,0.003129607199746004,1.0,10.0,790.0,0.0,25.671707630739615,RUNNING,1.0,False,
0.4974,0.0,False,300000.0,1880118.5,0.0,0.10068467962782825,0.10379863879157551,0.0031139591637472652,1.0,10.0,790.0,0.0,25.6717053918185,RUNNING,1.0,False,
0.4975,0.0,False,300000.0,1880118.5,0.0,0.10018125622968911,0.10327964559761764,0.003098389367928528,1.0,10.0,790.0,0.0,25.671703152904325,RUNNING,1.0,False,
0.49760000000000004,0.0,False,300000.0,1880118.5,0.0,0.09968034994854066,0.10276324736962955,0.003082897421088887,1.0,10.0,790.0,0.0,25.671700913997096,RUNNING,1.0,False,
0.49770000000000003,0.0,False,300000.0,1880118.5,0.0,0.09918194819879796,0.1022494311327814,0.0030674829339834425,1.0,10.0,790.0,0.0,25.671698675096813,RUNNING,1.0,False,
0.4978,0.0,False,300000.0,1880118.5,0.0,0.09868603845780397,0.1017381839771175,0.003052145519313529,1.0,10.0,790.0,0.0,25.67169643620348,RUNNING,1.0,False,
0.4979,0.0,False,300000.0,1880118.5,0.0,0.09819260826551494,0.1012294930572319,0.0030368847917169595,1.0,10.0,790.0,0.0,25.6716941973171,RUNNING,1.0,False,
0.498,0.0,False,300000.0,1880118.5,0.0,0.09770164522418737,0.10072334559194575,0.0030217003677583815,1.0,10.0,790.0,0.0,25.67169195843767,RUNNING,1.0,False,
0.49810000000000004,0.0,False,300000.0,1880118.5,0.0,0.09721313699806643,0.10021972886398602,0.003006591865919589,1.0,10.0,790.0,0.0,25.671689719565197,RUNNING,1.0,False,
0.49820000000000003,0.0,False,300000.0,1880118.5,0.0,0.09672707131307609,0.09971863021966608,0.002991558906589989,1.0,10.0,790.0,0.0,25.671687480699685,RUNNING,1.0,False,
0.4983,0.0,False,300000.0,1880118.5,0.0,0.0962434359565107,0.09922003706856775,0.0029766011120570396,1.0,10.0,790.0,0.0,25.671685241841136,RUNNING,1.0,False,
0.4984,0.0,False,300000.0,1880118.5,0.0,0.09576221877672815,0.0987239368832249,0.002961718106496744,1.0,10.0,790.0,0.0,25.67168300298955,RUNNING,1.0,False,
0.4985,0.0,False,300000.0,1880118.5,0.0,0.0952834076828445,0.09823031719880877,0.002946909515964269,1.0,10.0,790.0,0.0,25.67168076414493,RUNNING,1.0,False,
0.49860000000000004,0.0,False,300000.0,1880118.5,0.0,0.09480699064443028,0.09773916561281472,0.002932174968384438,1.0,10.0,790.0,0.0,25.671678525307282,RUNNING,1.0,False,
0.49870000000000003,0.0,False,300000.0,1880118.5,0.0,0.09433295569120813,0.09725046978475065,0.002917514093542517,1.0,10.0,790.0,0.0,25.671676286476604,RUNNING,1.0,False,
0.4988,0.0,False,300000.0,1880118.5,0.0,0.09386129091275208,0.09676421743582689,0.002902926523074806,1.0,10.0,790.0,0.0,25.6716740476529,RUNNING,1.0,False,
0.4989,0.0,False,300000.0,1880118.5,0.0,0.09339198445818832,0.09628039634864775,0.002888411890459436,1.0,10.0,790.0,0.0,25.671671808836173,RUNNING,1.0,False,
0.499,0.0,False,300000.0,1880118.5,0.0,0.09292502453589738,0.09579899436690452,0.002873969831007142,1.0,10.0,790.0,0.0,25.671669570026424,RUNNING,1.0,False,
0.49910000000000004,0.0,False,300000.0,1880118.5,0.0,0.09246039941321789,0.09531999939507,0.002859599981852104,1.0,10.0,790.0,0.0,25.671667331223656,RUNNING,1.0,False,
0.49920000000000003,0.0,False,300000.0,1880118.5,0.0,0.0919980974161518,0.09484339939809464,0.002845301981942841,1.0,10.0,790.0,0.0,25.671665092427872,RUNNING,1.0,False,
0.4993,0.0,False,300000.0,1880118.5,0.0,0.09153810692907104,0.09436918240110416,0.0028310754720331233,1.0,10.0,790.0,0.0,25.671662853639074,RUNNING,1.0,False,
0.4994,0.0,False,300000.0,1880118.5,0.0,0.09108041639442568,0.09389733648909865,0.0028169200946729644,1.0,10.0,790.0,0.0,25.671660614857263,RUNNING,1.0,False,
0.4995,0.0,False,300000.0,1880118.5,0.0,0.09062501431245355,0.09342784980665315,0.0028028354941996014,1.0,10.0,790.0,0.0,25.671658376082444,RUNNING,1.0,False,
0.49960000000000004,0.0,False,300000.0,1880118.5,0.0,0.09017188924089128,0.09296071055761988,0.0027888213167285986,1.0,10.0,790.0,0.0,25.671656137314617,RUNNING,1.0,False,
0.49970000000000003,0.0,False,300000.0,1880118.5,0.0,0.08972102979468682,0.09249590700483178,0.002774877210144952,1.0,10.0,790.0,0.0,25.671653898553785,RUNNING,1.0,False,
0.4998,0.0,False,300000.0,1880118.5,0.0,0.08927242464571339,0.09203342746980762,0.002761002824094236,1.0,10.0,790.0,0.0,25.671651659799952,RUNNING,1.0,False,
0.4999,0.0,False,300000.0,1880118.5,0.0,0.08882606252248482,0.09157326033245858,0.0027471978099737615,1.0,10.0,790.0,0.0,25.671649421053118,RUNNING,1.0,False,
